inventory_id,store_id,sku_id,system_stock,physical_stock,damaged_stock,reserved_stock,reorder_level,inventory_check_date
1,1,1342,124,121,3,10,34,2026-06-30
2,1,1371,262,266,5,9,34,2026-06-30
3,1,1082,168,168,8,13,57,2026-06-30
4,1,1089,233,224,2,9,59,2026-06-30
5,1,1104,398,408,1,14,22,2026-06-30
6,1,1162,133,139,3,3,39,2026-06-30
7,1,1099,136,132,5,10,25,2026-06-30
8,1,1254,58,61,8,3,34,2026-06-30
9,1,1363,394,388,0,6,56,2026-06-30
10,1,1231,355,359,3,8,55,2026-06-30
11,1,1481,75,67,4,17,48,2026-06-30
12,1,1307,371,379,7,6,46,2026-06-30
13,1,1419,75,80,4,4,23,2026-06-30
14,1,1181,384,375,2,5,47,2026-06-30
15,1,1063,53,62,8,5,31,2026-06-30
16,1,1071,214,204,0,4,45,2026-06-30
17,1,1121,251,244,7,8,35,2026-06-30
18,1,1378,309,299,1,1,54,2026-06-30
19,1,1164,73,69,8,16,20,2026-06-30
20,1,1263,173,169,7,11,38,2026-06-30
21,1,1005,138,138,1,20,42,2026-06-30
22,1,1076,120,116,7,7,37,2026-06-30
23,1,1127,209,203,2,9,30,2026-06-30
24,1,1298,173,180,1,9,40,2026-06-30
25,1,1288,303,303,1,9,50,2026-06-30
26,1,1025,135,125,4,2,30,2026-06-30
27,1,1007,258,259,4,13,40,2026-06-30
28,1,1198,331,327,6,19,26,2026-06-30
29,1,1326,94,101,2,20,35,2026-06-30
30,1,1038,346,356,2,18,44,2026-06-30
31,1,1032,250,242,6,2,32,2026-06-30
32,1,1297,381,382,6,0,36,2026-06-30
33,1,1014,338,338,0,6,55,2026-06-30
34,1,1095,236,229,3,0,33,2026-06-30
35,1,1405,295,295,5,7,23,2026-06-30
36,1,1462,191,195,6,20,28,2026-06-30
37,1,1009,168,160,2,17,58,2026-06-30
38,1,1167,291,284,8,0,54,2026-06-30
39,1,1323,365,370,8,20,55,2026-06-30
40,1,1302,226,235,1,11,36,2026-06-30
41,1,1440,96,98,3,2,35,2026-06-30
42,1,1222,119,110,0,15,28,2026-06-30
43,1,1333,372,369,5,3,49,2026-06-30
44,1,1020,112,116,8,6,58,2026-06-30
45,1,1053,185,182,4,20,33,2026-06-30
46,1,1286,242,233,3,1,21,2026-06-30
47,1,1377,346,349,0,9,22,2026-06-30
48,1,1043,264,254,0,19,28,2026-06-30
49,1,1356,309,307,8,0,23,2026-06-30
50,1,1056,218,215,1,20,34,2026-06-30
51,1,1084,223,223,7,6,25,2026-06-30
52,1,1183,377,380,2,10,31,2026-06-30
53,1,1275,149,152,7,20,51,2026-06-30
54,1,1086,312,302,1,6,21,2026-06-30
55,1,1218,235,234,1,19,46,2026-06-30
56,1,1103,176,184,8,18,52,2026-06-30
57,1,1152,264,272,3,3,58,2026-06-30
58,1,1423,90,84,1,11,59,2026-06-30
59,1,1441,121,122,1,2,47,2026-06-30
60,1,1165,245,236,3,11,30,2026-06-30
61,1,1257,352,352,1,18,45,2026-06-30
62,1,1252,143,139,8,7,37,2026-06-30
63,1,1158,361,354,3,17,55,2026-06-30
64,1,1308,126,128,4,13,35,2026-06-30
65,1,1499,102,99,4,10,39,2026-06-30
66,1,1207,97,103,8,5,28,2026-06-30
67,1,1325,147,144,4,6,46,2026-06-30
68,1,1109,371,361,5,19,57,2026-06-30
69,1,1381,106,104,8,19,20,2026-06-30
70,1,1457,331,321,7,13,35,2026-06-30
71,1,1399,169,167,0,15,41,2026-06-30
72,1,1305,73,72,7,0,43,2026-06-30
73,1,1485,94,90,6,10,55,2026-06-30
74,1,1037,63,71,4,10,33,2026-06-30
75,1,1069,56,49,0,20,48,2026-06-30
76,1,1469,345,346,8,17,47,2026-06-30
77,1,1327,119,114,2,1,48,2026-06-30
78,1,1468,263,267,2,0,60,2026-06-30
79,1,1195,120,123,8,1,28,2026-06-30
80,1,1279,256,262,6,13,22,2026-06-30
81,1,1159,279,278,8,6,44,2026-06-30
82,1,1187,235,233,4,4,28,2026-06-30
83,1,1486,146,140,8,14,27,2026-06-30
84,1,1239,107,98,1,3,59,2026-06-30
85,1,1451,142,150,4,19,44,2026-06-30
86,1,1340,274,270,5,15,49,2026-06-30
87,1,1364,180,182,0,4,30,2026-06-30
88,1,1146,330,323,0,17,56,2026-06-30
89,1,1062,248,243,5,20,42,2026-06-30
90,1,1238,178,186,6,8,54,2026-06-30
91,1,1232,60,56,3,0,36,2026-06-30
92,1,1029,199,207,5,14,23,2026-06-30
93,1,1111,377,386,3,14,26,2026-06-30
94,1,1299,330,340,4,4,49,2026-06-30
95,1,1189,57,63,8,10,44,2026-06-30
96,1,1348,296,296,0,20,21,2026-06-30
97,1,1386,162,153,7,9,60,2026-06-30
98,1,1030,238,229,0,2,40,2026-06-30
99,1,1396,352,358,7,11,44,2026-06-30
100,1,1224,190,188,5,15,38,2026-06-30
101,1,1376,51,43,6,0,57,2026-06-30
102,1,1088,106,113,4,15,48,2026-06-30
103,1,1270,120,112,7,6,27,2026-06-30
104,1,1212,400,395,8,17,49,2026-06-30
105,1,1312,386,388,2,10,25,2026-06-30
106,1,1491,153,160,7,0,22,2026-06-30
107,1,1391,109,100,1,3,27,2026-06-30
108,1,1199,105,110,8,0,48,2026-06-30
109,1,1415,329,319,5,9,49,2026-06-30
110,1,1048,77,76,7,5,29,2026-06-30
111,1,1448,171,161,7,13,33,2026-06-30
112,1,1067,144,137,7,11,48,2026-06-30
113,1,1293,214,221,6,18,53,2026-06-30
114,1,1184,235,238,1,1,43,2026-06-30
115,1,1352,333,338,6,17,56,2026-06-30
116,1,1281,369,362,6,20,57,2026-06-30
117,1,1210,153,150,1,1,32,2026-06-30
118,1,1320,381,374,6,20,23,2026-06-30
119,1,1116,260,254,0,13,49,2026-06-30
120,1,1101,58,65,8,15,21,2026-06-30
121,1,1408,170,171,8,19,46,2026-06-30
122,1,1021,222,223,2,15,26,2026-06-30
123,1,1409,150,159,2,17,49,2026-06-30
124,1,1090,251,248,2,5,53,2026-06-30
125,1,1292,95,105,1,12,45,2026-06-30
126,1,1194,118,122,4,19,23,2026-06-30
127,1,1373,300,290,6,6,56,2026-06-30
128,1,1027,342,351,7,5,48,2026-06-30
129,1,1476,304,301,3,14,31,2026-06-30
130,1,1474,155,150,5,10,49,2026-06-30
131,1,1421,57,61,4,8,41,2026-06-30
132,1,1031,91,88,0,6,22,2026-06-30
133,1,1016,303,309,0,13,45,2026-06-30
134,1,1144,294,295,2,18,47,2026-06-30
135,1,1081,159,160,0,17,49,2026-06-30
136,1,1374,151,158,0,6,42,2026-06-30
137,1,1461,242,236,3,1,58,2026-06-30
138,1,1193,168,158,8,2,32,2026-06-30
139,1,1265,143,144,8,18,38,2026-06-30
140,1,1259,77,70,2,10,46,2026-06-30
141,1,1437,306,315,2,0,28,2026-06-30
142,1,1105,104,99,6,6,41,2026-06-30
143,1,1497,85,81,1,10,29,2026-06-30
144,1,1068,181,190,3,8,60,2026-06-30
145,1,1260,286,286,2,15,58,2026-06-30
146,1,1432,318,314,7,20,60,2026-06-30
147,1,1395,216,212,6,2,53,2026-06-30
148,1,1221,325,317,5,6,21,2026-06-30
149,1,1351,107,116,0,0,51,2026-06-30
150,1,1344,285,279,0,0,45,2026-06-30
151,2,1054,100,105,6,7,56,2026-06-30
152,2,1376,62,59,6,4,44,2026-06-30
153,2,1103,392,394,5,8,25,2026-06-30
154,2,1388,156,162,5,2,58,2026-06-30
155,2,1486,387,386,3,19,42,2026-06-30
156,2,1177,270,273,6,8,58,2026-06-30
157,2,1389,130,134,3,8,52,2026-06-30
158,2,1353,183,191,1,12,24,2026-06-30
159,2,1110,198,197,7,20,59,2026-06-30
160,2,1142,113,103,7,20,35,2026-06-30
161,2,1427,88,84,5,1,26,2026-06-30
162,2,1071,293,297,2,13,54,2026-06-30
163,2,1114,79,76,2,12,48,2026-06-30
164,2,1498,225,217,2,15,43,2026-06-30
165,2,1236,238,238,2,11,59,2026-06-30
166,2,1059,197,189,4,0,54,2026-06-30
167,2,1008,290,284,7,20,59,2026-06-30
168,2,1302,288,293,8,0,34,2026-06-30
169,2,1441,270,275,2,16,50,2026-06-30
170,2,1134,298,302,5,16,20,2026-06-30
171,2,1170,167,169,5,6,58,2026-06-30
172,2,1119,304,294,7,16,51,2026-06-30
173,2,1146,343,336,1,6,50,2026-06-30
174,2,1038,359,361,1,11,49,2026-06-30
175,2,1241,364,354,8,9,29,2026-06-30
176,2,1227,390,390,2,19,56,2026-06-30
177,2,1235,78,86,5,14,21,2026-06-30
178,2,1370,95,91,7,7,55,2026-06-30
179,2,1293,309,304,4,1,22,2026-06-30
180,2,1283,339,335,1,8,52,2026-06-30
181,2,1175,163,171,6,18,39,2026-06-30
182,2,1301,302,295,1,17,30,2026-06-30
183,2,1404,198,203,2,1,21,2026-06-30
184,2,1452,304,308,3,13,24,2026-06-30
185,2,1072,395,392,1,18,51,2026-06-30
186,2,1228,59,65,7,3,27,2026-06-30
187,2,1225,301,298,2,18,46,2026-06-30
188,2,1466,304,310,8,3,55,2026-06-30
189,2,1014,91,82,0,10,50,2026-06-30
190,2,1239,213,205,8,17,51,2026-06-30
191,2,1162,216,223,3,17,20,2026-06-30
192,2,1306,296,299,4,2,34,2026-06-30
193,2,1012,76,86,8,7,36,2026-06-30
194,2,1268,83,75,6,8,45,2026-06-30
195,2,1305,330,326,2,0,40,2026-06-30
196,2,1121,138,132,5,11,33,2026-06-30
197,2,1377,344,349,4,16,52,2026-06-30
198,2,1285,355,356,6,12,55,2026-06-30
199,2,1497,327,328,7,15,43,2026-06-30
200,2,1067,380,374,6,6,22,2026-06-30
201,2,1375,126,132,2,15,50,2026-06-30
202,2,1231,367,371,1,20,59,2026-06-30
203,2,1397,143,135,0,7,26,2026-06-30
204,2,1490,298,305,2,6,34,2026-06-30
205,2,1085,115,108,6,11,30,2026-06-30
206,2,1131,74,66,1,1,32,2026-06-30
207,2,1402,241,238,8,13,26,2026-06-30
208,2,1057,296,306,1,12,53,2026-06-30
209,2,1288,127,123,7,15,27,2026-06-30
210,2,1005,186,193,7,14,60,2026-06-30
211,2,1384,112,119,3,12,47,2026-06-30
212,2,1371,300,310,5,13,20,2026-06-30
213,2,1198,349,341,0,6,40,2026-06-30
214,2,1143,159,155,4,5,27,2026-06-30
215,2,1284,168,174,1,2,22,2026-06-30
216,2,1048,268,269,5,13,59,2026-06-30
217,2,1218,197,190,3,19,22,2026-06-30
218,2,1465,246,242,2,20,38,2026-06-30
219,2,1416,202,209,8,16,39,2026-06-30
220,2,1300,397,401,4,16,60,2026-06-30
221,2,1155,322,319,0,17,58,2026-06-30
222,2,1053,386,381,3,10,35,2026-06-30
223,2,1214,207,204,6,1,22,2026-06-30
224,2,1221,184,175,8,13,56,2026-06-30
225,2,1277,361,354,3,3,26,2026-06-30
226,2,1251,400,399,2,0,43,2026-06-30
227,2,1489,267,263,1,0,38,2026-06-30
228,2,1447,346,350,4,19,21,2026-06-30
229,2,1152,339,344,2,17,28,2026-06-30
230,2,1399,162,159,2,18,56,2026-06-30
231,2,1208,382,389,7,4,58,2026-06-30
232,2,1355,329,320,4,13,29,2026-06-30
233,2,1450,237,240,4,1,39,2026-06-30
234,2,1117,357,348,3,2,53,2026-06-30
235,2,1027,288,298,7,19,26,2026-06-30
236,2,1299,115,123,7,0,26,2026-06-30
237,2,1456,248,257,7,18,26,2026-06-30
238,2,1035,291,283,1,15,24,2026-06-30
239,2,1460,139,140,1,12,29,2026-06-30
240,2,1149,61,62,6,6,45,2026-06-30
241,2,1483,298,289,2,18,39,2026-06-30
242,2,1006,378,374,8,12,46,2026-06-30
243,2,1252,72,79,6,7,59,2026-06-30
244,2,1356,254,258,5,3,60,2026-06-30
245,2,1147,365,367,7,8,58,2026-06-30
246,2,1116,228,224,5,2,50,2026-06-30
247,2,1130,164,162,8,17,49,2026-06-30
248,2,1017,255,257,4,12,23,2026-06-30
249,2,1030,59,68,6,3,32,2026-06-30
250,2,1314,146,145,0,8,56,2026-06-30
251,2,1405,168,167,1,3,52,2026-06-30
252,2,1368,233,226,7,9,38,2026-06-30
253,2,1150,353,345,3,15,24,2026-06-30
254,2,1434,223,232,0,16,42,2026-06-30
255,2,1249,68,67,8,13,47,2026-06-30
256,2,1406,147,146,3,20,40,2026-06-30
257,2,1380,133,131,0,19,20,2026-06-30
258,2,1395,165,165,7,9,26,2026-06-30
259,2,1480,72,77,2,5,42,2026-06-30
260,2,1091,295,304,8,19,41,2026-06-30
261,2,1056,370,363,4,1,37,2026-06-30
262,2,1270,385,387,6,17,20,2026-06-30
263,2,1354,228,233,3,20,34,2026-06-30
264,2,1232,286,285,6,1,38,2026-06-30
265,2,1338,323,321,7,11,44,2026-06-30
266,2,1267,204,206,0,15,26,2026-06-30
267,2,1280,58,54,0,11,59,2026-06-30
268,2,1055,115,108,2,2,60,2026-06-30
269,2,1031,203,202,6,4,41,2026-06-30
270,2,1360,246,256,4,12,32,2026-06-30
271,2,1195,58,48,0,12,57,2026-06-30
272,2,1140,54,47,6,9,41,2026-06-30
273,2,1276,298,301,8,14,20,2026-06-30
274,2,1424,271,266,2,8,60,2026-06-30
275,2,1392,329,326,0,3,41,2026-06-30
276,2,1469,323,313,2,19,47,2026-06-30
277,2,1040,355,346,7,15,60,2026-06-30
278,2,1201,261,258,2,6,42,2026-06-30
279,2,1350,140,142,7,9,40,2026-06-30
280,2,1097,121,123,4,8,48,2026-06-30
281,2,1282,378,369,2,18,44,2026-06-30
282,2,1433,184,186,5,3,43,2026-06-30
283,2,1166,257,251,6,4,38,2026-06-30
284,2,1009,196,190,0,5,60,2026-06-30
285,2,1197,252,255,4,16,55,2026-06-30
286,2,1224,266,260,8,17,56,2026-06-30
287,2,1287,204,203,1,18,43,2026-06-30
288,2,1463,319,321,7,3,24,2026-06-30
289,2,1219,142,135,7,2,26,2026-06-30
290,2,1207,313,305,3,18,32,2026-06-30
291,2,1190,195,188,8,19,32,2026-06-30
292,2,1328,255,257,2,18,30,2026-06-30
293,2,1082,349,355,1,6,45,2026-06-30
294,2,1484,362,371,8,18,45,2026-06-30
295,2,1332,229,221,5,5,59,2026-06-30
296,2,1090,253,250,3,14,37,2026-06-30
297,2,1346,54,51,7,14,31,2026-06-30
298,2,1393,337,338,2,16,45,2026-06-30
299,2,1340,381,373,8,15,33,2026-06-30
300,2,1420,129,133,6,4,42,2026-06-30
301,3,1421,216,226,4,8,55,2026-06-30
302,3,1208,53,50,7,8,43,2026-06-30
303,3,1341,353,356,7,0,59,2026-06-30
304,3,1496,73,66,7,16,36,2026-06-30
305,3,1212,202,203,8,1,41,2026-06-30
306,3,1409,130,136,5,15,24,2026-06-30
307,3,1484,173,179,6,17,49,2026-06-30
308,3,1431,237,227,1,9,60,2026-06-30
309,3,1253,87,89,6,12,50,2026-06-30
310,3,1015,111,108,0,0,53,2026-06-30
311,3,1254,80,83,3,15,53,2026-06-30
312,3,1246,320,311,2,19,38,2026-06-30
313,3,1059,227,221,0,8,32,2026-06-30
314,3,1147,273,267,5,5,49,2026-06-30
315,3,1167,194,184,0,15,37,2026-06-30
316,3,1425,117,107,1,19,50,2026-06-30
317,3,1399,150,150,2,20,50,2026-06-30
318,3,1109,332,324,5,8,44,2026-06-30
319,3,1460,283,293,6,18,43,2026-06-30
320,3,1184,231,239,6,2,52,2026-06-30
321,3,1371,311,305,3,16,52,2026-06-30
322,3,1006,375,371,5,7,49,2026-06-30
323,3,1386,106,98,0,17,39,2026-06-30
324,3,1029,264,271,5,1,43,2026-06-30
325,3,1340,101,92,2,2,42,2026-06-30
326,3,1401,347,356,2,15,54,2026-06-30
327,3,1343,101,105,0,9,33,2026-06-30
328,3,1305,74,73,4,3,53,2026-06-30
329,3,1160,179,169,4,6,36,2026-06-30
330,3,1486,241,241,4,0,48,2026-06-30
331,3,1011,53,62,4,6,37,2026-06-30
332,3,1288,51,45,5,8,22,2026-06-30
333,3,1080,364,356,6,8,46,2026-06-30
334,3,1060,119,117,3,9,50,2026-06-30
335,3,1094,373,366,2,16,28,2026-06-30
336,3,1293,334,331,1,17,39,2026-06-30
337,3,1130,281,272,1,8,44,2026-06-30
338,3,1491,276,286,7,15,54,2026-06-30
339,3,1449,244,244,5,2,24,2026-06-30
340,3,1313,381,375,1,11,21,2026-06-30
341,3,1468,159,158,8,1,34,2026-06-30
342,3,1018,71,77,5,13,32,2026-06-30
343,3,1096,188,191,0,16,50,2026-06-30
344,3,1124,118,123,1,2,30,2026-06-30
345,3,1392,382,392,4,8,47,2026-06-30
346,3,1214,98,98,4,10,43,2026-06-30
347,3,1095,389,384,3,10,50,2026-06-30
348,3,1260,328,333,4,13,37,2026-06-30
349,3,1017,184,184,0,13,38,2026-06-30
350,3,1283,360,354,4,8,51,2026-06-30
351,3,1495,285,289,8,14,38,2026-06-30
352,3,1261,324,321,4,0,55,2026-06-30
353,3,1476,381,380,7,8,23,2026-06-30
354,3,1295,366,361,7,16,39,2026-06-30
355,3,1071,374,367,7,12,38,2026-06-30
356,3,1045,372,375,3,13,32,2026-06-30
357,3,1352,56,59,1,6,20,2026-06-30
358,3,1043,288,283,5,4,41,2026-06-30
359,3,1050,133,123,0,5,44,2026-06-30
360,3,1002,374,370,0,5,33,2026-06-30
361,3,1031,96,98,6,4,35,2026-06-30
362,3,1113,227,223,1,2,49,2026-06-30
363,3,1116,346,350,5,18,54,2026-06-30
364,3,1492,271,270,3,14,27,2026-06-30
365,3,1346,215,208,3,2,51,2026-06-30
366,3,1090,370,376,3,0,27,2026-06-30
367,3,1168,282,273,3,10,25,2026-06-30
368,3,1171,252,260,6,17,53,2026-06-30
369,3,1028,291,284,2,13,29,2026-06-30
370,3,1363,207,199,7,7,55,2026-06-30
371,3,1036,169,171,7,10,24,2026-06-30
372,3,1023,296,298,3,7,40,2026-06-30
373,3,1174,102,99,4,1,27,2026-06-30
374,3,1198,366,359,1,9,25,2026-06-30
375,3,1217,162,158,1,19,20,2026-06-30
376,3,1039,188,190,0,20,28,2026-06-30
377,3,1183,204,197,7,0,43,2026-06-30
378,3,1426,379,381,3,10,40,2026-06-30
379,3,1195,341,331,2,7,45,2026-06-30
380,3,1110,381,375,2,19,40,2026-06-30
381,3,1051,287,283,1,19,29,2026-06-30
382,3,1296,284,283,8,12,41,2026-06-30
383,3,1249,297,299,2,6,50,2026-06-30
384,3,1020,371,370,6,20,38,2026-06-30
385,3,1265,315,307,0,4,56,2026-06-30
386,3,1047,298,293,2,2,45,2026-06-30
387,3,1010,190,192,8,1,30,2026-06-30
388,3,1019,214,207,5,11,25,2026-06-30
389,3,1054,263,266,0,1,43,2026-06-30
390,3,1464,204,202,0,10,47,2026-06-30
391,3,1155,78,83,8,17,53,2026-06-30
392,3,1424,129,138,2,19,46,2026-06-30
393,3,1240,387,380,1,9,32,2026-06-30
394,3,1007,281,282,8,8,59,2026-06-30
395,3,1477,351,361,3,0,60,2026-06-30
396,3,1190,376,378,1,16,23,2026-06-30
397,3,1390,126,133,3,15,41,2026-06-30
398,3,1436,386,376,6,18,58,2026-06-30
399,3,1005,280,286,4,6,29,2026-06-30
400,3,1085,177,185,4,3,27,2026-06-30
401,3,1077,249,259,4,13,53,2026-06-30
402,3,1134,260,259,1,10,46,2026-06-30
403,3,1345,232,234,0,1,38,2026-06-30
404,3,1471,61,66,6,0,28,2026-06-30
405,3,1441,240,230,1,12,45,2026-06-30
406,3,1026,112,106,2,2,45,2026-06-30
407,3,1277,225,228,0,12,25,2026-06-30
408,3,1258,354,355,4,1,23,2026-06-30
409,3,1465,79,78,2,13,48,2026-06-30
410,3,1106,187,183,2,4,42,2026-06-30
411,3,1231,373,369,4,12,55,2026-06-30
412,3,1220,102,107,8,17,59,2026-06-30
413,3,1181,141,141,6,3,23,2026-06-30
414,3,1219,263,255,2,2,22,2026-06-30
415,3,1358,146,150,8,2,27,2026-06-30
416,3,1233,148,145,5,4,26,2026-06-30
417,3,1267,314,308,0,17,24,2026-06-30
418,3,1180,198,193,6,7,28,2026-06-30
419,3,1239,72,72,1,3,48,2026-06-30
420,3,1003,152,159,6,18,54,2026-06-30
421,3,1497,331,331,0,4,59,2026-06-30
422,3,1304,257,260,5,19,34,2026-06-30
423,3,1182,129,131,2,18,27,2026-06-30
424,3,1479,110,119,4,0,55,2026-06-30
425,3,1266,145,148,7,6,21,2026-06-30
426,3,1247,375,378,4,4,44,2026-06-30
427,3,1150,323,322,4,18,59,2026-06-30
428,3,1021,364,358,6,11,34,2026-06-30
429,3,1269,394,398,5,1,55,2026-06-30
430,3,1487,181,191,8,17,56,2026-06-30
431,3,1118,79,74,6,1,48,2026-06-30
432,3,1303,244,236,1,0,50,2026-06-30
433,3,1395,185,178,3,15,24,2026-06-30
434,3,1383,385,380,5,20,59,2026-06-30
435,3,1093,91,86,1,10,52,2026-06-30
436,3,1291,191,182,1,10,24,2026-06-30
437,3,1157,371,380,4,5,42,2026-06-30
438,3,1135,192,202,2,1,59,2026-06-30
439,3,1138,335,338,6,20,53,2026-06-30
440,3,1228,123,127,5,4,24,2026-06-30
441,3,1256,397,403,0,10,41,2026-06-30
442,3,1206,169,165,7,16,59,2026-06-30
443,3,1381,318,321,0,2,60,2026-06-30
444,3,1478,378,380,3,19,48,2026-06-30
445,3,1470,216,209,7,16,28,2026-06-30
446,3,1223,345,342,8,15,24,2026-06-30
447,3,1067,384,385,3,20,55,2026-06-30
448,3,1069,57,60,4,19,32,2026-06-30
449,3,1263,244,240,8,9,27,2026-06-30
450,3,1481,350,360,4,4,36,2026-06-30
451,4,1288,280,272,2,17,54,2026-06-30
452,4,1135,183,178,3,17,22,2026-06-30
453,4,1283,202,194,4,4,39,2026-06-30
454,4,1228,178,187,7,7,22,2026-06-30
455,4,1131,310,311,2,10,48,2026-06-30
456,4,1352,294,286,6,2,53,2026-06-30
457,4,1478,160,161,1,1,53,2026-06-30
458,4,1426,266,276,3,11,42,2026-06-30
459,4,1146,388,389,3,13,53,2026-06-30
460,4,1022,351,347,4,15,60,2026-06-30
461,4,1219,98,92,1,17,50,2026-06-30
462,4,1447,154,153,7,14,38,2026-06-30
463,4,1348,195,193,6,3,57,2026-06-30
464,4,1330,329,319,0,6,39,2026-06-30
465,4,1223,250,245,2,0,34,2026-06-30
466,4,1456,295,298,2,7,26,2026-06-30
467,4,1030,294,299,3,14,21,2026-06-30
468,4,1227,164,157,4,11,50,2026-06-30
469,4,1375,80,89,2,14,47,2026-06-30
470,4,1370,100,103,3,0,44,2026-06-30
471,4,1277,264,269,3,13,33,2026-06-30
472,4,1386,257,249,6,4,33,2026-06-30
473,4,1359,94,102,7,13,36,2026-06-30
474,4,1251,127,131,7,14,53,2026-06-30
475,4,1445,148,144,6,9,54,2026-06-30
476,4,1060,189,195,6,19,60,2026-06-30
477,4,1271,264,257,8,8,32,2026-06-30
478,4,1466,129,132,2,6,39,2026-06-30
479,4,1498,368,376,2,20,42,2026-06-30
480,4,1276,317,325,8,1,23,2026-06-30
481,4,1407,237,235,7,4,32,2026-06-30
482,4,1247,193,192,2,19,21,2026-06-30
483,4,1365,257,257,2,9,32,2026-06-30
484,4,1006,214,223,1,5,47,2026-06-30
485,4,1142,179,170,2,4,24,2026-06-30
486,4,1118,366,375,5,8,27,2026-06-30
487,4,1048,289,286,1,19,24,2026-06-30
488,4,1451,283,286,2,13,29,2026-06-30
489,4,1014,63,72,2,5,37,2026-06-30
490,4,1318,393,394,4,3,34,2026-06-30
491,4,1500,225,218,2,5,25,2026-06-30
492,4,1347,311,306,1,6,24,2026-06-30
493,4,1172,235,240,4,10,37,2026-06-30
494,4,1101,276,284,8,10,37,2026-06-30
495,4,1213,290,297,7,16,48,2026-06-30
496,4,1191,307,311,1,19,21,2026-06-30
497,4,1349,327,318,8,15,52,2026-06-30
498,4,1047,308,312,0,6,54,2026-06-30
499,4,1212,373,380,2,0,49,2026-06-30
500,4,1010,112,113,4,4,33,2026-06-30
501,4,1308,184,187,8,1,47,2026-06-30
502,4,1281,198,189,8,19,52,2026-06-30
503,4,1117,267,259,8,20,45,2026-06-30
504,4,1200,382,373,7,19,31,2026-06-30
505,4,1130,232,236,3,9,48,2026-06-30
506,4,1013,333,323,1,19,47,2026-06-30
507,4,1351,290,289,8,19,59,2026-06-30
508,4,1125,205,203,2,6,28,2026-06-30
509,4,1017,248,257,8,4,47,2026-06-30
510,4,1468,79,82,1,13,33,2026-06-30
511,4,1453,328,331,0,13,30,2026-06-30
512,4,1253,242,245,6,8,26,2026-06-30
513,4,1037,57,50,3,4,21,2026-06-30
514,4,1450,325,325,4,3,30,2026-06-30
515,4,1255,52,52,1,20,34,2026-06-30
516,4,1465,160,160,4,19,60,2026-06-30
517,4,1345,150,141,0,1,24,2026-06-30
518,4,1477,68,69,0,19,55,2026-06-30
519,4,1092,124,131,3,7,24,2026-06-30
520,4,1049,296,293,6,20,41,2026-06-30
521,4,1474,379,375,1,15,37,2026-06-30
522,4,1147,311,306,2,9,28,2026-06-30
523,4,1293,54,62,4,16,26,2026-06-30
524,4,1358,62,65,5,9,40,2026-06-30
525,4,1300,251,251,7,5,34,2026-06-30
526,4,1408,381,390,1,20,45,2026-06-30
527,4,1493,158,166,2,13,28,2026-06-30
528,4,1331,390,396,7,1,35,2026-06-30
529,4,1020,133,129,1,14,34,2026-06-30
530,4,1110,116,114,3,8,55,2026-06-30
531,4,1018,102,96,5,0,35,2026-06-30
532,4,1108,304,305,1,14,27,2026-06-30
533,4,1148,243,239,0,15,29,2026-06-30
534,4,1097,145,141,1,18,23,2026-06-30
535,4,1025,210,212,8,20,24,2026-06-30
536,4,1446,283,289,4,17,40,2026-06-30
537,4,1337,80,72,7,19,28,2026-06-30
538,4,1190,338,348,5,14,46,2026-06-30
539,4,1240,183,176,0,16,35,2026-06-30
540,4,1119,235,235,4,2,32,2026-06-30
541,4,1239,331,332,5,8,39,2026-06-30
542,4,1165,326,323,6,3,48,2026-06-30
543,4,1168,296,303,1,6,44,2026-06-30
544,4,1218,109,114,8,8,37,2026-06-30
545,4,1185,373,378,2,12,36,2026-06-30
546,4,1124,250,240,4,7,60,2026-06-30
547,4,1035,118,117,7,5,60,2026-06-30
548,4,1040,81,81,0,2,22,2026-06-30
549,4,1004,388,383,4,16,20,2026-06-30
550,4,1297,232,222,8,12,20,2026-06-30
551,4,1268,74,76,7,13,55,2026-06-30
552,4,1159,122,131,2,4,23,2026-06-30
553,4,1179,90,84,5,7,33,2026-06-30
554,4,1248,191,193,8,4,26,2026-06-30
555,4,1395,129,133,4,14,40,2026-06-30
556,4,1137,166,158,5,6,54,2026-06-30
557,4,1436,214,224,6,18,33,2026-06-30
558,4,1378,274,268,6,10,50,2026-06-30
559,4,1334,262,258,6,2,35,2026-06-30
560,4,1209,390,385,7,14,34,2026-06-30
561,4,1136,217,219,1,0,53,2026-06-30
562,4,1231,299,290,6,13,29,2026-06-30
563,4,1258,166,157,4,8,55,2026-06-30
564,4,1489,154,150,0,11,28,2026-06-30
565,4,1241,354,360,2,19,33,2026-06-30
566,4,1204,264,264,2,5,53,2026-06-30
567,4,1126,368,373,1,6,27,2026-06-30
568,4,1360,61,62,5,6,34,2026-06-30
569,4,1003,317,316,4,14,59,2026-06-30
570,4,1422,233,235,4,11,35,2026-06-30
571,4,1332,301,299,6,4,53,2026-06-30
572,4,1053,276,274,5,0,52,2026-06-30
573,4,1266,310,306,8,12,33,2026-06-30
574,4,1398,392,400,7,20,34,2026-06-30
575,4,1120,85,76,7,8,20,2026-06-30
576,4,1149,192,187,7,8,50,2026-06-30
577,4,1171,53,58,2,12,23,2026-06-30
578,4,1290,98,94,0,3,51,2026-06-30
579,4,1090,397,403,7,9,53,2026-06-30
580,4,1246,310,314,3,5,50,2026-06-30
581,4,1150,387,383,5,19,22,2026-06-30
582,4,1430,68,65,5,4,37,2026-06-30
583,4,1291,146,143,0,17,47,2026-06-30
584,4,1282,216,226,1,6,36,2026-06-30
585,4,1305,388,393,3,3,44,2026-06-30
586,4,1083,279,278,4,8,26,2026-06-30
587,4,1155,320,324,6,7,21,2026-06-30
588,4,1181,231,237,6,2,32,2026-06-30
589,4,1357,329,327,8,3,58,2026-06-30
590,4,1028,303,297,6,12,31,2026-06-30
591,4,1487,294,303,4,6,49,2026-06-30
592,4,1210,167,165,1,19,42,2026-06-30
593,4,1366,282,276,6,19,45,2026-06-30
594,4,1078,97,87,0,20,41,2026-06-30
595,4,1393,209,207,1,18,58,2026-06-30
596,4,1492,146,147,8,1,51,2026-06-30
597,4,1338,75,72,5,2,48,2026-06-30
598,4,1410,297,304,4,11,60,2026-06-30
599,4,1287,263,265,5,20,53,2026-06-30
600,4,1005,220,225,7,10,60,2026-06-30
601,5,1339,265,262,5,6,35,2026-06-30
602,5,1328,323,327,4,13,34,2026-06-30
603,5,1363,98,95,1,13,40,2026-06-30
604,5,1340,165,166,8,9,24,2026-06-30
605,5,1472,162,166,0,6,50,2026-06-30
606,5,1357,224,223,0,15,24,2026-06-30
607,5,1033,334,340,6,3,32,2026-06-30
608,5,1374,219,214,1,3,42,2026-06-30
609,5,1250,347,338,8,17,24,2026-06-30
610,5,1209,173,183,5,10,24,2026-06-30
611,5,1164,91,99,1,11,58,2026-06-30
612,5,1268,229,223,5,3,55,2026-06-30
613,5,1126,135,129,1,17,33,2026-06-30
614,5,1074,124,120,1,7,25,2026-06-30
615,5,1290,178,177,5,2,26,2026-06-30
616,5,1143,55,47,0,6,45,2026-06-30
617,5,1403,136,142,3,18,37,2026-06-30
618,5,1009,70,73,6,8,20,2026-06-30
619,5,1093,325,324,1,7,58,2026-06-30
620,5,1447,52,59,5,2,47,2026-06-30
621,5,1244,59,68,0,16,56,2026-06-30
622,5,1240,211,212,8,0,22,2026-06-30
623,5,1463,85,85,4,8,26,2026-06-30
624,5,1105,158,152,6,17,44,2026-06-30
625,5,1146,168,163,7,15,51,2026-06-30
626,5,1314,304,302,3,20,21,2026-06-30
627,5,1259,265,258,4,14,56,2026-06-30
628,5,1173,352,343,7,14,51,2026-06-30
629,5,1014,183,176,7,16,56,2026-06-30
630,5,1270,67,73,1,12,40,2026-06-30
631,5,1480,316,314,3,17,21,2026-06-30
632,5,1194,177,184,7,18,51,2026-06-30
633,5,1324,233,225,4,18,40,2026-06-30
634,5,1132,113,122,5,20,35,2026-06-30
635,5,1313,371,378,1,4,31,2026-06-30
636,5,1323,390,383,5,8,29,2026-06-30
637,5,1196,323,320,0,17,36,2026-06-30
638,5,1500,313,320,1,17,20,2026-06-30
639,5,1011,341,348,3,6,23,2026-06-30
640,5,1087,224,219,7,13,27,2026-06-30
641,5,1247,275,270,8,9,23,2026-06-30
642,5,1064,320,326,3,7,31,2026-06-30
643,5,1392,80,81,7,3,27,2026-06-30
644,5,1412,292,290,8,11,38,2026-06-30
645,5,1155,379,370,4,9,31,2026-06-30
646,5,1025,200,206,8,20,49,2026-06-30
647,5,1108,70,68,7,14,44,2026-06-30
648,5,1088,208,212,8,4,55,2026-06-30
649,5,1227,135,145,8,14,35,2026-06-30
650,5,1342,262,266,0,1,28,2026-06-30
651,5,1413,397,407,2,0,33,2026-06-30
652,5,1084,226,224,0,2,20,2026-06-30
653,5,1389,319,319,0,9,23,2026-06-30
654,5,1136,264,260,6,12,37,2026-06-30
655,5,1113,208,203,4,20,59,2026-06-30
656,5,1188,155,156,3,15,37,2026-06-30
657,5,1298,338,328,5,7,25,2026-06-30
658,5,1091,335,331,2,9,24,2026-06-30
659,5,1112,113,109,8,9,44,2026-06-30
660,5,1142,361,357,4,10,44,2026-06-30
661,5,1311,113,105,0,12,54,2026-06-30
662,5,1283,318,328,4,12,44,2026-06-30
663,5,1455,132,131,2,20,38,2026-06-30
664,5,1263,99,95,3,18,29,2026-06-30
665,5,1182,343,344,8,16,45,2026-06-30
666,5,1176,133,143,7,4,45,2026-06-30
667,5,1017,279,281,8,13,38,2026-06-30
668,5,1426,273,277,5,18,44,2026-06-30
669,5,1111,142,133,0,4,53,2026-06-30
670,5,1261,332,338,3,4,50,2026-06-30
671,5,1010,289,292,3,1,22,2026-06-30
672,5,1158,54,47,5,17,30,2026-06-30
673,5,1193,87,84,4,15,46,2026-06-30
674,5,1110,54,53,7,6,31,2026-06-30
675,5,1377,157,166,6,15,40,2026-06-30
676,5,1378,186,177,4,0,48,2026-06-30
677,5,1478,336,346,4,11,47,2026-06-30
678,5,1184,321,326,6,7,23,2026-06-30
679,5,1052,72,67,1,6,27,2026-06-30
680,5,1071,156,153,7,17,23,2026-06-30
681,5,1073,134,141,8,16,60,2026-06-30
682,5,1295,330,332,0,1,55,2026-06-30
683,5,1098,254,247,5,5,31,2026-06-30
684,5,1437,131,134,6,13,35,2026-06-30
685,5,1181,169,179,3,16,29,2026-06-30
686,5,1344,388,386,4,12,22,2026-06-30
687,5,1488,60,66,6,5,45,2026-06-30
688,5,1102,231,227,3,17,49,2026-06-30
689,5,1202,156,166,6,19,20,2026-06-30
690,5,1027,95,89,5,17,56,2026-06-30
691,5,1148,292,289,7,9,37,2026-06-30
692,5,1060,144,144,6,7,34,2026-06-30
693,5,1458,173,181,6,0,30,2026-06-30
694,5,1309,134,124,5,5,58,2026-06-30
695,5,1383,273,273,1,13,29,2026-06-30
696,5,1444,230,239,6,12,29,2026-06-30
697,5,1032,114,106,8,13,25,2026-06-30
698,5,1094,212,219,2,14,30,2026-06-30
699,5,1429,264,269,5,20,30,2026-06-30
700,5,1419,132,128,6,1,55,2026-06-30
701,5,1317,183,186,2,7,22,2026-06-30
702,5,1284,125,122,4,8,37,2026-06-30
703,5,1386,261,253,4,13,47,2026-06-30
704,5,1021,131,136,4,19,51,2026-06-30
705,5,1095,52,52,2,10,59,2026-06-30
706,5,1439,371,378,4,12,55,2026-06-30
707,5,1438,192,200,3,15,23,2026-06-30
708,5,1150,338,331,2,17,37,2026-06-30
709,5,1045,383,381,6,9,22,2026-06-30
710,5,1266,113,117,5,15,58,2026-06-30
711,5,1079,173,180,0,14,33,2026-06-30
712,5,1119,164,161,8,7,41,2026-06-30
713,5,1296,182,188,3,4,58,2026-06-30
714,5,1482,128,119,2,7,37,2026-06-30
715,5,1096,261,267,0,14,30,2026-06-30
716,5,1120,342,344,7,11,40,2026-06-30
717,5,1208,92,97,2,10,41,2026-06-30
718,5,1355,162,159,8,7,60,2026-06-30
719,5,1338,218,217,3,9,43,2026-06-30
720,5,1030,135,125,1,17,36,2026-06-30
721,5,1416,315,315,4,20,59,2026-06-30
722,5,1234,163,158,7,14,39,2026-06-30
723,5,1442,308,303,7,6,56,2026-06-30
724,5,1402,144,149,8,11,56,2026-06-30
725,5,1499,130,124,4,18,30,2026-06-30
726,5,1291,88,95,6,2,57,2026-06-30
727,5,1496,386,389,7,11,29,2026-06-30
728,5,1367,61,52,0,8,36,2026-06-30
729,5,1190,236,229,2,2,26,2026-06-30
730,5,1121,311,304,5,13,26,2026-06-30
731,5,1494,400,393,0,7,36,2026-06-30
732,5,1440,172,170,4,0,52,2026-06-30
733,5,1305,120,113,5,2,50,2026-06-30
734,5,1308,283,280,0,14,59,2026-06-30
735,5,1388,84,78,5,20,58,2026-06-30
736,5,1476,244,249,8,11,43,2026-06-30
737,5,1081,311,319,6,16,30,2026-06-30
738,5,1039,186,178,4,1,57,2026-06-30
739,5,1047,265,263,8,0,26,2026-06-30
740,5,1365,173,167,2,20,25,2026-06-30
741,5,1260,63,58,0,13,40,2026-06-30
742,5,1221,242,242,7,19,33,2026-06-30
743,5,1330,223,218,3,8,60,2026-06-30
744,5,1407,265,270,2,7,55,2026-06-30
745,5,1038,109,115,3,20,33,2026-06-30
746,5,1381,394,401,5,14,48,2026-06-30
747,5,1117,208,214,2,2,25,2026-06-30
748,5,1230,327,325,5,18,60,2026-06-30
749,5,1361,178,168,8,5,31,2026-06-30
750,5,1258,284,283,0,4,38,2026-06-30
751,6,1469,165,162,8,3,50,2026-06-30
752,6,1321,279,278,0,6,23,2026-06-30
753,6,1077,255,246,0,3,20,2026-06-30
754,6,1296,309,305,1,18,21,2026-06-30
755,6,1466,181,182,8,16,24,2026-06-30
756,6,1167,363,360,4,14,48,2026-06-30
757,6,1161,98,90,7,14,50,2026-06-30
758,6,1232,285,280,0,20,38,2026-06-30
759,6,1373,102,102,2,10,45,2026-06-30
760,6,1145,142,137,4,16,34,2026-06-30
761,6,1273,158,166,1,4,34,2026-06-30
762,6,1093,117,127,6,17,56,2026-06-30
763,6,1231,97,107,1,2,41,2026-06-30
764,6,1104,163,161,8,5,23,2026-06-30
765,6,1055,352,358,3,1,44,2026-06-30
766,6,1242,273,266,5,18,50,2026-06-30
767,6,1331,380,376,1,19,60,2026-06-30
768,6,1491,210,214,1,13,31,2026-06-30
769,6,1083,380,379,7,4,34,2026-06-30
770,6,1319,122,117,6,12,41,2026-06-30
771,6,1036,51,49,4,12,35,2026-06-30
772,6,1417,177,182,3,1,57,2026-06-30
773,6,1378,254,248,4,9,27,2026-06-30
774,6,1082,57,59,0,15,56,2026-06-30
775,6,1065,251,257,4,10,39,2026-06-30
776,6,1131,146,136,1,16,41,2026-06-30
777,6,1152,375,365,5,9,36,2026-06-30
778,6,1050,356,353,1,13,43,2026-06-30
779,6,1200,277,282,3,4,53,2026-06-30
780,6,1298,175,181,7,11,52,2026-06-30
781,6,1343,96,102,4,11,54,2026-06-30
782,6,1347,202,194,7,0,20,2026-06-30
783,6,1034,170,173,0,2,26,2026-06-30
784,6,1088,290,286,2,11,57,2026-06-30
785,6,1171,279,282,4,18,43,2026-06-30
786,6,1120,290,287,3,7,46,2026-06-30
787,6,1052,321,330,8,5,24,2026-06-30
788,6,1497,96,90,7,6,49,2026-06-30
789,6,1487,106,105,7,0,28,2026-06-30
790,6,1140,165,160,6,19,23,2026-06-30
791,6,1484,89,84,2,5,22,2026-06-30
792,6,1121,71,77,8,8,24,2026-06-30
793,6,1453,317,322,3,19,23,2026-06-30
794,6,1461,292,292,5,15,40,2026-06-30
795,6,1255,397,402,7,13,59,2026-06-30
796,6,1496,143,147,8,7,50,2026-06-30
797,6,1436,257,258,0,20,60,2026-06-30
798,6,1204,136,136,2,1,21,2026-06-30
799,6,1393,66,59,3,11,50,2026-06-30
800,6,1454,133,128,1,6,37,2026-06-30
801,6,1365,362,372,0,18,51,2026-06-30
802,6,1095,299,307,0,4,29,2026-06-30
803,6,1360,95,87,7,9,49,2026-06-30
804,6,1198,227,221,8,6,27,2026-06-30
805,6,1194,276,268,8,6,33,2026-06-30
806,6,1329,341,351,8,5,57,2026-06-30
807,6,1053,149,148,8,3,32,2026-06-30
808,6,1295,336,343,6,6,46,2026-06-30
809,6,1097,323,333,2,8,58,2026-06-30
810,6,1285,107,108,5,17,25,2026-06-30
811,6,1124,119,110,5,0,57,2026-06-30
812,6,1004,360,351,5,4,54,2026-06-30
813,6,1228,304,304,4,17,58,2026-06-30
814,6,1155,159,152,3,19,52,2026-06-30
815,6,1408,73,68,2,16,58,2026-06-30
816,6,1352,252,251,2,12,48,2026-06-30
817,6,1236,82,74,3,13,27,2026-06-30
818,6,1096,286,278,0,1,57,2026-06-30
819,6,1197,82,75,8,14,45,2026-06-30
820,6,1433,118,123,0,1,29,2026-06-30
821,6,1168,157,162,4,19,35,2026-06-30
822,6,1118,252,261,6,10,23,2026-06-30
823,6,1415,397,393,6,10,20,2026-06-30
824,6,1041,327,332,7,17,38,2026-06-30
825,6,1440,312,303,2,3,21,2026-06-30
826,6,1342,173,163,5,3,42,2026-06-30
827,6,1196,164,173,5,3,59,2026-06-30
828,6,1306,150,152,2,7,57,2026-06-30
829,6,1137,275,280,4,10,20,2026-06-30
830,6,1033,194,203,4,6,57,2026-06-30
831,6,1424,298,292,3,16,44,2026-06-30
832,6,1391,337,338,4,3,42,2026-06-30
833,6,1435,346,351,0,14,23,2026-06-30
834,6,1339,324,321,1,19,49,2026-06-30
835,6,1023,79,78,3,2,58,2026-06-30
836,6,1027,163,168,5,20,26,2026-06-30
837,6,1139,338,344,4,11,35,2026-06-30
838,6,1477,113,116,6,16,25,2026-06-30
839,6,1119,62,70,3,9,25,2026-06-30
840,6,1132,305,310,5,2,59,2026-06-30
841,6,1344,117,110,1,5,26,2026-06-30
842,6,1476,60,59,2,5,58,2026-06-30
843,6,1278,345,347,1,12,57,2026-06-30
844,6,1227,381,389,0,8,38,2026-06-30
845,6,1195,381,381,6,11,22,2026-06-30
846,6,1376,94,91,0,16,21,2026-06-30
847,6,1396,296,290,4,8,25,2026-06-30
848,6,1125,320,321,2,6,35,2026-06-30
849,6,1005,153,159,4,15,42,2026-06-30
850,6,1143,98,95,7,9,31,2026-06-30
851,6,1443,66,63,5,13,41,2026-06-30
852,6,1046,167,176,8,8,31,2026-06-30
853,6,1300,116,126,7,15,33,2026-06-30
854,6,1192,365,363,7,9,44,2026-06-30
855,6,1293,284,290,4,17,31,2026-06-30
856,6,1213,185,184,8,2,40,2026-06-30
857,6,1280,197,191,1,3,44,2026-06-30
858,6,1011,273,277,6,1,33,2026-06-30
859,6,1199,265,258,5,7,39,2026-06-30
860,6,1299,249,243,7,10,40,2026-06-30
861,6,1380,377,376,0,14,34,2026-06-30
862,6,1208,153,152,3,16,49,2026-06-30
863,6,1310,253,256,5,9,42,2026-06-30
864,6,1413,218,211,4,4,50,2026-06-30
865,6,1382,395,395,7,0,53,2026-06-30
866,6,1353,94,104,5,0,56,2026-06-30
867,6,1026,192,192,8,2,36,2026-06-30
868,6,1067,271,269,5,10,53,2026-06-30
869,6,1308,334,343,7,4,44,2026-06-30
870,6,1169,216,207,7,20,31,2026-06-30
871,6,1452,281,278,7,4,21,2026-06-30
872,6,1178,366,357,8,16,48,2026-06-30
873,6,1224,268,269,3,16,22,2026-06-30
874,6,1086,283,275,5,15,41,2026-06-30
875,6,1356,269,276,7,1,43,2026-06-30
876,6,1246,169,161,0,11,47,2026-06-30
877,6,1072,57,47,0,15,34,2026-06-30
878,6,1070,249,242,5,5,55,2026-06-30
879,6,1366,130,134,3,0,36,2026-06-30
880,6,1066,51,42,7,15,55,2026-06-30
881,6,1014,258,265,6,20,50,2026-06-30
882,6,1420,373,382,7,5,23,2026-06-30
883,6,1448,386,379,6,2,29,2026-06-30
884,6,1277,270,280,0,0,60,2026-06-30
885,6,1129,329,326,8,20,29,2026-06-30
886,6,1399,380,373,0,5,58,2026-06-30
887,6,1205,96,96,4,11,35,2026-06-30
888,6,1327,148,154,7,12,34,2026-06-30
889,6,1054,126,120,8,20,37,2026-06-30
890,6,1499,376,386,4,3,30,2026-06-30
891,6,1258,289,298,1,8,44,2026-06-30
892,6,1348,214,216,5,2,23,2026-06-30
893,6,1163,207,215,7,9,25,2026-06-30
894,6,1364,399,399,6,20,47,2026-06-30
895,6,1445,165,156,2,4,58,2026-06-30
896,6,1081,58,68,8,11,55,2026-06-30
897,6,1345,75,68,0,0,58,2026-06-30
898,6,1024,174,170,4,6,36,2026-06-30
899,6,1164,154,148,7,10,45,2026-06-30
900,6,1166,237,242,3,10,33,2026-06-30
901,7,1327,174,166,2,6,32,2026-06-30
902,7,1107,374,373,8,20,22,2026-06-30
903,7,1086,117,118,3,7,56,2026-06-30
904,7,1445,262,254,5,6,23,2026-06-30
905,7,1238,230,225,1,4,27,2026-06-30
906,7,1411,367,358,7,9,26,2026-06-30
907,7,1467,400,393,1,6,56,2026-06-30
908,7,1430,212,216,7,2,54,2026-06-30
909,7,1494,387,391,8,1,25,2026-06-30
910,7,1043,341,338,1,20,25,2026-06-30
911,7,1391,205,207,2,17,23,2026-06-30
912,7,1422,382,376,4,15,37,2026-06-30
913,7,1478,215,221,0,7,28,2026-06-30
914,7,1256,321,328,4,11,36,2026-06-30
915,7,1180,188,188,8,6,59,2026-06-30
916,7,1419,357,357,4,12,23,2026-06-30
917,7,1073,72,78,1,16,22,2026-06-30
918,7,1021,258,262,6,5,60,2026-06-30
919,7,1384,264,262,7,5,27,2026-06-30
920,7,1135,271,264,8,8,57,2026-06-30
921,7,1499,205,214,8,8,56,2026-06-30
922,7,1046,135,141,2,9,22,2026-06-30
923,7,1418,110,108,3,15,35,2026-06-30
924,7,1087,90,97,1,16,37,2026-06-30
925,7,1035,260,266,8,10,24,2026-06-30
926,7,1185,394,387,0,0,23,2026-06-30
927,7,1322,330,328,7,12,36,2026-06-30
928,7,1487,296,289,5,0,29,2026-06-30
929,7,1335,160,154,5,19,51,2026-06-30
930,7,1084,66,66,0,1,36,2026-06-30
931,7,1252,116,120,1,4,29,2026-06-30
932,7,1452,163,153,2,12,42,2026-06-30
933,7,1042,231,233,6,12,20,2026-06-30
934,7,1236,336,339,6,20,54,2026-06-30
935,7,1426,349,353,2,1,47,2026-06-30
936,7,1152,281,289,3,16,49,2026-06-30
937,7,1460,260,264,7,2,46,2026-06-30
938,7,1440,383,375,0,9,50,2026-06-30
939,7,1060,254,259,4,4,42,2026-06-30
940,7,1239,374,374,7,8,58,2026-06-30
941,7,1365,155,153,3,3,36,2026-06-30
942,7,1033,321,316,8,0,60,2026-06-30
943,7,1461,396,397,8,5,41,2026-06-30
944,7,1058,258,261,3,2,57,2026-06-30
945,7,1363,98,98,5,1,57,2026-06-30
946,7,1001,303,309,2,13,54,2026-06-30
947,7,1486,84,92,0,11,37,2026-06-30
948,7,1187,55,64,0,12,51,2026-06-30
949,7,1110,374,366,3,20,42,2026-06-30
950,7,1245,163,170,8,9,31,2026-06-30
951,7,1338,334,344,3,4,26,2026-06-30
952,7,1435,313,305,8,5,47,2026-06-30
953,7,1270,339,340,8,5,39,2026-06-30
954,7,1127,215,221,2,6,36,2026-06-30
955,7,1431,250,245,0,15,45,2026-06-30
956,7,1103,236,241,3,6,34,2026-06-30
957,7,1118,68,62,5,4,40,2026-06-30
958,7,1421,136,136,5,13,30,2026-06-30
959,7,1269,159,149,4,19,42,2026-06-30
960,7,1395,178,188,1,19,32,2026-06-30
961,7,1181,266,268,3,18,37,2026-06-30
962,7,1370,321,322,4,7,38,2026-06-30
963,7,1172,55,51,3,0,60,2026-06-30
964,7,1345,200,201,0,20,33,2026-06-30
965,7,1008,181,176,4,8,27,2026-06-30
966,7,1131,159,162,6,20,59,2026-06-30
967,7,1124,179,189,0,1,27,2026-06-30
968,7,1130,78,75,7,15,23,2026-06-30
969,7,1014,119,112,1,6,53,2026-06-30
970,7,1250,262,269,4,0,49,2026-06-30
971,7,1489,105,108,1,3,45,2026-06-30
972,7,1132,375,377,3,18,56,2026-06-30
973,7,1259,60,70,4,0,23,2026-06-30
974,7,1166,187,179,8,5,56,2026-06-30
975,7,1082,163,168,2,1,47,2026-06-30
976,7,1282,218,215,4,0,60,2026-06-30
977,7,1405,125,134,2,4,43,2026-06-30
978,7,1091,363,372,1,12,31,2026-06-30
979,7,1201,270,268,3,17,30,2026-06-30
980,7,1013,390,397,1,8,41,2026-06-30
981,7,1281,52,53,8,7,42,2026-06-30
982,7,1182,357,361,6,15,24,2026-06-30
983,7,1442,337,338,4,9,50,2026-06-30
984,7,1012,363,354,2,8,48,2026-06-30
985,7,1044,159,167,3,18,49,2026-06-30
986,7,1149,295,301,7,20,40,2026-06-30
987,7,1161,386,387,1,11,43,2026-06-30
988,7,1300,359,350,2,2,29,2026-06-30
989,7,1341,207,206,4,11,39,2026-06-30
990,7,1136,308,302,2,12,47,2026-06-30
991,7,1458,176,185,6,0,49,2026-06-30
992,7,1104,316,321,6,10,24,2026-06-30
993,7,1471,99,108,0,12,33,2026-06-30
994,7,1090,225,216,7,15,51,2026-06-30
995,7,1059,354,359,2,13,36,2026-06-30
996,7,1080,350,356,6,4,53,2026-06-30
997,7,1249,331,336,3,11,58,2026-06-30
998,7,1308,336,327,7,1,46,2026-06-30
999,7,1373,275,267,5,18,45,2026-06-30
1000,7,1134,100,93,4,14,36,2026-06-30
1001,7,1325,66,71,0,12,51,2026-06-30
1002,7,1030,252,250,0,8,30,2026-06-30
1003,7,1119,387,382,6,5,52,2026-06-30
1004,7,1024,218,210,3,2,50,2026-06-30
1005,7,1295,351,354,4,10,28,2026-06-30
1006,7,1346,56,53,1,11,45,2026-06-30
1007,7,1397,331,331,7,9,39,2026-06-30
1008,7,1383,362,363,0,9,60,2026-06-30
1009,7,1320,278,277,0,20,44,2026-06-30
1010,7,1049,282,291,7,10,34,2026-06-30
1011,7,1456,177,182,1,12,23,2026-06-30
1012,7,1361,148,158,0,19,37,2026-06-30
1013,7,1085,153,145,8,0,29,2026-06-30
1014,7,1247,283,279,1,6,60,2026-06-30
1015,7,1376,199,208,5,15,31,2026-06-30
1016,7,1324,199,202,3,14,50,2026-06-30
1017,7,1209,150,149,1,14,25,2026-06-30
1018,7,1192,372,379,6,6,42,2026-06-30
1019,7,1120,376,376,7,2,37,2026-06-30
1020,7,1334,290,291,7,0,25,2026-06-30
1021,7,1275,273,279,2,19,29,2026-06-30
1022,7,1319,326,332,8,9,50,2026-06-30
1023,7,1211,371,376,5,8,53,2026-06-30
1024,7,1409,120,123,7,17,39,2026-06-30
1025,7,1400,122,119,8,8,32,2026-06-30
1026,7,1020,400,390,2,15,23,2026-06-30
1027,7,1332,278,272,6,10,25,2026-06-30
1028,7,1358,50,45,4,18,24,2026-06-30
1029,7,1294,346,350,2,5,51,2026-06-30
1030,7,1246,390,388,3,19,59,2026-06-30
1031,7,1257,209,213,3,6,32,2026-06-30
1032,7,1493,260,260,4,9,26,2026-06-30
1033,7,1408,362,370,3,19,23,2026-06-30
1034,7,1444,173,182,5,18,25,2026-06-30
1035,7,1453,385,378,4,10,32,2026-06-30
1036,7,1410,50,47,3,16,56,2026-06-30
1037,7,1145,102,94,2,6,57,2026-06-30
1038,7,1083,355,346,2,9,40,2026-06-30
1039,7,1261,284,274,4,4,58,2026-06-30
1040,7,1062,360,364,2,3,37,2026-06-30
1041,7,1125,320,317,6,4,44,2026-06-30
1042,7,1255,322,329,3,1,26,2026-06-30
1043,7,1454,273,277,7,20,28,2026-06-30
1044,7,1277,373,367,5,15,59,2026-06-30
1045,7,1195,211,202,1,3,54,2026-06-30
1046,7,1189,165,169,3,20,43,2026-06-30
1047,7,1349,372,369,2,15,23,2026-06-30
1048,7,1389,307,313,8,18,42,2026-06-30
1049,7,1075,386,396,6,10,50,2026-06-30
1050,7,1267,271,264,2,3,28,2026-06-30
1051,8,1469,230,224,4,10,27,2026-06-30
1052,8,1093,183,184,2,4,50,2026-06-30
1053,8,1223,262,264,1,5,58,2026-06-30
1054,8,1319,104,103,8,0,29,2026-06-30
1055,8,1465,154,144,5,3,39,2026-06-30
1056,8,1087,69,70,8,0,38,2026-06-30
1057,8,1496,273,268,3,6,41,2026-06-30
1058,8,1457,292,289,8,18,39,2026-06-30
1059,8,1163,282,286,3,8,37,2026-06-30
1060,8,1412,69,74,6,18,59,2026-06-30
1061,8,1143,87,88,3,11,32,2026-06-30
1062,8,1265,359,363,5,11,20,2026-06-30
1063,8,1379,353,362,7,12,30,2026-06-30
1064,8,1155,177,174,2,14,41,2026-06-30
1065,8,1359,86,83,7,20,39,2026-06-30
1066,8,1133,357,353,6,11,52,2026-06-30
1067,8,1262,90,91,0,5,50,2026-06-30
1068,8,1336,228,224,3,15,43,2026-06-30
1069,8,1248,226,221,7,20,21,2026-06-30
1070,8,1227,305,313,1,7,59,2026-06-30
1071,8,1181,349,341,1,9,22,2026-06-30
1072,8,1341,79,85,8,1,33,2026-06-30
1073,8,1460,385,382,0,9,40,2026-06-30
1074,8,1375,300,302,7,0,34,2026-06-30
1075,8,1314,400,398,6,15,34,2026-06-30
1076,8,1471,192,196,6,13,36,2026-06-30
1077,8,1169,267,259,1,0,26,2026-06-30
1078,8,1397,103,95,8,6,27,2026-06-30
1079,8,1438,161,153,6,3,53,2026-06-30
1080,8,1205,261,257,2,14,35,2026-06-30
1081,8,1481,82,85,7,5,49,2026-06-30
1082,8,1186,64,55,3,11,46,2026-06-30
1083,8,1070,129,133,8,10,48,2026-06-30
1084,8,1450,182,172,6,18,29,2026-06-30
1085,8,1042,146,155,0,6,50,2026-06-30
1086,8,1121,363,354,0,6,51,2026-06-30
1087,8,1005,71,72,8,1,34,2026-06-30
1088,8,1137,88,93,7,18,37,2026-06-30
1089,8,1216,329,335,8,14,28,2026-06-30
1090,8,1264,115,110,7,17,29,2026-06-30
1091,8,1220,194,193,6,19,47,2026-06-30
1092,8,1103,134,137,3,6,59,2026-06-30
1093,8,1187,399,397,7,6,39,2026-06-30
1094,8,1271,56,52,7,6,41,2026-06-30
1095,8,1106,183,181,4,6,33,2026-06-30
1096,8,1444,165,156,7,2,39,2026-06-30
1097,8,1394,238,243,4,5,59,2026-06-30
1098,8,1350,330,331,3,5,34,2026-06-30
1099,8,1392,161,156,7,19,59,2026-06-30
1100,8,1484,208,202,2,19,46,2026-06-30
1101,8,1209,272,279,2,15,20,2026-06-30
1102,8,1190,272,276,8,5,46,2026-06-30
1103,8,1222,129,129,6,16,50,2026-06-30
1104,8,1260,73,73,0,8,49,2026-06-30
1105,8,1434,227,222,4,14,27,2026-06-30
1106,8,1114,343,339,1,14,47,2026-06-30
1107,8,1463,136,142,3,17,50,2026-06-30
1108,8,1185,289,293,3,7,53,2026-06-30
1109,8,1010,344,344,4,5,24,2026-06-30
1110,8,1297,321,323,5,6,31,2026-06-30
1111,8,1487,100,107,7,5,44,2026-06-30
1112,8,1455,56,53,8,1,22,2026-06-30
1113,8,1440,191,182,5,5,52,2026-06-30
1114,8,1293,227,233,4,20,59,2026-06-30
1115,8,1101,350,340,8,5,35,2026-06-30
1116,8,1063,192,202,8,4,58,2026-06-30
1117,8,1475,347,356,0,13,56,2026-06-30
1118,8,1436,128,119,4,0,45,2026-06-30
1119,8,1083,150,143,8,8,28,2026-06-30
1120,8,1280,152,150,3,1,21,2026-06-30
1121,8,1161,363,364,3,2,48,2026-06-30
1122,8,1274,231,233,2,15,49,2026-06-30
1123,8,1053,316,318,5,5,40,2026-06-30
1124,8,1371,395,397,0,16,54,2026-06-30
1125,8,1405,163,167,1,6,52,2026-06-30
1126,8,1382,231,238,5,16,57,2026-06-30
1127,8,1033,196,187,3,16,33,2026-06-30
1128,8,1182,192,200,2,14,55,2026-06-30
1129,8,1290,55,58,3,4,54,2026-06-30
1130,8,1253,146,151,8,19,44,2026-06-30
1131,8,1108,320,319,8,5,37,2026-06-30
1132,8,1255,81,85,1,4,30,2026-06-30
1133,8,1268,336,342,0,4,36,2026-06-30
1134,8,1238,74,67,6,7,28,2026-06-30
1135,8,1219,206,202,3,8,26,2026-06-30
1136,8,1470,386,380,1,17,25,2026-06-30
1137,8,1131,120,124,0,5,54,2026-06-30
1138,8,1263,244,250,5,11,50,2026-06-30
1139,8,1221,300,301,8,8,56,2026-06-30
1140,8,1001,331,341,3,13,44,2026-06-30
1141,8,1367,227,227,3,18,36,2026-06-30
1142,8,1027,125,131,5,1,21,2026-06-30
1143,8,1257,100,99,5,13,35,2026-06-30
1144,8,1476,80,83,0,16,38,2026-06-30
1145,8,1482,60,62,7,14,28,2026-06-30
1146,8,1495,334,330,6,18,53,2026-06-30
1147,8,1362,322,331,8,16,58,2026-06-30
1148,8,1249,348,340,7,16,39,2026-06-30
1149,8,1442,272,276,0,10,51,2026-06-30
1150,8,1082,386,393,7,3,34,2026-06-30
1151,8,1461,175,172,6,19,23,2026-06-30
1152,8,1126,295,293,0,3,25,2026-06-30
1153,8,1276,231,221,0,6,26,2026-06-30
1154,8,1357,222,221,5,3,59,2026-06-30
1155,8,1035,186,185,0,4,59,2026-06-30
1156,8,1281,159,154,8,20,43,2026-06-30
1157,8,1452,356,358,0,12,26,2026-06-30
1158,8,1317,288,284,7,5,50,2026-06-30
1159,8,1477,133,140,8,8,42,2026-06-30
1160,8,1118,214,217,1,14,43,2026-06-30
1161,8,1447,251,253,0,15,40,2026-06-30
1162,8,1056,252,256,8,20,47,2026-06-30
1163,8,1217,102,97,5,14,52,2026-06-30
1164,8,1079,283,293,3,3,40,2026-06-30
1165,8,1494,194,189,8,14,35,2026-06-30
1166,8,1204,257,262,4,9,25,2026-06-30
1167,8,1372,165,169,1,9,45,2026-06-30
1168,8,1352,393,399,7,7,34,2026-06-30
1169,8,1387,324,328,3,19,21,2026-06-30
1170,8,1159,185,192,8,14,38,2026-06-30
1171,8,1073,365,361,5,18,24,2026-06-30
1172,8,1244,65,73,5,4,57,2026-06-30
1173,8,1193,193,198,5,10,52,2026-06-30
1174,8,1052,383,382,5,17,32,2026-06-30
1175,8,1175,368,359,6,3,26,2026-06-30
1176,8,1493,109,105,3,13,47,2026-06-30
1177,8,1304,358,365,8,0,39,2026-06-30
1178,8,1325,139,132,3,16,27,2026-06-30
1179,8,1081,83,73,4,0,59,2026-06-30
1180,8,1218,279,279,1,19,36,2026-06-30
1181,8,1050,321,330,7,20,37,2026-06-30
1182,8,1443,140,147,1,5,49,2026-06-30
1183,8,1006,345,346,7,7,22,2026-06-30
1184,8,1078,82,78,1,8,38,2026-06-30
1185,8,1065,93,86,3,4,25,2026-06-30
1186,8,1015,93,97,0,12,43,2026-06-30
1187,8,1092,111,105,2,14,51,2026-06-30
1188,8,1454,398,391,4,13,29,2026-06-30
1189,8,1013,380,388,7,3,24,2026-06-30
1190,8,1129,267,264,6,12,28,2026-06-30
1191,8,1403,275,274,7,15,55,2026-06-30
1192,8,1327,399,395,5,13,38,2026-06-30
1193,8,1196,325,316,8,1,50,2026-06-30
1194,8,1261,230,229,4,12,26,2026-06-30
1195,8,1499,216,224,1,17,57,2026-06-30
1196,8,1241,369,365,5,19,42,2026-06-30
1197,8,1364,371,374,5,14,57,2026-06-30
1198,8,1330,109,109,3,3,49,2026-06-30
1199,8,1288,174,164,4,3,22,2026-06-30
1200,8,1498,169,172,6,14,49,2026-06-30
1201,9,1165,255,253,0,5,47,2026-06-30
1202,9,1077,85,95,6,0,29,2026-06-30
1203,9,1476,226,226,7,19,43,2026-06-30
1204,9,1425,158,156,2,1,34,2026-06-30
1205,9,1126,368,365,3,13,57,2026-06-30
1206,9,1401,400,400,0,9,45,2026-06-30
1207,9,1411,143,138,4,18,33,2026-06-30
1208,9,1108,157,153,0,10,40,2026-06-30
1209,9,1426,56,58,0,9,34,2026-06-30
1210,9,1326,332,337,0,3,50,2026-06-30
1211,9,1269,322,313,4,4,20,2026-06-30
1212,9,1017,288,281,4,2,40,2026-06-30
1213,9,1485,244,243,1,16,54,2026-06-30
1214,9,1267,139,144,7,16,22,2026-06-30
1215,9,1393,198,200,7,19,54,2026-06-30
1216,9,1181,262,261,7,13,58,2026-06-30
1217,9,1117,384,386,3,16,25,2026-06-30
1218,9,1002,124,131,2,19,48,2026-06-30
1219,9,1244,134,141,4,13,51,2026-06-30
1220,9,1410,181,173,3,7,59,2026-06-30
1221,9,1131,62,53,1,2,42,2026-06-30
1222,9,1089,188,195,1,9,38,2026-06-30
1223,9,1237,182,177,8,16,35,2026-06-30
1224,9,1146,324,325,3,15,44,2026-06-30
1225,9,1500,53,58,4,16,48,2026-06-30
1226,9,1404,118,126,0,4,26,2026-06-30
1227,9,1076,345,339,1,1,58,2026-06-30
1228,9,1142,329,331,8,2,24,2026-06-30
1229,9,1370,368,359,0,11,20,2026-06-30
1230,9,1235,154,146,3,17,59,2026-06-30
1231,9,1253,228,220,3,18,44,2026-06-30
1232,9,1455,283,282,3,13,44,2026-06-30
1233,9,1197,211,201,7,7,43,2026-06-30
1234,9,1192,223,228,5,1,44,2026-06-30
1235,9,1280,353,352,7,12,52,2026-06-30
1236,9,1112,326,333,4,13,28,2026-06-30
1237,9,1103,322,325,4,4,55,2026-06-30
1238,9,1086,108,103,0,4,54,2026-06-30
1239,9,1135,67,68,0,3,54,2026-06-30
1240,9,1101,251,261,4,6,51,2026-06-30
1241,9,1074,222,218,2,0,23,2026-06-30
1242,9,1353,309,301,3,20,33,2026-06-30
1243,9,1072,298,292,2,15,51,2026-06-30
1244,9,1123,228,227,8,7,36,2026-06-30
1245,9,1418,89,99,3,11,23,2026-06-30
1246,9,1412,380,389,2,12,38,2026-06-30
1247,9,1210,283,279,8,1,26,2026-06-30
1248,9,1397,206,198,2,6,43,2026-06-30
1249,9,1362,355,345,3,6,28,2026-06-30
1250,9,1023,185,178,2,0,21,2026-06-30
1251,9,1363,207,213,7,0,20,2026-06-30
1252,9,1188,294,287,1,0,43,2026-06-30
1253,9,1459,252,244,0,13,32,2026-06-30
1254,9,1482,231,235,3,0,59,2026-06-30
1255,9,1330,66,73,8,8,54,2026-06-30
1256,9,1061,133,141,1,20,40,2026-06-30
1257,9,1243,308,314,6,10,45,2026-06-30
1258,9,1093,154,160,0,6,34,2026-06-30
1259,9,1444,308,313,6,8,32,2026-06-30
1260,9,1337,154,150,4,0,35,2026-06-30
1261,9,1403,190,195,2,18,57,2026-06-30
1262,9,1207,205,196,0,19,35,2026-06-30
1263,9,1483,331,321,5,7,56,2026-06-30
1264,9,1014,345,355,7,1,49,2026-06-30
1265,9,1276,400,403,0,5,58,2026-06-30
1266,9,1148,264,261,4,17,40,2026-06-30
1267,9,1027,333,323,1,15,43,2026-06-30
1268,9,1288,149,144,7,12,43,2026-06-30
1269,9,1283,217,219,2,4,26,2026-06-30
1270,9,1091,311,314,0,19,23,2026-06-30
1271,9,1187,319,326,8,13,54,2026-06-30
1272,9,1173,375,379,2,1,27,2026-06-30
1273,9,1282,238,239,0,17,32,2026-06-30
1274,9,1354,106,102,1,0,34,2026-06-30
1275,9,1022,119,111,0,13,32,2026-06-30
1276,9,1136,78,79,0,8,39,2026-06-30
1277,9,1251,188,198,1,5,60,2026-06-30
1278,9,1420,308,299,2,10,40,2026-06-30
1279,9,1392,356,362,6,2,58,2026-06-30
1280,9,1230,73,66,6,18,24,2026-06-30
1281,9,1064,71,80,1,16,35,2026-06-30
1282,9,1144,254,258,6,3,25,2026-06-30
1283,9,1374,307,305,1,18,31,2026-06-30
1284,9,1066,112,107,6,16,51,2026-06-30
1285,9,1154,175,168,4,4,24,2026-06-30
1286,9,1408,226,230,6,17,47,2026-06-30
1287,9,1473,336,346,4,10,26,2026-06-30
1288,9,1457,120,126,0,0,38,2026-06-30
1289,9,1218,216,218,6,11,35,2026-06-30
1290,9,1184,254,260,7,13,32,2026-06-30
1291,9,1427,51,45,7,17,23,2026-06-30
1292,9,1383,188,181,2,3,23,2026-06-30
1293,9,1257,225,225,5,9,43,2026-06-30
1294,9,1156,350,344,6,2,51,2026-06-30
1295,9,1265,219,223,1,13,59,2026-06-30
1296,9,1152,270,262,8,5,40,2026-06-30
1297,9,1470,164,169,5,17,58,2026-06-30
1298,9,1441,71,63,2,11,53,2026-06-30
1299,9,1443,190,185,0,3,56,2026-06-30
1300,9,1465,371,371,0,3,39,2026-06-30
1301,9,1038,60,57,6,5,60,2026-06-30
1302,9,1336,71,78,4,10,34,2026-06-30
1303,9,1073,218,221,5,13,20,2026-06-30
1304,9,1486,154,147,7,7,28,2026-06-30
1305,9,1453,181,182,0,14,59,2026-06-30
1306,9,1268,379,369,2,9,30,2026-06-30
1307,9,1368,109,116,3,15,54,2026-06-30
1308,9,1495,361,369,0,7,26,2026-06-30
1309,9,1499,388,388,5,14,27,2026-06-30
1310,9,1310,387,379,3,1,20,2026-06-30
1311,9,1041,372,378,8,14,26,2026-06-30
1312,9,1329,243,253,5,8,59,2026-06-30
1313,9,1396,361,371,2,19,32,2026-06-30
1314,9,1416,80,87,4,16,40,2026-06-30
1315,9,1067,179,186,5,1,46,2026-06-30
1316,9,1346,71,69,8,17,51,2026-06-30
1317,9,1174,392,394,3,3,33,2026-06-30
1318,9,1194,239,232,0,15,42,2026-06-30
1319,9,1440,334,342,0,15,29,2026-06-30
1320,9,1479,178,173,8,2,35,2026-06-30
1321,9,1179,257,261,2,3,51,2026-06-30
1322,9,1496,317,312,0,8,58,2026-06-30
1323,9,1063,306,313,0,15,26,2026-06-30
1324,9,1447,127,130,2,17,22,2026-06-30
1325,9,1058,308,317,1,4,22,2026-06-30
1326,9,1044,288,288,8,18,44,2026-06-30
1327,9,1151,194,201,3,19,53,2026-06-30
1328,9,1105,61,65,5,11,39,2026-06-30
1329,9,1379,340,348,3,18,43,2026-06-30
1330,9,1139,90,81,1,14,60,2026-06-30
1331,9,1085,161,158,3,1,54,2026-06-30
1332,9,1110,340,341,2,18,42,2026-06-30
1333,9,1300,389,381,6,20,51,2026-06-30
1334,9,1034,397,389,5,15,46,2026-06-30
1335,9,1070,360,364,3,20,27,2026-06-30
1336,9,1120,159,164,0,15,39,2026-06-30
1337,9,1211,215,212,5,7,57,2026-06-30
1338,9,1118,253,243,2,19,46,2026-06-30
1339,9,1036,256,253,0,18,38,2026-06-30
1340,9,1109,109,115,2,13,35,2026-06-30
1341,9,1335,172,176,7,1,31,2026-06-30
1342,9,1167,91,96,2,8,53,2026-06-30
1343,9,1113,242,240,5,15,60,2026-06-30
1344,9,1189,134,130,8,15,35,2026-06-30
1345,9,1032,339,337,0,18,25,2026-06-30
1346,9,1338,292,292,2,5,24,2026-06-30
1347,9,1489,330,340,0,5,46,2026-06-30
1348,9,1405,340,344,6,6,41,2026-06-30
1349,9,1133,101,100,1,8,25,2026-06-30
1350,9,1213,60,70,3,3,60,2026-06-30
1351,10,1283,354,362,6,9,49,2026-06-30
1352,10,1224,110,118,8,16,38,2026-06-30
1353,10,1088,78,81,5,5,53,2026-06-30
1354,10,1458,296,297,1,15,30,2026-06-30
1355,10,1418,200,205,4,0,44,2026-06-30
1356,10,1041,371,379,6,13,26,2026-06-30
1357,10,1441,116,116,7,10,58,2026-06-30
1358,10,1162,202,193,6,19,58,2026-06-30
1359,10,1211,296,299,3,13,48,2026-06-30
1360,10,1155,219,209,3,13,20,2026-06-30
1361,10,1216,283,277,5,3,26,2026-06-30
1362,10,1352,237,235,2,16,47,2026-06-30
1363,10,1198,367,368,2,16,39,2026-06-30
1364,10,1498,355,350,8,11,44,2026-06-30
1365,10,1200,196,205,7,17,34,2026-06-30
1366,10,1210,332,339,7,19,39,2026-06-30
1367,10,1077,385,393,3,5,48,2026-06-30
1368,10,1136,258,267,4,2,21,2026-06-30
1369,10,1160,141,138,3,6,34,2026-06-30
1370,10,1207,61,66,8,7,29,2026-06-30
1371,10,1203,334,344,0,17,40,2026-06-30
1372,10,1335,340,341,5,14,42,2026-06-30
1373,10,1467,89,86,2,14,52,2026-06-30
1374,10,1163,134,125,5,14,39,2026-06-30
1375,10,1297,75,85,6,20,54,2026-06-30
1376,10,1344,53,61,2,3,38,2026-06-30
1377,10,1058,296,291,1,12,32,2026-06-30
1378,10,1260,380,383,1,18,54,2026-06-30
1379,10,1436,292,287,5,13,21,2026-06-30
1380,10,1393,220,227,5,0,30,2026-06-30
1381,10,1464,202,210,6,5,30,2026-06-30
1382,10,1063,111,114,3,5,35,2026-06-30
1383,10,1176,102,102,0,12,46,2026-06-30
1384,10,1290,130,132,6,20,35,2026-06-30
1385,10,1172,79,75,2,2,39,2026-06-30
1386,10,1208,304,311,7,14,22,2026-06-30
1387,10,1024,52,47,5,13,59,2026-06-30
1388,10,1114,209,217,0,12,28,2026-06-30
1389,10,1273,288,284,6,8,58,2026-06-30
1390,10,1386,288,294,1,15,21,2026-06-30
1391,10,1478,220,216,7,10,44,2026-06-30
1392,10,1201,108,107,4,8,40,2026-06-30
1393,10,1303,165,155,1,17,47,2026-06-30
1394,10,1381,360,370,4,16,39,2026-06-30
1395,10,1096,245,244,4,7,22,2026-06-30
1396,10,1286,73,71,8,20,57,2026-06-30
1397,10,1010,382,382,6,16,50,2026-06-30
1398,10,1104,376,382,6,6,34,2026-06-30
1399,10,1408,64,54,7,12,42,2026-06-30
1400,10,1218,238,229,0,2,52,2026-06-30
1401,10,1143,361,353,5,15,45,2026-06-30
1402,10,1444,130,135,2,2,41,2026-06-30
1403,10,1375,190,187,7,6,20,2026-06-30
1404,10,1265,352,355,2,14,54,2026-06-30
1405,10,1038,320,330,5,5,29,2026-06-30
1406,10,1368,350,353,4,10,20,2026-06-30
1407,10,1484,263,263,0,20,44,2026-06-30
1408,10,1133,332,338,6,3,27,2026-06-30
1409,10,1354,242,244,7,10,42,2026-06-30
1410,10,1194,255,258,2,9,60,2026-06-30
1411,10,1080,136,140,3,3,48,2026-06-30
1412,10,1152,109,116,1,8,59,2026-06-30
1413,10,1403,262,263,8,5,37,2026-06-30
1414,10,1453,274,278,2,16,58,2026-06-30
1415,10,1151,335,327,1,0,35,2026-06-30
1416,10,1376,390,396,7,2,42,2026-06-30
1417,10,1003,344,353,1,8,49,2026-06-30
1418,10,1279,312,318,4,13,24,2026-06-30
1419,10,1199,292,283,7,4,48,2026-06-30
1420,10,1407,359,368,7,4,24,2026-06-30
1421,10,1337,229,239,6,10,54,2026-06-30
1422,10,1059,370,369,3,13,43,2026-06-30
1423,10,1280,79,85,8,1,35,2026-06-30
1424,10,1307,345,337,4,20,52,2026-06-30
1425,10,1030,172,175,8,20,43,2026-06-30
1426,10,1435,155,156,7,11,33,2026-06-30
1427,10,1454,118,109,5,1,31,2026-06-30
1428,10,1009,348,357,0,11,48,2026-06-30
1429,10,1299,130,124,7,17,42,2026-06-30
1430,10,1394,343,345,0,18,25,2026-06-30
1431,10,1204,62,68,1,12,57,2026-06-30
1432,10,1254,200,205,2,14,33,2026-06-30
1433,10,1348,95,96,6,6,55,2026-06-30
1434,10,1424,360,357,6,17,27,2026-06-30
1435,10,1047,334,324,6,1,31,2026-06-30
1436,10,1095,235,243,1,7,40,2026-06-30
1437,10,1056,98,104,2,7,50,2026-06-30
1438,10,1362,212,214,5,19,60,2026-06-30
1439,10,1493,65,64,6,12,58,2026-06-30
1440,10,1259,335,336,5,8,46,2026-06-30
1441,10,1101,203,210,8,14,34,2026-06-30
1442,10,1189,230,229,7,14,36,2026-06-30
1443,10,1374,282,279,4,19,52,2026-06-30
1444,10,1459,61,66,8,17,50,2026-06-30
1445,10,1450,171,165,0,13,33,2026-06-30
1446,10,1421,65,56,8,6,55,2026-06-30
1447,10,1098,395,404,1,6,52,2026-06-30
1448,10,1141,194,201,0,5,31,2026-06-30
1449,10,1215,354,347,6,8,53,2026-06-30
1450,10,1349,57,50,2,1,52,2026-06-30
1451,10,1302,57,56,0,6,49,2026-06-30
1452,10,1380,374,370,4,20,30,2026-06-30
1453,10,1465,57,61,3,6,31,2026-06-30
1454,10,1343,139,149,2,17,49,2026-06-30
1455,10,1008,334,336,1,12,47,2026-06-30
1456,10,1219,255,265,3,6,52,2026-06-30
1457,10,1238,226,229,6,6,21,2026-06-30
1458,10,1314,226,224,5,11,60,2026-06-30
1459,10,1306,234,227,3,17,28,2026-06-30
1460,10,1486,196,195,1,14,22,2026-06-30
1461,10,1223,295,294,7,7,51,2026-06-30
1462,10,1186,95,99,3,6,51,2026-06-30
1463,10,1487,358,365,1,0,49,2026-06-30
1464,10,1079,271,268,6,14,26,2026-06-30
1465,10,1020,345,336,4,4,53,2026-06-30
1466,10,1011,356,362,8,3,47,2026-06-30
1467,10,1034,110,102,3,11,40,2026-06-30
1468,10,1471,312,310,7,18,59,2026-06-30
1469,10,1103,148,144,8,19,52,2026-06-30
1470,10,1031,246,238,5,10,60,2026-06-30
1471,10,1474,334,324,3,2,52,2026-06-30
1472,10,1319,208,218,7,10,52,2026-06-30
1473,10,1350,352,346,0,16,42,2026-06-30
1474,10,1127,303,305,6,8,55,2026-06-30
1475,10,1214,354,361,6,20,36,2026-06-30
1476,10,1416,338,342,6,15,21,2026-06-30
1477,10,1086,128,132,7,0,60,2026-06-30
1478,10,1301,155,162,0,13,53,2026-06-30
1479,10,1139,128,131,0,20,35,2026-06-30
1480,10,1045,141,150,3,4,25,2026-06-30
1481,10,1052,127,135,4,0,31,2026-06-30
1482,10,1345,392,387,3,11,23,2026-06-30
1483,10,1300,100,99,0,3,38,2026-06-30
1484,10,1340,340,337,6,5,60,2026-06-30
1485,10,1339,371,366,4,14,59,2026-06-30
1486,10,1414,111,119,8,20,51,2026-06-30
1487,10,1483,327,334,7,7,20,2026-06-30
1488,10,1231,62,53,6,0,41,2026-06-30
1489,10,1382,371,363,8,7,20,2026-06-30
1490,10,1328,354,363,2,5,50,2026-06-30
1491,10,1042,337,343,8,16,60,2026-06-30
1492,10,1159,53,52,6,1,42,2026-06-30
1493,10,1120,360,360,5,10,20,2026-06-30
1494,10,1428,237,240,4,4,53,2026-06-30
1495,10,1482,195,193,2,15,34,2026-06-30
1496,10,1195,51,52,1,17,45,2026-06-30
1497,10,1391,220,229,4,2,45,2026-06-30
1498,10,1032,237,239,2,9,21,2026-06-30
1499,10,1222,172,174,7,19,35,2026-06-30
1500,10,1463,317,320,8,19,41,2026-06-30
1501,11,1341,195,199,6,6,24,2026-06-30
1502,11,1316,312,316,2,10,22,2026-06-30
1503,11,1479,261,260,1,10,49,2026-06-30
1504,11,1352,260,262,7,2,32,2026-06-30
1505,11,1257,224,230,2,10,34,2026-06-30
1506,11,1411,250,247,2,13,48,2026-06-30
1507,11,1261,203,206,6,17,34,2026-06-30
1508,11,1071,207,199,3,2,23,2026-06-30
1509,11,1060,153,143,2,4,59,2026-06-30
1510,11,1481,346,341,2,4,51,2026-06-30
1511,11,1326,111,108,8,0,27,2026-06-30
1512,11,1312,383,375,3,18,51,2026-06-30
1513,11,1154,161,156,8,2,31,2026-06-30
1514,11,1102,328,338,7,10,38,2026-06-30
1515,11,1132,303,293,0,20,49,2026-06-30
1516,11,1027,196,188,4,18,22,2026-06-30
1517,11,1059,137,147,5,8,31,2026-06-30
1518,11,1023,53,47,7,1,45,2026-06-30
1519,11,1419,206,205,5,1,28,2026-06-30
1520,11,1442,398,395,8,8,34,2026-06-30
1521,11,1319,132,130,6,13,59,2026-06-30
1522,11,1237,176,183,8,18,20,2026-06-30
1523,11,1343,306,298,8,13,34,2026-06-30
1524,11,1401,317,323,8,6,35,2026-06-30
1525,11,1334,208,217,8,17,38,2026-06-30
1526,11,1402,70,70,3,10,55,2026-06-30
1527,11,1381,222,219,8,2,24,2026-06-30
1528,11,1109,347,338,0,5,53,2026-06-30
1529,11,1356,302,309,2,17,52,2026-06-30
1530,11,1171,241,243,5,14,52,2026-06-30
1531,11,1333,272,280,0,14,36,2026-06-30
1532,11,1235,169,179,7,7,41,2026-06-30
1533,11,1266,173,163,7,5,29,2026-06-30
1534,11,1045,160,156,0,1,46,2026-06-30
1535,11,1262,238,239,1,0,22,2026-06-30
1536,11,1440,147,144,6,1,38,2026-06-30
1537,11,1064,195,198,3,6,59,2026-06-30
1538,11,1005,277,274,3,3,49,2026-06-30
1539,11,1053,88,95,3,17,28,2026-06-30
1540,11,1385,69,66,5,15,55,2026-06-30
1541,11,1314,384,385,4,3,52,2026-06-30
1542,11,1329,63,60,6,9,55,2026-06-30
1543,11,1432,326,316,5,7,38,2026-06-30
1544,11,1360,185,185,6,19,35,2026-06-30
1545,11,1423,357,352,2,3,52,2026-06-30
1546,11,1254,251,251,0,19,32,2026-06-30
1547,11,1283,199,205,7,19,36,2026-06-30
1548,11,1272,291,293,7,2,37,2026-06-30
1549,11,1451,229,221,6,4,48,2026-06-30
1550,11,1405,162,161,8,13,40,2026-06-30
1551,11,1253,254,250,4,12,47,2026-06-30
1552,11,1439,272,277,8,0,30,2026-06-30
1553,11,1457,396,397,8,8,42,2026-06-30
1554,11,1042,169,164,3,2,45,2026-06-30
1555,11,1453,131,135,7,20,20,2026-06-30
1556,11,1121,149,155,0,4,31,2026-06-30
1557,11,1236,205,209,3,5,51,2026-06-30
1558,11,1234,105,99,0,4,28,2026-06-30
1559,11,1424,266,275,7,4,52,2026-06-30
1560,11,1021,278,288,8,13,42,2026-06-30
1561,11,1160,338,331,2,17,48,2026-06-30
1562,11,1434,377,370,4,11,32,2026-06-30
1563,11,1184,277,283,5,19,58,2026-06-30
1564,11,1259,118,117,4,18,44,2026-06-30
1565,11,1162,87,82,6,13,24,2026-06-30
1566,11,1336,202,211,2,19,28,2026-06-30
1567,11,1104,318,328,1,1,46,2026-06-30
1568,11,1185,398,405,7,8,20,2026-06-30
1569,11,1108,59,51,1,20,45,2026-06-30
1570,11,1455,194,189,8,15,56,2026-06-30
1571,11,1286,376,366,7,10,24,2026-06-30
1572,11,1075,224,233,1,14,30,2026-06-30
1573,11,1425,308,300,0,12,57,2026-06-30
1574,11,1048,193,187,4,2,20,2026-06-30
1575,11,1124,366,360,2,5,31,2026-06-30
1576,11,1244,80,76,6,12,24,2026-06-30
1577,11,1145,184,174,1,11,23,2026-06-30
1578,11,1280,278,280,0,0,55,2026-06-30
1579,11,1399,55,56,7,11,60,2026-06-30
1580,11,1148,140,144,2,3,35,2026-06-30
1581,11,1347,307,303,8,16,55,2026-06-30
1582,11,1091,345,349,8,7,57,2026-06-30
1583,11,1085,78,71,3,7,45,2026-06-30
1584,11,1418,151,152,4,16,56,2026-06-30
1585,11,1494,218,209,3,6,42,2026-06-30
1586,11,1181,57,65,5,18,60,2026-06-30
1587,11,1362,258,260,4,7,41,2026-06-30
1588,11,1125,64,69,2,6,53,2026-06-30
1589,11,1133,399,405,0,9,52,2026-06-30
1590,11,1291,107,107,0,5,25,2026-06-30
1591,11,1396,252,245,0,12,28,2026-06-30
1592,11,1047,383,390,2,9,20,2026-06-30
1593,11,1088,168,166,8,12,37,2026-06-30
1594,11,1187,106,109,0,7,51,2026-06-30
1595,11,1016,91,86,2,4,46,2026-06-30
1596,11,1363,221,228,3,18,23,2026-06-30
1597,11,1214,190,195,4,15,51,2026-06-30
1598,11,1288,338,337,3,15,38,2026-06-30
1599,11,1111,274,269,7,10,25,2026-06-30
1600,11,1327,213,220,4,5,21,2026-06-30
1601,11,1170,54,55,1,14,21,2026-06-30
1602,11,1100,271,278,8,11,27,2026-06-30
1603,11,1068,100,95,6,16,31,2026-06-30
1604,11,1177,94,91,6,6,23,2026-06-30
1605,11,1321,290,296,5,0,42,2026-06-30
1606,11,1055,380,387,4,18,20,2026-06-30
1607,11,1127,209,216,6,9,22,2026-06-30
1608,11,1456,87,85,2,14,31,2026-06-30
1609,11,1080,276,286,7,0,51,2026-06-30
1610,11,1496,182,178,6,16,49,2026-06-30
1611,11,1141,169,160,2,18,39,2026-06-30
1612,11,1095,188,179,8,17,32,2026-06-30
1613,11,1213,242,232,5,3,20,2026-06-30
1614,11,1087,337,346,0,0,29,2026-06-30
1615,11,1232,132,133,0,8,49,2026-06-30
1616,11,1378,255,258,5,6,25,2026-06-30
1617,11,1114,121,120,1,18,50,2026-06-30
1618,11,1110,227,231,6,1,51,2026-06-30
1619,11,1331,131,131,1,1,47,2026-06-30
1620,11,1317,385,384,4,20,53,2026-06-30
1621,11,1126,342,348,8,0,40,2026-06-30
1622,11,1002,52,57,7,0,39,2026-06-30
1623,11,1159,248,247,5,20,23,2026-06-30
1624,11,1340,272,264,3,5,53,2026-06-30
1625,11,1403,179,174,1,1,29,2026-06-30
1626,11,1267,78,69,1,6,45,2026-06-30
1627,11,1158,323,326,8,19,58,2026-06-30
1628,11,1103,240,248,3,8,20,2026-06-30
1629,11,1323,245,235,8,20,26,2026-06-30
1630,11,1460,142,142,3,9,27,2026-06-30
1631,11,1275,307,309,2,3,21,2026-06-30
1632,11,1077,114,119,8,5,34,2026-06-30
1633,11,1500,251,253,8,0,55,2026-06-30
1634,11,1142,180,178,2,6,25,2026-06-30
1635,11,1093,145,139,5,14,34,2026-06-30
1636,11,1350,249,240,0,13,48,2026-06-30
1637,11,1380,399,399,6,2,50,2026-06-30
1638,11,1043,143,141,0,9,26,2026-06-30
1639,11,1251,309,307,0,12,46,2026-06-30
1640,11,1062,349,352,7,2,44,2026-06-30
1641,11,1019,330,323,7,18,59,2026-06-30
1642,11,1176,71,62,1,3,59,2026-06-30
1643,11,1140,376,383,7,19,45,2026-06-30
1644,11,1179,69,65,0,16,25,2026-06-30
1645,11,1359,163,168,7,5,33,2026-06-30
1646,11,1281,173,173,4,20,41,2026-06-30
1647,11,1201,379,389,3,6,48,2026-06-30
1648,11,1231,262,265,2,20,43,2026-06-30
1649,11,1426,297,306,4,14,53,2026-06-30
1650,11,1174,174,168,6,4,50,2026-06-30
1651,12,1085,362,368,0,12,54,2026-06-30
1652,12,1454,338,330,5,0,32,2026-06-30
1653,12,1349,342,339,7,15,31,2026-06-30
1654,12,1447,389,380,4,12,55,2026-06-30
1655,12,1068,246,256,6,13,49,2026-06-30
1656,12,1309,96,102,6,1,39,2026-06-30
1657,12,1467,84,92,4,4,58,2026-06-30
1658,12,1437,208,214,8,7,35,2026-06-30
1659,12,1262,189,193,4,15,24,2026-06-30
1660,12,1006,390,393,5,19,48,2026-06-30
1661,12,1243,170,169,3,7,43,2026-06-30
1662,12,1442,184,174,0,15,37,2026-06-30
1663,12,1294,150,159,7,19,28,2026-06-30
1664,12,1090,204,209,3,5,22,2026-06-30
1665,12,1017,137,130,6,15,48,2026-06-30
1666,12,1166,101,94,0,13,41,2026-06-30
1667,12,1472,153,157,0,13,24,2026-06-30
1668,12,1407,145,153,2,16,25,2026-06-30
1669,12,1131,125,122,4,19,59,2026-06-30
1670,12,1076,373,368,1,15,29,2026-06-30
1671,12,1296,201,193,7,8,49,2026-06-30
1672,12,1439,186,188,7,16,30,2026-06-30
1673,12,1385,399,407,2,6,35,2026-06-30
1674,12,1471,63,56,4,4,38,2026-06-30
1675,12,1061,350,349,7,16,52,2026-06-30
1676,12,1280,284,286,8,15,27,2026-06-30
1677,12,1441,86,90,2,14,38,2026-06-30
1678,12,1229,332,322,2,19,60,2026-06-30
1679,12,1484,226,221,4,19,47,2026-06-30
1680,12,1159,254,261,4,4,60,2026-06-30
1681,12,1146,129,119,4,10,38,2026-06-30
1682,12,1388,61,60,6,8,36,2026-06-30
1683,12,1458,250,248,5,4,46,2026-06-30
1684,12,1474,68,75,4,7,40,2026-06-30
1685,12,1151,72,72,4,9,36,2026-06-30
1686,12,1335,297,288,8,0,36,2026-06-30
1687,12,1248,229,236,0,18,37,2026-06-30
1688,12,1253,329,339,5,11,31,2026-06-30
1689,12,1446,71,75,5,12,27,2026-06-30
1690,12,1123,253,258,4,19,31,2026-06-30
1691,12,1207,366,363,4,19,48,2026-06-30
1692,12,1226,336,334,2,6,40,2026-06-30
1693,12,1065,357,365,4,7,38,2026-06-30
1694,12,1325,97,89,4,11,39,2026-06-30
1695,12,1022,87,86,5,7,44,2026-06-30
1696,12,1040,214,204,0,6,42,2026-06-30
1697,12,1251,256,251,2,17,47,2026-06-30
1698,12,1376,58,54,6,3,52,2026-06-30
1699,12,1413,340,349,3,10,28,2026-06-30
1700,12,1112,386,383,2,6,31,2026-06-30
1701,12,1133,222,222,4,2,37,2026-06-30
1702,12,1170,376,368,8,16,59,2026-06-30
1703,12,1192,313,312,1,7,20,2026-06-30
1704,12,1195,386,392,8,1,44,2026-06-30
1705,12,1019,92,102,0,16,59,2026-06-30
1706,12,1101,329,334,3,12,38,2026-06-30
1707,12,1230,121,131,1,15,55,2026-06-30
1708,12,1008,214,218,6,2,45,2026-06-30
1709,12,1242,270,279,1,17,22,2026-06-30
1710,12,1102,82,88,4,6,21,2026-06-30
1711,12,1302,299,309,4,0,58,2026-06-30
1712,12,1191,166,171,0,9,39,2026-06-30
1713,12,1050,390,389,5,19,47,2026-06-30
1714,12,1324,225,226,1,19,53,2026-06-30
1715,12,1295,378,378,2,3,50,2026-06-30
1716,12,1072,72,78,6,7,45,2026-06-30
1717,12,1183,342,351,4,5,28,2026-06-30
1718,12,1320,334,326,2,13,27,2026-06-30
1719,12,1462,264,262,8,4,21,2026-06-30
1720,12,1453,378,378,8,18,53,2026-06-30
1721,12,1204,323,329,5,18,25,2026-06-30
1722,12,1275,103,104,4,14,55,2026-06-30
1723,12,1286,201,198,8,9,28,2026-06-30
1724,12,1203,336,345,0,15,51,2026-06-30
1725,12,1186,337,344,2,1,44,2026-06-30
1726,12,1464,159,165,4,2,58,2026-06-30
1727,12,1383,80,79,2,1,33,2026-06-30
1728,12,1062,218,211,7,4,38,2026-06-30
1729,12,1081,52,44,4,16,22,2026-06-30
1730,12,1259,100,109,6,0,55,2026-06-30
1731,12,1255,219,213,7,14,41,2026-06-30
1732,12,1053,167,160,2,19,20,2026-06-30
1733,12,1297,302,307,0,1,40,2026-06-30
1734,12,1438,332,337,1,16,56,2026-06-30
1735,12,1348,279,277,3,4,36,2026-06-30
1736,12,1139,200,210,2,13,36,2026-06-30
1737,12,1201,372,374,0,8,59,2026-06-30
1738,12,1148,288,282,4,7,47,2026-06-30
1739,12,1482,90,98,0,7,49,2026-06-30
1740,12,1277,387,389,0,18,38,2026-06-30
1741,12,1291,98,95,4,12,36,2026-06-30
1742,12,1353,342,350,8,19,23,2026-06-30
1743,12,1240,220,211,3,8,42,2026-06-30
1744,12,1096,237,229,8,18,31,2026-06-30
1745,12,1158,67,76,7,16,57,2026-06-30
1746,12,1221,371,364,3,4,39,2026-06-30
1747,12,1449,237,241,3,11,24,2026-06-30
1748,12,1001,100,108,1,18,34,2026-06-30
1749,12,1218,175,168,2,8,39,2026-06-30
1750,12,1060,55,59,8,0,39,2026-06-30
1751,12,1371,96,91,4,1,55,2026-06-30
1752,12,1244,204,196,1,16,47,2026-06-30
1753,12,1397,289,294,1,0,40,2026-06-30
1754,12,1344,230,239,4,8,40,2026-06-30
1755,12,1122,342,336,7,12,32,2026-06-30
1756,12,1171,92,84,8,4,45,2026-06-30
1757,12,1235,99,105,1,10,39,2026-06-30
1758,12,1369,178,178,5,15,52,2026-06-30
1759,12,1498,232,224,8,11,42,2026-06-30
1760,12,1052,311,318,6,15,45,2026-06-30
1761,12,1461,64,72,7,5,46,2026-06-30
1762,12,1352,159,157,2,15,55,2026-06-30
1763,12,1155,96,97,2,3,22,2026-06-30
1764,12,1120,124,117,6,1,37,2026-06-30
1765,12,1406,298,293,2,12,33,2026-06-30
1766,12,1079,81,78,0,4,27,2026-06-30
1767,12,1360,367,374,6,10,39,2026-06-30
1768,12,1041,189,194,2,19,58,2026-06-30
1769,12,1222,338,329,0,9,25,2026-06-30
1770,12,1404,369,362,6,19,59,2026-06-30
1771,12,1157,255,261,4,6,51,2026-06-30
1772,12,1084,368,374,5,13,24,2026-06-30
1773,12,1431,230,235,0,10,20,2026-06-30
1774,12,1224,253,246,2,18,21,2026-06-30
1775,12,1130,351,356,6,17,34,2026-06-30
1776,12,1080,259,259,1,9,44,2026-06-30
1777,12,1012,320,327,5,13,42,2026-06-30
1778,12,1209,204,213,7,12,24,2026-06-30
1779,12,1317,325,322,3,20,23,2026-06-30
1780,12,1435,142,151,3,2,31,2026-06-30
1781,12,1307,163,158,5,3,21,2026-06-30
1782,12,1169,135,128,0,5,42,2026-06-30
1783,12,1357,202,207,3,13,36,2026-06-30
1784,12,1063,165,174,3,0,21,2026-06-30
1785,12,1330,186,187,5,15,56,2026-06-30
1786,12,1245,238,230,2,17,54,2026-06-30
1787,12,1250,262,270,1,6,32,2026-06-30
1788,12,1398,297,288,2,13,20,2026-06-30
1789,12,1007,202,200,7,15,58,2026-06-30
1790,12,1003,187,190,6,9,23,2026-06-30
1791,12,1450,180,177,7,4,24,2026-06-30
1792,12,1099,169,172,1,5,41,2026-06-30
1793,12,1321,245,239,6,15,50,2026-06-30
1794,12,1056,187,187,8,20,32,2026-06-30
1795,12,1117,124,128,0,14,32,2026-06-30
1796,12,1485,307,298,3,16,53,2026-06-30
1797,12,1283,211,214,2,9,49,2026-06-30
1798,12,1256,352,359,5,6,32,2026-06-30
1799,12,1021,257,258,1,0,50,2026-06-30
1800,12,1292,78,87,5,9,44,2026-06-30
1801,13,1058,356,347,2,6,23,2026-06-30
1802,13,1475,140,140,5,20,21,2026-06-30
1803,13,1212,249,245,0,15,27,2026-06-30
1804,13,1169,231,230,6,11,29,2026-06-30
1805,13,1064,126,123,1,12,20,2026-06-30
1806,13,1232,60,70,1,0,36,2026-06-30
1807,13,1043,317,313,7,4,26,2026-06-30
1808,13,1209,100,102,5,12,47,2026-06-30
1809,13,1055,89,95,0,8,39,2026-06-30
1810,13,1287,393,386,4,10,59,2026-06-30
1811,13,1437,100,108,7,11,49,2026-06-30
1812,13,1152,150,159,1,8,50,2026-06-30
1813,13,1368,271,266,4,6,50,2026-06-30
1814,13,1115,278,288,0,7,59,2026-06-30
1815,13,1407,197,205,5,15,45,2026-06-30
1816,13,1144,272,263,8,4,31,2026-06-30
1817,13,1154,107,106,6,5,25,2026-06-30
1818,13,1310,390,392,7,10,22,2026-06-30
1819,13,1081,352,343,2,7,28,2026-06-30
1820,13,1076,149,157,6,15,31,2026-06-30
1821,13,1280,302,308,7,4,45,2026-06-30
1822,13,1482,290,289,1,7,58,2026-06-30
1823,13,1069,204,199,6,3,32,2026-06-30
1824,13,1141,314,320,4,12,45,2026-06-30
1825,13,1393,235,237,8,6,58,2026-06-30
1826,13,1387,109,102,8,11,54,2026-06-30
1827,13,1479,73,73,4,10,54,2026-06-30
1828,13,1187,260,254,1,13,56,2026-06-30
1829,13,1015,94,95,7,7,29,2026-06-30
1830,13,1198,167,160,6,12,44,2026-06-30
1831,13,1346,240,244,8,10,48,2026-06-30
1832,13,1340,384,383,5,1,54,2026-06-30
1833,13,1282,99,95,2,17,33,2026-06-30
1834,13,1075,154,163,2,3,55,2026-06-30
1835,13,1269,215,220,4,20,35,2026-06-30
1836,13,1471,159,154,2,1,36,2026-06-30
1837,13,1255,308,299,2,2,36,2026-06-30
1838,13,1066,79,82,7,18,24,2026-06-30
1839,13,1367,67,77,4,14,60,2026-06-30
1840,13,1037,189,195,5,20,51,2026-06-30
1841,13,1416,126,121,3,0,49,2026-06-30
1842,13,1217,61,56,3,4,52,2026-06-30
1843,13,1158,182,182,0,4,32,2026-06-30
1844,13,1299,243,245,8,18,50,2026-06-30
1845,13,1388,398,402,7,4,45,2026-06-30
1846,13,1241,78,84,1,6,41,2026-06-30
1847,13,1191,60,69,4,11,21,2026-06-30
1848,13,1124,344,337,6,5,22,2026-06-30
1849,13,1326,393,387,1,15,31,2026-06-30
1850,13,1305,97,97,6,1,21,2026-06-30
1851,13,1323,186,191,1,4,60,2026-06-30
1852,13,1429,387,394,1,11,33,2026-06-30
1853,13,1423,65,61,6,19,28,2026-06-30
1854,13,1194,235,241,4,5,25,2026-06-30
1855,13,1409,81,76,8,0,23,2026-06-30
1856,13,1203,95,95,0,3,23,2026-06-30
1857,13,1347,378,370,7,13,26,2026-06-30
1858,13,1275,181,189,2,1,56,2026-06-30
1859,13,1091,233,224,4,20,24,2026-06-30
1860,13,1332,97,106,2,3,28,2026-06-30
1861,13,1175,94,104,7,14,57,2026-06-30
1862,13,1157,155,164,1,4,39,2026-06-30
1863,13,1459,282,292,7,1,44,2026-06-30
1864,13,1408,284,283,8,10,41,2026-06-30
1865,13,1484,148,158,5,2,46,2026-06-30
1866,13,1139,268,275,7,15,36,2026-06-30
1867,13,1143,334,343,5,9,20,2026-06-30
1868,13,1207,355,364,1,15,22,2026-06-30
1869,13,1288,378,381,0,15,24,2026-06-30
1870,13,1473,122,124,7,14,59,2026-06-30
1871,13,1361,56,55,7,16,38,2026-06-30
1872,13,1024,340,336,1,8,29,2026-06-30
1873,13,1325,332,335,0,13,31,2026-06-30
1874,13,1384,128,135,8,6,22,2026-06-30
1875,13,1395,160,165,5,17,48,2026-06-30
1876,13,1453,127,130,0,1,51,2026-06-30
1877,13,1399,323,318,5,9,50,2026-06-30
1878,13,1304,253,243,8,0,45,2026-06-30
1879,13,1253,282,278,0,13,24,2026-06-30
1880,13,1379,278,271,8,0,21,2026-06-30
1881,13,1474,187,197,4,16,54,2026-06-30
1882,13,1403,219,223,7,14,29,2026-06-30
1883,13,1050,65,63,5,15,52,2026-06-30
1884,13,1161,229,230,2,10,22,2026-06-30
1885,13,1356,224,216,6,3,49,2026-06-30
1886,13,1122,315,318,3,17,45,2026-06-30
1887,13,1298,132,132,6,7,20,2026-06-30
1888,13,1213,57,47,5,15,33,2026-06-30
1889,13,1036,164,167,6,11,25,2026-06-30
1890,13,1293,138,147,2,3,20,2026-06-30
1891,13,1470,212,215,6,4,45,2026-06-30
1892,13,1496,93,101,7,2,60,2026-06-30
1893,13,1201,255,249,6,9,30,2026-06-30
1894,13,1261,198,195,8,17,51,2026-06-30
1895,13,1297,211,216,8,13,35,2026-06-30
1896,13,1296,68,69,2,4,24,2026-06-30
1897,13,1002,341,338,0,19,60,2026-06-30
1898,13,1497,390,388,4,17,47,2026-06-30
1899,13,1267,323,322,1,14,57,2026-06-30
1900,13,1131,223,231,1,3,24,2026-06-30
1901,13,1274,59,68,8,2,57,2026-06-30
1902,13,1373,240,249,7,5,25,2026-06-30
1903,13,1339,359,357,0,18,25,2026-06-30
1904,13,1389,327,332,0,19,26,2026-06-30
1905,13,1381,268,268,0,5,56,2026-06-30
1906,13,1197,178,184,4,14,32,2026-06-30
1907,13,1428,101,110,7,15,38,2026-06-30
1908,13,1272,55,56,1,13,46,2026-06-30
1909,13,1295,364,367,5,13,53,2026-06-30
1910,13,1493,199,194,3,14,59,2026-06-30
1911,13,1181,269,275,5,18,55,2026-06-30
1912,13,1045,122,122,1,14,33,2026-06-30
1913,13,1138,65,59,8,5,35,2026-06-30
1914,13,1025,308,309,1,18,20,2026-06-30
1915,13,1221,80,87,4,2,40,2026-06-30
1916,13,1440,217,226,0,6,58,2026-06-30
1917,13,1174,122,119,3,5,48,2026-06-30
1918,13,1300,307,310,1,13,42,2026-06-30
1919,13,1151,51,55,8,11,31,2026-06-30
1920,13,1318,267,263,7,20,38,2026-06-30
1921,13,1234,223,216,6,15,60,2026-06-30
1922,13,1205,268,271,3,10,34,2026-06-30
1923,13,1317,99,104,5,13,50,2026-06-30
1924,13,1341,233,233,7,2,39,2026-06-30
1925,13,1052,304,304,7,20,53,2026-06-30
1926,13,1284,285,277,3,11,30,2026-06-30
1927,13,1396,141,141,3,19,36,2026-06-30
1928,13,1419,129,136,0,18,55,2026-06-30
1929,13,1262,75,68,1,11,49,2026-06-30
1930,13,1279,301,306,6,0,24,2026-06-30
1931,13,1150,301,305,4,1,33,2026-06-30
1932,13,1179,216,212,8,7,46,2026-06-30
1933,13,1079,78,87,1,0,47,2026-06-30
1934,13,1102,276,282,2,3,54,2026-06-30
1935,13,1283,398,402,5,5,55,2026-06-30
1936,13,1133,380,379,7,16,58,2026-06-30
1937,13,1486,277,284,7,6,24,2026-06-30
1938,13,1040,239,244,8,11,42,2026-06-30
1939,13,1215,87,80,4,9,37,2026-06-30
1940,13,1405,266,275,6,0,33,2026-06-30
1941,13,1227,223,220,4,3,33,2026-06-30
1942,13,1003,354,345,7,14,36,2026-06-30
1943,13,1196,72,80,1,9,37,2026-06-30
1944,13,1110,324,327,0,13,42,2026-06-30
1945,13,1434,155,150,4,15,54,2026-06-30
1946,13,1216,122,128,6,18,34,2026-06-30
1947,13,1172,111,115,2,0,54,2026-06-30
1948,13,1085,302,304,7,11,38,2026-06-30
1949,13,1349,324,314,8,0,56,2026-06-30
1950,13,1433,395,391,3,7,31,2026-06-30
1951,14,1081,266,268,8,9,37,2026-06-30
1952,14,1223,326,322,1,11,37,2026-06-30
1953,14,1420,375,373,5,13,49,2026-06-30
1954,14,1146,372,372,3,4,22,2026-06-30
1955,14,1278,88,85,2,4,46,2026-06-30
1956,14,1104,134,133,4,16,38,2026-06-30
1957,14,1226,280,289,7,9,32,2026-06-30
1958,14,1399,287,297,8,15,44,2026-06-30
1959,14,1421,319,314,1,7,25,2026-06-30
1960,14,1249,127,136,6,14,41,2026-06-30
1961,14,1270,117,124,4,10,53,2026-06-30
1962,14,1376,141,151,7,0,26,2026-06-30
1963,14,1234,74,75,5,6,58,2026-06-30
1964,14,1341,286,287,2,14,31,2026-06-30
1965,14,1345,201,206,7,14,52,2026-06-30
1966,14,1131,348,343,8,19,43,2026-06-30
1967,14,1035,337,342,8,8,45,2026-06-30
1968,14,1355,93,101,7,0,21,2026-06-30
1969,14,1393,167,169,4,20,58,2026-06-30
1970,14,1305,300,297,7,9,29,2026-06-30
1971,14,1206,389,395,8,0,59,2026-06-30
1972,14,1445,369,369,3,12,27,2026-06-30
1973,14,1118,255,260,8,18,55,2026-06-30
1974,14,1030,303,299,2,19,45,2026-06-30
1975,14,1103,139,131,8,15,22,2026-06-30
1976,14,1391,190,198,5,0,36,2026-06-30
1977,14,1156,286,277,7,12,20,2026-06-30
1978,14,1269,209,214,4,1,38,2026-06-30
1979,14,1473,98,97,8,13,44,2026-06-30
1980,14,1499,168,171,5,17,47,2026-06-30
1981,14,1123,227,223,8,6,21,2026-06-30
1982,14,1283,265,255,5,20,23,2026-06-30
1983,14,1033,344,342,6,19,29,2026-06-30
1984,14,1413,369,373,3,1,26,2026-06-30
1985,14,1427,208,203,2,1,36,2026-06-30
1986,14,1410,368,365,8,15,33,2026-06-30
1987,14,1177,184,174,8,10,58,2026-06-30
1988,14,1082,84,75,6,0,58,2026-06-30
1989,14,1241,203,198,1,17,39,2026-06-30
1990,14,1380,100,106,4,10,26,2026-06-30
1991,14,1096,173,178,4,15,45,2026-06-30
1992,14,1094,366,360,2,15,45,2026-06-30
1993,14,1476,344,334,1,9,22,2026-06-30
1994,14,1055,188,198,7,13,44,2026-06-30
1995,14,1004,154,147,5,15,35,2026-06-30
1996,14,1210,78,71,5,11,59,2026-06-30
1997,14,1334,165,164,2,19,34,2026-06-30
1998,14,1491,237,247,2,8,29,2026-06-30
1999,14,1342,64,64,5,7,56,2026-06-30
2000,14,1145,146,142,2,6,34,2026-06-30
2001,14,1296,123,116,1,4,25,2026-06-30
2002,14,1201,329,331,7,1,47,2026-06-30
2003,14,1175,274,266,5,0,30,2026-06-30
2004,14,1211,58,63,0,4,38,2026-06-30
2005,14,1256,217,214,7,17,30,2026-06-30
2006,14,1075,291,299,1,19,50,2026-06-30
2007,14,1414,167,164,4,13,50,2026-06-30
2008,14,1167,79,79,7,16,31,2026-06-30
2009,14,1095,223,213,6,6,27,2026-06-30
2010,14,1326,79,78,1,5,32,2026-06-30
2011,14,1140,220,227,7,5,54,2026-06-30
2012,14,1250,102,106,7,8,35,2026-06-30
2013,14,1127,339,331,7,5,44,2026-06-30
2014,14,1049,111,103,6,6,56,2026-06-30
2015,14,1458,363,363,6,13,23,2026-06-30
2016,14,1371,330,322,8,11,40,2026-06-30
2017,14,1464,243,237,3,14,39,2026-06-30
2018,14,1492,105,115,5,20,59,2026-06-30
2019,14,1459,353,345,2,1,30,2026-06-30
2020,14,1063,345,346,8,13,49,2026-06-30
2021,14,1115,77,81,3,12,36,2026-06-30
2022,14,1327,326,321,3,14,53,2026-06-30
2023,14,1240,322,322,5,13,45,2026-06-30
2024,14,1352,136,140,0,11,49,2026-06-30
2025,14,1454,381,379,1,15,48,2026-06-30
2026,14,1222,336,346,7,13,24,2026-06-30
2027,14,1422,387,377,1,6,38,2026-06-30
2028,14,1245,340,340,7,3,37,2026-06-30
2029,14,1071,59,52,4,16,20,2026-06-30
2030,14,1162,215,209,4,20,30,2026-06-30
2031,14,1277,93,83,0,1,22,2026-06-30
2032,14,1302,310,317,6,14,28,2026-06-30
2033,14,1093,240,234,4,18,31,2026-06-30
2034,14,1447,158,152,5,6,51,2026-06-30
2035,14,1490,132,139,0,1,55,2026-06-30
2036,14,1394,136,130,5,6,51,2026-06-30
2037,14,1446,118,115,6,18,25,2026-06-30
2038,14,1364,92,88,0,6,44,2026-06-30
2039,14,1337,298,298,3,15,59,2026-06-30
2040,14,1038,211,220,2,20,40,2026-06-30
2041,14,1343,256,246,3,20,31,2026-06-30
2042,14,1032,310,304,3,11,27,2026-06-30
2043,14,1217,362,372,7,14,55,2026-06-30
2044,14,1078,368,366,2,0,23,2026-06-30
2045,14,1439,67,61,1,11,41,2026-06-30
2046,14,1168,56,60,6,16,25,2026-06-30
2047,14,1213,70,63,3,10,53,2026-06-30
2048,14,1166,385,393,6,17,50,2026-06-30
2049,14,1117,193,191,5,11,56,2026-06-30
2050,14,1366,337,346,2,2,56,2026-06-30
2051,14,1360,354,362,3,4,33,2026-06-30
2052,14,1403,276,274,5,2,52,2026-06-30
2053,14,1134,148,143,3,12,43,2026-06-30
2054,14,1018,113,103,6,5,39,2026-06-30
2055,14,1304,387,387,0,6,38,2026-06-30
2056,14,1286,261,255,2,17,42,2026-06-30
2057,14,1100,167,157,8,0,57,2026-06-30
2058,14,1132,323,322,1,2,39,2026-06-30
2059,14,1242,251,252,5,17,49,2026-06-30
2060,14,1215,120,112,0,9,29,2026-06-30
2061,14,1406,81,77,3,9,39,2026-06-30
2062,14,1214,75,83,1,0,39,2026-06-30
2063,14,1007,365,375,0,17,37,2026-06-30
2064,14,1271,345,353,3,7,27,2026-06-30
2065,14,1363,318,325,4,0,44,2026-06-30
2066,14,1182,340,348,4,9,50,2026-06-30
2067,14,1085,212,202,5,8,27,2026-06-30
2068,14,1429,400,397,1,19,38,2026-06-30
2069,14,1331,66,75,4,11,26,2026-06-30
2070,14,1066,346,348,7,4,27,2026-06-30
2071,14,1001,327,329,3,5,37,2026-06-30
2072,14,1344,115,120,5,8,52,2026-06-30
2073,14,1198,232,231,5,5,59,2026-06-30
2074,14,1453,213,215,2,6,43,2026-06-30
2075,14,1388,311,302,1,15,33,2026-06-30
2076,14,1188,228,219,3,2,24,2026-06-30
2077,14,1180,283,273,4,9,37,2026-06-30
2078,14,1111,193,203,5,12,25,2026-06-30
2079,14,1017,203,210,1,20,59,2026-06-30
2080,14,1113,199,194,7,17,48,2026-06-30
2081,14,1498,151,152,3,16,35,2026-06-30
2082,14,1496,287,296,4,4,39,2026-06-30
2083,14,1468,51,48,2,6,23,2026-06-30
2084,14,1316,371,364,8,20,30,2026-06-30
2085,14,1272,350,359,7,8,22,2026-06-30
2086,14,1224,288,294,4,12,47,2026-06-30
2087,14,1332,51,61,1,6,46,2026-06-30
2088,14,1378,217,220,6,15,60,2026-06-30
2089,14,1077,148,140,8,2,54,2026-06-30
2090,14,1046,102,102,2,5,20,2026-06-30
2091,14,1013,62,72,6,4,27,2026-06-30
2092,14,1348,277,282,7,19,34,2026-06-30
2093,14,1295,330,337,0,8,50,2026-06-30
2094,14,1178,130,122,6,6,27,2026-06-30
2095,14,1435,236,234,1,6,41,2026-06-30
2096,14,1159,87,94,5,16,56,2026-06-30
2097,14,1218,322,325,8,6,45,2026-06-30
2098,14,1220,355,361,5,6,52,2026-06-30
2099,14,1457,78,86,1,7,41,2026-06-30
2100,14,1031,153,159,4,20,29,2026-06-30
2101,15,1160,204,214,5,5,60,2026-06-30
2102,15,1267,71,66,7,14,31,2026-06-30
2103,15,1241,397,391,4,9,56,2026-06-30
2104,15,1318,399,395,6,0,58,2026-06-30
2105,15,1104,292,283,0,16,55,2026-06-30
2106,15,1287,304,294,5,2,52,2026-06-30
2107,15,1448,93,92,3,11,60,2026-06-30
2108,15,1233,371,378,0,12,28,2026-06-30
2109,15,1394,160,160,3,2,38,2026-06-30
2110,15,1485,156,165,7,5,31,2026-06-30
2111,15,1031,374,373,6,0,24,2026-06-30
2112,15,1437,314,315,8,8,23,2026-06-30
2113,15,1182,235,231,5,3,41,2026-06-30
2114,15,1368,284,289,2,7,40,2026-06-30
2115,15,1349,71,66,4,11,22,2026-06-30
2116,15,1353,285,279,3,11,47,2026-06-30
2117,15,1418,171,171,2,11,28,2026-06-30
2118,15,1404,149,157,1,13,57,2026-06-30
2119,15,1266,316,306,6,17,38,2026-06-30
2120,15,1092,325,331,5,2,60,2026-06-30
2121,15,1053,158,163,7,15,21,2026-06-30
2122,15,1088,100,108,5,3,22,2026-06-30
2123,15,1340,223,229,8,12,40,2026-06-30
2124,15,1140,247,240,8,14,34,2026-06-30
2125,15,1425,294,285,8,20,49,2026-06-30
2126,15,1223,119,109,3,14,53,2026-06-30
2127,15,1408,183,192,2,16,60,2026-06-30
2128,15,1387,342,344,8,6,60,2026-06-30
2129,15,1272,242,246,2,14,49,2026-06-30
2130,15,1025,231,221,7,12,60,2026-06-30
2131,15,1321,157,162,7,11,43,2026-06-30
2132,15,1051,269,264,2,6,58,2026-06-30
2133,15,1419,265,261,8,10,43,2026-06-30
2134,15,1068,287,294,4,10,56,2026-06-30
2135,15,1078,319,317,0,19,51,2026-06-30
2136,15,1322,358,357,1,0,46,2026-06-30
2137,15,1403,195,201,4,1,58,2026-06-30
2138,15,1191,156,155,1,3,34,2026-06-30
2139,15,1047,395,405,7,16,38,2026-06-30
2140,15,1190,300,301,7,17,38,2026-06-30
2141,15,1291,180,185,0,6,44,2026-06-30
2142,15,1440,189,182,7,10,26,2026-06-30
2143,15,1374,145,143,0,4,47,2026-06-30
2144,15,1323,333,324,0,3,22,2026-06-30
2145,15,1049,304,307,1,3,32,2026-06-30
2146,15,1249,134,127,6,15,23,2026-06-30
2147,15,1192,189,191,2,15,34,2026-06-30
2148,15,1095,317,315,3,19,34,2026-06-30
2149,15,1430,230,221,5,13,58,2026-06-30
2150,15,1154,273,269,2,1,45,2026-06-30
2151,15,1369,154,161,2,2,38,2026-06-30
2152,15,1176,87,77,3,7,28,2026-06-30
2153,15,1257,300,301,2,16,31,2026-06-30
2154,15,1264,160,161,2,18,29,2026-06-30
2155,15,1363,270,266,0,9,31,2026-06-30
2156,15,1134,192,191,1,5,54,2026-06-30
2157,15,1429,108,105,4,12,58,2026-06-30
2158,15,1361,246,248,4,20,46,2026-06-30
2159,15,1446,211,204,8,18,32,2026-06-30
2160,15,1332,275,273,2,3,38,2026-06-30
2161,15,1303,175,167,7,17,32,2026-06-30
2162,15,1129,339,347,0,6,56,2026-06-30
2163,15,1085,105,111,3,7,60,2026-06-30
2164,15,1193,245,237,3,11,33,2026-06-30
2165,15,1005,274,265,5,8,27,2026-06-30
2166,15,1276,150,153,7,16,37,2026-06-30
2167,15,1475,203,213,2,8,55,2026-06-30
2168,15,1480,95,97,2,1,46,2026-06-30
2169,15,1406,59,53,5,15,40,2026-06-30
2170,15,1224,57,53,2,3,33,2026-06-30
2171,15,1299,169,172,5,9,58,2026-06-30
2172,15,1476,196,187,7,7,45,2026-06-30
2173,15,1156,383,379,2,11,36,2026-06-30
2174,15,1495,186,183,5,7,27,2026-06-30
2175,15,1487,187,179,3,5,55,2026-06-30
2176,15,1409,160,166,0,19,40,2026-06-30
2177,15,1454,154,148,7,0,51,2026-06-30
2178,15,1079,312,317,8,12,39,2026-06-30
2179,15,1077,52,58,5,13,49,2026-06-30
2180,15,1072,362,362,4,2,48,2026-06-30
2181,15,1426,104,104,5,13,48,2026-06-30
2182,15,1099,201,197,7,2,47,2026-06-30
2183,15,1232,239,230,4,15,33,2026-06-30
2184,15,1065,362,367,8,20,53,2026-06-30
2185,15,1038,249,249,0,10,28,2026-06-30
2186,15,1465,326,335,6,15,33,2026-06-30
2187,15,1308,230,238,4,3,24,2026-06-30
2188,15,1337,235,227,4,20,54,2026-06-30
2189,15,1494,231,222,4,17,25,2026-06-30
2190,15,1164,381,372,1,17,51,2026-06-30
2191,15,1244,75,84,3,19,31,2026-06-30
2192,15,1289,236,233,7,10,24,2026-06-30
2193,15,1220,322,329,4,20,47,2026-06-30
2194,15,1003,100,91,4,3,45,2026-06-30
2195,15,1080,300,294,0,19,49,2026-06-30
2196,15,1054,205,211,8,9,37,2026-06-30
2197,15,1243,325,327,8,17,38,2026-06-30
2198,15,1372,176,166,1,13,60,2026-06-30
2199,15,1187,350,350,5,2,42,2026-06-30
2200,15,1144,141,140,2,14,34,2026-06-30
2201,15,1019,225,216,7,5,44,2026-06-30
2202,15,1470,53,46,4,11,41,2026-06-30
2203,15,1270,327,321,5,8,33,2026-06-30
2204,15,1141,335,334,8,13,43,2026-06-30
2205,15,1281,217,207,1,11,38,2026-06-30
2206,15,1273,99,106,0,20,57,2026-06-30
2207,15,1319,319,320,4,20,29,2026-06-30
2208,15,1434,131,132,3,16,56,2026-06-30
2209,15,1310,261,268,6,6,56,2026-06-30
2210,15,1011,320,312,4,8,52,2026-06-30
2211,15,1203,78,74,1,15,37,2026-06-30
2212,15,1478,292,284,0,8,49,2026-06-30
2213,15,1396,198,201,3,14,47,2026-06-30
2214,15,1096,327,317,7,5,20,2026-06-30
2215,15,1390,304,305,1,3,48,2026-06-30
2216,15,1222,248,242,7,13,34,2026-06-30
2217,15,1133,224,219,6,18,47,2026-06-30
2218,15,1028,71,65,5,11,57,2026-06-30
2219,15,1320,322,323,8,15,59,2026-06-30
2220,15,1362,382,374,8,14,22,2026-06-30
2221,15,1056,244,249,0,5,56,2026-06-30
2222,15,1208,100,105,0,1,37,2026-06-30
2223,15,1370,86,92,0,16,25,2026-06-30
2224,15,1199,135,131,8,1,39,2026-06-30
2225,15,1254,57,51,0,18,21,2026-06-30
2226,15,1297,75,71,7,13,23,2026-06-30
2227,15,1373,68,71,8,15,26,2026-06-30
2228,15,1292,60,60,3,1,44,2026-06-30
2229,15,1256,235,231,4,14,40,2026-06-30
2230,15,1250,71,70,5,6,51,2026-06-30
2231,15,1279,312,311,8,5,32,2026-06-30
2232,15,1111,285,291,8,6,44,2026-06-30
2233,15,1100,235,237,7,13,54,2026-06-30
2234,15,1124,137,144,0,19,53,2026-06-30
2235,15,1181,397,406,3,1,25,2026-06-30
2236,15,1036,172,182,3,18,39,2026-06-30
2237,15,1195,287,282,8,17,26,2026-06-30
2238,15,1217,327,325,2,2,48,2026-06-30
2239,15,1143,280,274,8,13,32,2026-06-30
2240,15,1389,290,300,6,17,48,2026-06-30
2241,15,1457,58,63,1,19,31,2026-06-30
2242,15,1013,176,168,7,11,29,2026-06-30
2243,15,1431,58,53,3,0,27,2026-06-30
2244,15,1298,116,115,4,14,30,2026-06-30
2245,15,1338,312,314,7,10,38,2026-06-30
2246,15,1034,382,384,0,12,58,2026-06-30
2247,15,1439,75,80,8,0,29,2026-06-30
2248,15,1456,386,378,7,19,33,2026-06-30
2249,15,1435,231,229,4,6,48,2026-06-30
2250,15,1393,180,172,0,15,36,2026-06-30
2251,16,1122,65,57,7,8,55,2026-06-30
2252,16,1107,303,303,0,12,49,2026-06-30
2253,16,1348,82,72,2,3,54,2026-06-30
2254,16,1139,142,138,8,17,50,2026-06-30
2255,16,1320,301,291,3,17,36,2026-06-30
2256,16,1275,329,326,3,16,55,2026-06-30
2257,16,1464,209,203,2,4,56,2026-06-30
2258,16,1226,266,267,7,20,20,2026-06-30
2259,16,1485,92,95,5,15,57,2026-06-30
2260,16,1303,111,104,1,14,57,2026-06-30
2261,16,1151,214,222,2,8,33,2026-06-30
2262,16,1418,344,343,6,14,27,2026-06-30
2263,16,1238,392,395,2,11,24,2026-06-30
2264,16,1215,270,270,1,2,24,2026-06-30
2265,16,1269,246,251,5,13,47,2026-06-30
2266,16,1224,222,224,0,18,33,2026-06-30
2267,16,1318,72,78,0,15,39,2026-06-30
2268,16,1271,116,122,5,10,28,2026-06-30
2269,16,1375,128,120,7,8,34,2026-06-30
2270,16,1315,317,320,2,3,27,2026-06-30
2271,16,1061,339,341,4,2,60,2026-06-30
2272,16,1256,224,219,3,8,37,2026-06-30
2273,16,1272,64,65,8,7,22,2026-06-30
2274,16,1301,356,353,5,4,32,2026-06-30
2275,16,1339,341,334,1,6,49,2026-06-30
2276,16,1358,229,236,6,19,31,2026-06-30
2277,16,1073,234,237,1,1,45,2026-06-30
2278,16,1121,348,355,4,3,22,2026-06-30
2279,16,1217,70,75,1,2,58,2026-06-30
2280,16,1391,86,94,1,13,60,2026-06-30
2281,16,1259,223,220,3,16,59,2026-06-30
2282,16,1385,219,209,8,3,32,2026-06-30
2283,16,1405,125,134,4,9,51,2026-06-30
2284,16,1079,163,161,1,6,49,2026-06-30
2285,16,1120,386,382,5,20,38,2026-06-30
2286,16,1378,325,331,5,4,25,2026-06-30
2287,16,1191,187,177,1,15,26,2026-06-30
2288,16,1129,122,116,4,9,54,2026-06-30
2289,16,1048,265,257,5,10,22,2026-06-30
2290,16,1426,128,128,8,9,42,2026-06-30
2291,16,1051,301,295,4,18,28,2026-06-30
2292,16,1147,200,201,3,1,56,2026-06-30
2293,16,1156,294,304,5,1,42,2026-06-30
2294,16,1345,385,395,4,16,40,2026-06-30
2295,16,1465,292,287,0,4,53,2026-06-30
2296,16,1069,176,174,6,4,38,2026-06-30
2297,16,1343,276,285,8,16,35,2026-06-30
2298,16,1241,139,143,8,3,51,2026-06-30
2299,16,1144,70,61,4,4,35,2026-06-30
2300,16,1123,336,341,0,0,40,2026-06-30
2301,16,1184,318,319,8,12,54,2026-06-30
2302,16,1177,110,102,6,19,30,2026-06-30
2303,16,1488,301,309,5,15,60,2026-06-30
2304,16,1010,149,154,6,15,41,2026-06-30
2305,16,1351,79,85,5,7,59,2026-06-30
2306,16,1295,59,51,0,11,29,2026-06-30
2307,16,1399,139,139,1,1,34,2026-06-30
2308,16,1159,389,388,5,15,29,2026-06-30
2309,16,1160,190,185,6,13,60,2026-06-30
2310,16,1427,56,51,8,2,58,2026-06-30
2311,16,1115,158,154,6,11,45,2026-06-30
2312,16,1133,279,276,4,15,30,2026-06-30
2313,16,1152,194,202,0,5,58,2026-06-30
2314,16,1327,207,214,0,5,46,2026-06-30
2315,16,1493,376,374,3,6,47,2026-06-30
2316,16,1257,146,152,6,4,42,2026-06-30
2317,16,1490,362,362,7,7,50,2026-06-30
2318,16,1173,255,255,7,1,54,2026-06-30
2319,16,1138,284,286,3,6,54,2026-06-30
2320,16,1227,248,247,0,2,54,2026-06-30
2321,16,1319,127,123,0,11,52,2026-06-30
2322,16,1424,90,94,5,5,51,2026-06-30
2323,16,1284,192,188,2,16,28,2026-06-30
2324,16,1287,288,292,2,8,26,2026-06-30
2325,16,1097,347,352,1,5,51,2026-06-30
2326,16,1417,311,307,5,12,43,2026-06-30
2327,16,1474,267,273,5,8,38,2026-06-30
2328,16,1310,338,344,6,3,44,2026-06-30
2329,16,1325,211,217,0,12,44,2026-06-30
2330,16,1235,113,109,1,13,54,2026-06-30
2331,16,1392,339,345,0,5,41,2026-06-30
2332,16,1420,338,331,0,6,28,2026-06-30
2333,16,1494,186,185,6,4,40,2026-06-30
2334,16,1416,340,330,2,11,31,2026-06-30
2335,16,1085,50,43,7,17,24,2026-06-30
2336,16,1036,265,272,3,18,21,2026-06-30
2337,16,1409,366,357,6,2,29,2026-06-30
2338,16,1260,286,285,0,15,39,2026-06-30
2339,16,1335,171,164,8,18,53,2026-06-30
2340,16,1102,388,394,1,14,39,2026-06-30
2341,16,1456,215,219,1,4,45,2026-06-30
2342,16,1249,276,281,2,7,45,2026-06-30
2343,16,1035,187,180,8,7,26,2026-06-30
2344,16,1402,275,274,7,8,59,2026-06-30
2345,16,1168,226,226,6,20,30,2026-06-30
2346,16,1306,388,398,2,18,47,2026-06-30
2347,16,1040,318,309,1,4,58,2026-06-30
2348,16,1449,268,269,8,6,30,2026-06-30
2349,16,1278,357,354,5,16,45,2026-06-30
2350,16,1199,355,356,5,7,41,2026-06-30
2351,16,1101,329,336,7,10,26,2026-06-30
2352,16,1265,69,76,2,4,32,2026-06-30
2353,16,1324,101,95,6,16,34,2026-06-30
2354,16,1038,321,311,4,17,29,2026-06-30
2355,16,1296,271,277,6,1,38,2026-06-30
2356,16,1056,205,210,3,14,57,2026-06-30
2357,16,1302,113,104,2,3,47,2026-06-30
2358,16,1088,80,84,6,14,23,2026-06-30
2359,16,1208,208,204,0,12,23,2026-06-30
2360,16,1317,222,232,5,14,60,2026-06-30
2361,16,1472,377,382,5,17,29,2026-06-30
2362,16,1487,178,177,8,11,44,2026-06-30
2363,16,1192,337,331,4,9,25,2026-06-30
2364,16,1059,286,288,1,4,37,2026-06-30
2365,16,1247,230,237,2,6,24,2026-06-30
2366,16,1070,246,247,6,19,37,2026-06-30
2367,16,1286,145,142,8,2,28,2026-06-30
2368,16,1024,318,312,0,16,56,2026-06-30
2369,16,1425,148,141,7,17,29,2026-06-30
2370,16,1202,188,179,5,20,41,2026-06-30
2371,16,1110,273,268,1,15,47,2026-06-30
2372,16,1204,64,71,7,18,28,2026-06-30
2373,16,1342,126,117,7,10,35,2026-06-30
2374,16,1103,266,272,1,6,29,2026-06-30
2375,16,1206,335,339,7,7,43,2026-06-30
2376,16,1349,319,309,0,7,51,2026-06-30
2377,16,1282,267,260,2,10,25,2026-06-30
2378,16,1053,243,240,4,7,47,2026-06-30
2379,16,1244,126,120,1,4,58,2026-06-30
2380,16,1065,342,335,8,11,31,2026-06-30
2381,16,1084,296,298,8,9,36,2026-06-30
2382,16,1408,236,242,6,1,37,2026-06-30
2383,16,1050,201,195,5,1,34,2026-06-30
2384,16,1394,346,349,3,2,56,2026-06-30
2385,16,1172,344,353,8,15,47,2026-06-30
2386,16,1440,194,185,6,1,28,2026-06-30
2387,16,1267,299,298,7,10,39,2026-06-30
2388,16,1340,139,130,6,5,35,2026-06-30
2389,16,1182,193,186,3,4,31,2026-06-30
2390,16,1006,233,227,4,3,39,2026-06-30
2391,16,1205,245,248,4,8,31,2026-06-30
2392,16,1352,248,240,3,9,59,2026-06-30
2393,16,1176,284,294,1,4,35,2026-06-30
2394,16,1007,258,254,3,0,44,2026-06-30
2395,16,1105,64,65,7,17,50,2026-06-30
2396,16,1498,365,371,1,1,29,2026-06-30
2397,16,1332,64,62,2,15,27,2026-06-30
2398,16,1435,51,43,1,6,30,2026-06-30
2399,16,1028,117,117,0,8,20,2026-06-30
2400,16,1142,180,172,7,1,31,2026-06-30
2401,17,1486,375,366,3,18,20,2026-06-30
2402,17,1332,179,170,2,19,29,2026-06-30
2403,17,1253,240,244,3,3,30,2026-06-30
2404,17,1429,340,338,7,16,30,2026-06-30
2405,17,1272,169,162,5,1,58,2026-06-30
2406,17,1324,318,328,1,7,35,2026-06-30
2407,17,1115,244,240,6,15,24,2026-06-30
2408,17,1443,309,311,6,8,53,2026-06-30
2409,17,1073,186,193,5,2,60,2026-06-30
2410,17,1484,171,175,7,10,25,2026-06-30
2411,17,1271,119,117,7,15,23,2026-06-30
2412,17,1284,255,257,2,18,51,2026-06-30
2413,17,1071,224,231,1,2,48,2026-06-30
2414,17,1421,245,251,8,15,42,2026-06-30
2415,17,1038,328,328,1,7,34,2026-06-30
2416,17,1149,248,249,4,4,22,2026-06-30
2417,17,1328,209,205,8,0,46,2026-06-30
2418,17,1397,97,106,0,1,41,2026-06-30
2419,17,1159,140,140,0,3,26,2026-06-30
2420,17,1395,287,285,1,2,54,2026-06-30
2421,17,1499,353,345,2,0,36,2026-06-30
2422,17,1066,64,63,3,7,46,2026-06-30
2423,17,1301,91,84,5,6,26,2026-06-30
2424,17,1441,51,50,7,7,41,2026-06-30
2425,17,1183,381,378,1,9,59,2026-06-30
2426,17,1098,248,242,0,16,20,2026-06-30
2427,17,1225,379,380,6,4,30,2026-06-30
2428,17,1465,268,259,4,15,54,2026-06-30
2429,17,1380,98,106,7,4,55,2026-06-30
2430,17,1110,149,158,1,14,49,2026-06-30
2431,17,1329,172,168,7,1,23,2026-06-30
2432,17,1408,364,361,6,17,39,2026-06-30
2433,17,1383,338,343,4,14,41,2026-06-30
2434,17,1372,184,175,1,14,39,2026-06-30
2435,17,1153,336,342,2,8,34,2026-06-30
2436,17,1392,261,259,2,10,24,2026-06-30
2437,17,1450,391,397,8,18,24,2026-06-30
2438,17,1228,374,369,8,0,26,2026-06-30
2439,17,1370,225,222,1,0,25,2026-06-30
2440,17,1375,360,354,7,18,28,2026-06-30
2441,17,1203,113,108,7,0,35,2026-06-30
2442,17,1292,150,154,8,5,31,2026-06-30
2443,17,1350,387,385,2,9,58,2026-06-30
2444,17,1108,233,241,7,11,47,2026-06-30
2445,17,1200,378,380,2,8,48,2026-06-30
2446,17,1279,398,395,6,20,49,2026-06-30
2447,17,1178,382,387,5,1,28,2026-06-30
2448,17,1151,82,90,1,6,37,2026-06-30
2449,17,1134,205,211,5,13,30,2026-06-30
2450,17,1321,331,332,5,9,31,2026-06-30
2451,17,1260,186,185,0,0,42,2026-06-30
2452,17,1117,356,352,1,5,45,2026-06-30
2453,17,1296,360,362,8,4,43,2026-06-30
2454,17,1299,79,81,0,12,47,2026-06-30
2455,17,1262,227,231,4,13,22,2026-06-30
2456,17,1182,122,117,3,9,32,2026-06-30
2457,17,1494,236,230,3,0,32,2026-06-30
2458,17,1461,83,91,0,5,24,2026-06-30
2459,17,1474,348,347,7,10,41,2026-06-30
2460,17,1120,85,77,2,8,57,2026-06-30
2461,17,1235,57,66,3,15,32,2026-06-30
2462,17,1174,244,247,4,10,41,2026-06-30
2463,17,1477,206,216,2,14,59,2026-06-30
2464,17,1434,140,142,2,0,59,2026-06-30
2465,17,1303,384,382,7,16,27,2026-06-30
2466,17,1365,220,227,7,6,35,2026-06-30
2467,17,1167,119,128,7,16,45,2026-06-30
2468,17,1136,184,193,3,8,22,2026-06-30
2469,17,1306,264,263,2,18,52,2026-06-30
2470,17,1311,189,193,5,5,41,2026-06-30
2471,17,1382,138,144,2,1,39,2026-06-30
2472,17,1291,368,368,0,19,25,2026-06-30
2473,17,1215,280,290,1,16,20,2026-06-30
2474,17,1320,167,157,5,2,60,2026-06-30
2475,17,1163,341,331,6,13,41,2026-06-30
2476,17,1458,156,149,7,17,34,2026-06-30
2477,17,1231,385,395,5,0,34,2026-06-30
2478,17,1196,168,161,7,3,51,2026-06-30
2479,17,1123,316,317,6,3,20,2026-06-30
2480,17,1083,183,192,0,4,21,2026-06-30
2481,17,1081,268,273,4,7,58,2026-06-30
2482,17,1333,222,217,6,16,55,2026-06-30
2483,17,1322,390,381,3,13,51,2026-06-30
2484,17,1001,275,273,8,17,46,2026-06-30
2485,17,1166,371,363,4,10,40,2026-06-30
2486,17,1082,212,215,6,4,35,2026-06-30
2487,17,1313,276,283,0,7,50,2026-06-30
2488,17,1016,357,366,6,2,45,2026-06-30
2489,17,1290,290,280,0,9,34,2026-06-30
2490,17,1331,124,125,6,19,50,2026-06-30
2491,17,1420,153,157,6,16,43,2026-06-30
2492,17,1419,104,109,0,4,20,2026-06-30
2493,17,1027,190,180,1,6,52,2026-06-30
2494,17,1346,376,375,3,7,37,2026-06-30
2495,17,1294,200,199,4,14,30,2026-06-30
2496,17,1118,256,259,7,9,42,2026-06-30
2497,17,1075,252,242,4,7,37,2026-06-30
2498,17,1398,343,339,2,16,39,2026-06-30
2499,17,1101,182,178,4,3,22,2026-06-30
2500,17,1410,223,228,1,7,53,2026-06-30
2501,17,1300,171,171,3,7,24,2026-06-30
2502,17,1248,297,295,0,1,24,2026-06-30
2503,17,1062,136,136,6,6,20,2026-06-30
2504,17,1145,124,130,3,9,57,2026-06-30
2505,17,1121,324,319,5,1,22,2026-06-30
2506,17,1131,271,266,3,19,28,2026-06-30
2507,17,1185,52,42,1,3,29,2026-06-30
2508,17,1415,187,186,4,13,30,2026-06-30
2509,17,1498,383,375,8,6,43,2026-06-30
2510,17,1304,153,163,7,5,23,2026-06-30
2511,17,1349,237,241,6,2,54,2026-06-30
2512,17,1187,288,289,2,5,52,2026-06-30
2513,17,1076,383,376,6,9,45,2026-06-30
2514,17,1011,365,359,2,2,44,2026-06-30
2515,17,1327,221,227,7,17,35,2026-06-30
2516,17,1275,217,212,3,12,50,2026-06-30
2517,17,1244,342,344,4,18,46,2026-06-30
2518,17,1023,386,392,5,5,38,2026-06-30
2519,17,1099,295,289,8,17,40,2026-06-30
2520,17,1259,207,217,5,1,57,2026-06-30
2521,17,1061,338,340,2,10,42,2026-06-30
2522,17,1036,337,340,7,6,44,2026-06-30
2523,17,1190,242,249,4,14,38,2026-06-30
2524,17,1037,68,74,6,15,60,2026-06-30
2525,17,1298,64,57,6,17,23,2026-06-30
2526,17,1154,120,110,7,6,49,2026-06-30
2527,17,1406,147,150,2,20,32,2026-06-30
2528,17,1436,392,387,2,5,43,2026-06-30
2529,17,1347,207,207,7,0,23,2026-06-30
2530,17,1376,246,238,4,20,22,2026-06-30
2531,17,1055,359,357,5,18,50,2026-06-30
2532,17,1389,112,121,7,13,55,2026-06-30
2533,17,1318,396,388,2,11,26,2026-06-30
2534,17,1278,228,228,7,10,29,2026-06-30
2535,17,1122,190,200,7,3,54,2026-06-30
2536,17,1354,270,266,4,19,30,2026-06-30
2537,17,1233,352,344,4,15,50,2026-06-30
2538,17,1053,327,335,7,5,38,2026-06-30
2539,17,1156,365,372,7,7,33,2026-06-30
2540,17,1133,350,347,5,15,49,2026-06-30
2541,17,1139,329,330,1,3,37,2026-06-30
2542,17,1068,138,137,2,3,28,2026-06-30
2543,17,1273,224,229,6,4,36,2026-06-30
2544,17,1402,215,208,3,11,32,2026-06-30
2545,17,1232,155,155,7,18,38,2026-06-30
2546,17,1048,171,178,1,20,36,2026-06-30
2547,17,1446,362,365,0,4,42,2026-06-30
2548,17,1097,389,388,5,2,20,2026-06-30
2549,17,1193,378,376,7,20,51,2026-06-30
2550,17,1373,140,150,7,7,26,2026-06-30
2551,18,1102,289,283,5,6,52,2026-06-30
2552,18,1108,166,175,0,0,55,2026-06-30
2553,18,1489,378,370,5,8,20,2026-06-30
2554,18,1151,245,244,4,0,49,2026-06-30
2555,18,1346,297,302,1,1,27,2026-06-30
2556,18,1211,352,360,1,5,47,2026-06-30
2557,18,1452,80,85,6,2,29,2026-06-30
2558,18,1248,319,324,6,9,51,2026-06-30
2559,18,1286,294,297,1,3,56,2026-06-30
2560,18,1468,250,243,4,6,37,2026-06-30
2561,18,1419,183,186,2,5,59,2026-06-30
2562,18,1030,260,264,7,2,26,2026-06-30
2563,18,1341,365,360,4,8,33,2026-06-30
2564,18,1178,235,236,8,6,20,2026-06-30
2565,18,1037,219,229,1,3,25,2026-06-30
2566,18,1202,200,202,1,11,37,2026-06-30
2567,18,1280,262,258,1,17,20,2026-06-30
2568,18,1268,234,226,4,5,57,2026-06-30
2569,18,1434,229,222,0,3,59,2026-06-30
2570,18,1229,293,288,4,18,44,2026-06-30
2571,18,1401,336,343,3,10,59,2026-06-30
2572,18,1351,287,295,1,18,59,2026-06-30
2573,18,1407,231,239,5,8,60,2026-06-30
2574,18,1187,68,67,8,20,44,2026-06-30
2575,18,1333,246,255,3,19,20,2026-06-30
2576,18,1168,329,332,2,9,52,2026-06-30
2577,18,1279,247,245,4,12,40,2026-06-30
2578,18,1245,78,82,2,7,24,2026-06-30
2579,18,1381,79,85,0,11,27,2026-06-30
2580,18,1204,216,224,6,8,42,2026-06-30
2581,18,1124,131,140,8,1,31,2026-06-30
2582,18,1497,347,346,2,16,45,2026-06-30
2583,18,1260,281,277,3,0,39,2026-06-30
2584,18,1240,237,243,7,3,56,2026-06-30
2585,18,1110,336,346,0,6,48,2026-06-30
2586,18,1061,164,172,3,19,55,2026-06-30
2587,18,1270,210,201,3,10,31,2026-06-30
2588,18,1193,194,189,6,8,26,2026-06-30
2589,18,1284,366,364,7,3,50,2026-06-30
2590,18,1498,227,231,1,19,49,2026-06-30
2591,18,1335,152,154,2,13,56,2026-06-30
2592,18,1195,86,88,3,14,54,2026-06-30
2593,18,1358,179,180,8,18,32,2026-06-30
2594,18,1141,296,303,3,10,35,2026-06-30
2595,18,1044,317,314,2,7,60,2026-06-30
2596,18,1133,225,229,5,3,45,2026-06-30
2597,18,1362,93,102,8,12,36,2026-06-30
2598,18,1430,386,378,8,6,55,2026-06-30
2599,18,1221,292,286,2,12,36,2026-06-30
2600,18,1092,243,247,0,18,25,2026-06-30
2601,18,1429,339,341,0,5,50,2026-06-30
2602,18,1068,230,231,3,12,42,2026-06-30
2603,18,1181,373,381,0,10,39,2026-06-30
2604,18,1252,71,75,3,3,25,2026-06-30
2605,18,1003,138,141,0,17,43,2026-06-30
2606,18,1239,351,344,3,16,56,2026-06-30
2607,18,1276,71,65,5,17,48,2026-06-30
2608,18,1485,165,162,5,19,47,2026-06-30
2609,18,1045,237,240,7,3,28,2026-06-30
2610,18,1302,185,192,3,18,33,2026-06-30
2611,18,1272,386,378,4,17,54,2026-06-30
2612,18,1487,363,372,5,18,21,2026-06-30
2613,18,1431,63,65,3,7,43,2026-06-30
2614,18,1136,268,258,8,18,35,2026-06-30
2615,18,1081,231,239,5,4,53,2026-06-30
2616,18,1412,204,209,6,16,53,2026-06-30
2617,18,1361,160,154,1,14,55,2026-06-30
2618,18,1182,239,234,0,6,26,2026-06-30
2619,18,1295,332,327,6,17,27,2026-06-30
2620,18,1331,358,367,6,1,42,2026-06-30
2621,18,1012,357,351,3,14,43,2026-06-30
2622,18,1400,344,334,5,1,59,2026-06-30
2623,18,1386,357,351,0,7,36,2026-06-30
2624,18,1259,212,214,3,10,23,2026-06-30
2625,18,1372,120,129,5,8,28,2026-06-30
2626,18,1327,205,195,5,9,27,2026-06-30
2627,18,1324,222,213,3,9,34,2026-06-30
2628,18,1251,249,252,2,1,27,2026-06-30
2629,18,1391,400,400,3,4,56,2026-06-30
2630,18,1477,304,310,8,11,49,2026-06-30
2631,18,1397,262,252,5,5,25,2026-06-30
2632,18,1039,200,195,6,6,52,2026-06-30
2633,18,1337,163,165,0,19,40,2026-06-30
2634,18,1029,226,216,0,14,60,2026-06-30
2635,18,1156,184,176,7,14,34,2026-06-30
2636,18,1231,255,247,3,8,58,2026-06-30
2637,18,1414,162,157,6,20,47,2026-06-30
2638,18,1128,266,272,7,1,49,2026-06-30
2639,18,1175,242,250,5,10,35,2026-06-30
2640,18,1180,220,216,5,14,51,2026-06-30
2641,18,1130,388,378,6,20,42,2026-06-30
2642,18,1173,64,74,8,9,55,2026-06-30
2643,18,1448,381,379,8,14,54,2026-06-30
2644,18,1454,239,231,1,7,55,2026-06-30
2645,18,1273,394,390,5,20,32,2026-06-30
2646,18,1433,261,256,5,13,25,2026-06-30
2647,18,1342,88,81,3,6,21,2026-06-30
2648,18,1170,139,138,1,15,28,2026-06-30
2649,18,1088,132,133,6,11,22,2026-06-30
2650,18,1443,370,377,3,17,41,2026-06-30
2651,18,1148,309,319,6,10,27,2026-06-30
2652,18,1404,228,231,8,5,45,2026-06-30
2653,18,1065,230,226,4,2,56,2026-06-30
2654,18,1109,256,249,4,10,28,2026-06-30
2655,18,1201,331,338,6,19,53,2026-06-30
2656,18,1464,77,83,6,10,58,2026-06-30
2657,18,1143,230,229,0,6,23,2026-06-30
2658,18,1158,98,88,3,9,24,2026-06-30
2659,18,1374,232,241,4,3,52,2026-06-30
2660,18,1062,283,284,2,5,22,2026-06-30
2661,18,1218,225,221,3,10,20,2026-06-30
2662,18,1355,198,206,3,4,32,2026-06-30
2663,18,1398,322,330,0,5,31,2026-06-30
2664,18,1160,207,197,5,10,41,2026-06-30
2665,18,1313,161,168,4,0,25,2026-06-30
2666,18,1164,266,271,4,12,32,2026-06-30
2667,18,1027,76,66,7,14,36,2026-06-30
2668,18,1375,86,80,5,4,40,2026-06-30
2669,18,1075,268,275,4,4,57,2026-06-30
2670,18,1435,288,285,5,17,36,2026-06-30
2671,18,1040,173,163,7,2,40,2026-06-30
2672,18,1049,275,265,5,12,46,2026-06-30
2673,18,1287,348,346,0,17,45,2026-06-30
2674,18,1140,366,371,8,13,48,2026-06-30
2675,18,1463,135,136,0,0,23,2026-06-30
2676,18,1208,177,177,6,20,35,2026-06-30
2677,18,1017,91,97,8,14,34,2026-06-30
2678,18,1271,250,257,7,9,38,2026-06-30
2679,18,1052,51,51,5,17,60,2026-06-30
2680,18,1269,394,390,8,20,20,2026-06-30
2681,18,1483,354,350,5,7,34,2026-06-30
2682,18,1299,74,72,3,16,52,2026-06-30
2683,18,1319,87,93,1,10,26,2026-06-30
2684,18,1283,122,129,3,6,30,2026-06-30
2685,18,1479,150,141,0,17,29,2026-06-30
2686,18,1441,399,407,6,4,31,2026-06-30
2687,18,1059,193,201,5,13,47,2026-06-30
2688,18,1360,139,147,2,18,23,2026-06-30
2689,18,1408,145,155,7,2,23,2026-06-30
2690,18,1225,371,372,5,0,40,2026-06-30
2691,18,1118,122,120,7,16,31,2026-06-30
2692,18,1215,135,145,1,13,56,2026-06-30
2693,18,1402,388,386,3,7,30,2026-06-30
2694,18,1216,69,70,6,4,41,2026-06-30
2695,18,1382,206,208,5,6,35,2026-06-30
2696,18,1022,291,297,8,8,53,2026-06-30
2697,18,1347,69,76,1,3,49,2026-06-30
2698,18,1314,250,247,0,14,40,2026-06-30
2699,18,1481,388,392,4,6,43,2026-06-30
2700,18,1006,126,129,0,8,52,2026-06-30
2701,19,1203,64,73,0,15,53,2026-06-30
2702,19,1208,204,201,3,7,25,2026-06-30
2703,19,1392,396,396,4,10,53,2026-06-30
2704,19,1002,259,268,3,9,28,2026-06-30
2705,19,1026,245,246,2,19,27,2026-06-30
2706,19,1235,264,273,1,2,20,2026-06-30
2707,19,1034,246,251,3,20,35,2026-06-30
2708,19,1115,373,374,2,7,50,2026-06-30
2709,19,1472,317,313,8,6,32,2026-06-30
2710,19,1215,104,100,0,16,33,2026-06-30
2711,19,1168,266,267,6,16,29,2026-06-30
2712,19,1325,358,362,1,12,45,2026-06-30
2713,19,1050,286,290,8,20,27,2026-06-30
2714,19,1022,363,355,7,18,30,2026-06-30
2715,19,1091,133,135,0,6,46,2026-06-30
2716,19,1060,57,58,4,19,40,2026-06-30
2717,19,1131,311,312,0,3,27,2026-06-30
2718,19,1297,163,154,4,5,47,2026-06-30
2719,19,1448,201,198,7,11,32,2026-06-30
2720,19,1479,58,64,8,17,20,2026-06-30
2721,19,1097,114,120,1,20,31,2026-06-30
2722,19,1338,172,172,4,4,49,2026-06-30
2723,19,1231,361,357,4,9,31,2026-06-30
2724,19,1076,347,343,1,0,47,2026-06-30
2725,19,1444,293,297,1,15,60,2026-06-30
2726,19,1232,274,272,1,0,34,2026-06-30
2727,19,1485,155,155,4,11,56,2026-06-30
2728,19,1312,100,107,8,17,53,2026-06-30
2729,19,1216,119,127,6,5,59,2026-06-30
2730,19,1327,375,367,2,15,35,2026-06-30
2731,19,1280,364,355,6,9,29,2026-06-30
2732,19,1323,54,47,8,9,20,2026-06-30
2733,19,1376,277,281,6,17,60,2026-06-30
2734,19,1423,96,104,4,7,35,2026-06-30
2735,19,1213,148,147,6,9,38,2026-06-30
2736,19,1483,190,194,2,17,53,2026-06-30
2737,19,1402,120,130,1,1,45,2026-06-30
2738,19,1128,73,78,5,7,54,2026-06-30
2739,19,1364,189,183,6,18,38,2026-06-30
2740,19,1053,346,352,7,5,21,2026-06-30
2741,19,1226,179,186,8,0,38,2026-06-30
2742,19,1328,362,354,8,3,26,2026-06-30
2743,19,1418,367,374,6,1,27,2026-06-30
2744,19,1370,325,328,0,0,60,2026-06-30
2745,19,1037,339,347,1,1,29,2026-06-30
2746,19,1269,222,212,5,6,54,2026-06-30
2747,19,1250,143,136,0,13,43,2026-06-30
2748,19,1411,362,358,1,10,32,2026-06-30
2749,19,1071,247,249,5,12,27,2026-06-30
2750,19,1179,203,203,5,3,35,2026-06-30
2751,19,1080,73,72,0,17,33,2026-06-30
2752,19,1242,259,260,7,10,44,2026-06-30
2753,19,1317,231,237,5,12,47,2026-06-30
2754,19,1488,267,267,6,19,44,2026-06-30
2755,19,1408,298,303,4,8,54,2026-06-30
2756,19,1311,102,107,7,13,60,2026-06-30
2757,19,1491,321,323,1,3,41,2026-06-30
2758,19,1057,319,318,7,3,35,2026-06-30
2759,19,1081,300,290,6,18,50,2026-06-30
2760,19,1048,153,154,8,4,30,2026-06-30
2761,19,1129,346,354,6,9,57,2026-06-30
2762,19,1438,307,299,1,16,35,2026-06-30
2763,19,1229,378,376,2,17,32,2026-06-30
2764,19,1160,176,175,6,9,26,2026-06-30
2765,19,1318,391,401,7,19,41,2026-06-30
2766,19,1341,396,389,8,13,22,2026-06-30
2767,19,1079,125,131,6,6,41,2026-06-30
2768,19,1371,277,267,6,17,47,2026-06-30
2769,19,1063,250,260,4,15,44,2026-06-30
2770,19,1417,154,162,7,12,27,2026-06-30
2771,19,1019,242,233,6,13,28,2026-06-30
2772,19,1270,323,330,1,2,54,2026-06-30
2773,19,1032,291,284,5,14,39,2026-06-30
2774,19,1145,320,319,3,3,35,2026-06-30
2775,19,1004,105,115,7,4,38,2026-06-30
2776,19,1113,274,268,2,5,52,2026-06-30
2777,19,1038,289,299,2,6,48,2026-06-30
2778,19,1484,300,291,6,15,55,2026-06-30
2779,19,1409,77,67,1,4,43,2026-06-30
2780,19,1089,170,179,0,18,26,2026-06-30
2781,19,1166,375,374,1,7,53,2026-06-30
2782,19,1236,188,194,8,1,27,2026-06-30
2783,19,1314,172,170,3,14,59,2026-06-30
2784,19,1335,74,70,6,19,33,2026-06-30
2785,19,1298,120,128,4,20,54,2026-06-30
2786,19,1247,59,55,0,19,31,2026-06-30
2787,19,1054,183,190,2,0,31,2026-06-30
2788,19,1240,213,221,8,3,42,2026-06-30
2789,19,1059,264,263,5,3,29,2026-06-30
2790,19,1277,80,87,7,15,58,2026-06-30
2791,19,1174,68,59,2,1,34,2026-06-30
2792,19,1420,220,226,3,3,27,2026-06-30
2793,19,1164,304,304,5,16,21,2026-06-30
2794,19,1265,317,308,0,1,38,2026-06-30
2795,19,1394,134,135,2,11,60,2026-06-30
2796,19,1373,319,322,7,14,24,2026-06-30
2797,19,1478,57,57,8,16,49,2026-06-30
2798,19,1192,205,210,6,13,55,2026-06-30
2799,19,1336,324,326,1,10,45,2026-06-30
2800,19,1156,317,307,0,5,32,2026-06-30
2801,19,1121,240,248,3,8,56,2026-06-30
2802,19,1088,359,360,4,9,28,2026-06-30
2803,19,1228,225,215,0,12,27,2026-06-30
2804,19,1230,251,243,0,7,53,2026-06-30
2805,19,1326,351,358,5,14,24,2026-06-30
2806,19,1342,165,161,6,18,43,2026-06-30
2807,19,1116,348,342,7,16,23,2026-06-30
2808,19,1363,297,294,1,5,45,2026-06-30
2809,19,1124,172,163,3,4,25,2026-06-30
2810,19,1359,345,352,0,4,21,2026-06-30
2811,19,1259,229,239,3,20,27,2026-06-30
2812,19,1305,85,95,6,12,52,2026-06-30
2813,19,1101,95,87,2,7,29,2026-06-30
2814,19,1264,392,387,3,5,28,2026-06-30
2815,19,1360,240,244,3,19,33,2026-06-30
2816,19,1405,85,92,2,1,60,2026-06-30
2817,19,1445,196,192,1,9,38,2026-06-30
2818,19,1452,322,319,6,6,46,2026-06-30
2819,19,1255,268,268,8,8,56,2026-06-30
2820,19,1331,384,381,7,14,53,2026-06-30
2821,19,1450,163,157,3,18,50,2026-06-30
2822,19,1454,166,171,6,11,58,2026-06-30
2823,19,1439,147,146,6,17,26,2026-06-30
2824,19,1058,80,77,5,16,37,2026-06-30
2825,19,1239,113,112,8,14,32,2026-06-30
2826,19,1147,216,213,5,8,54,2026-06-30
2827,19,1029,136,126,0,7,59,2026-06-30
2828,19,1223,380,377,7,11,30,2026-06-30
2829,19,1347,155,152,5,2,23,2026-06-30
2830,19,1348,318,310,0,8,32,2026-06-30
2831,19,1366,179,177,7,9,56,2026-06-30
2832,19,1190,382,378,2,14,52,2026-06-30
2833,19,1067,317,307,5,18,38,2026-06-30
2834,19,1316,147,139,6,13,32,2026-06-30
2835,19,1012,190,199,0,10,55,2026-06-30
2836,19,1393,254,246,3,3,33,2026-06-30
2837,19,1268,344,338,2,15,22,2026-06-30
2838,19,1042,238,233,0,7,43,2026-06-30
2839,19,1500,141,137,3,9,48,2026-06-30
2840,19,1497,297,298,6,14,38,2026-06-30
2841,19,1403,391,384,3,5,28,2026-06-30
2842,19,1093,321,329,1,10,59,2026-06-30
2843,19,1139,364,372,1,1,54,2026-06-30
2844,19,1150,199,191,2,11,30,2026-06-30
2845,19,1241,199,195,1,12,41,2026-06-30
2846,19,1245,63,70,3,8,51,2026-06-30
2847,19,1140,343,343,3,7,34,2026-06-30
2848,19,1030,57,64,1,9,37,2026-06-30
2849,19,1219,350,357,6,16,23,2026-06-30
2850,19,1322,369,360,7,18,33,2026-06-30
2851,20,1115,251,249,0,12,50,2026-06-30
2852,20,1031,345,342,0,9,34,2026-06-30
2853,20,1310,309,310,5,6,45,2026-06-30
2854,20,1243,94,94,5,3,26,2026-06-30
2855,20,1022,167,164,0,12,36,2026-06-30
2856,20,1381,328,327,5,13,59,2026-06-30
2857,20,1207,229,233,5,9,42,2026-06-30
2858,20,1319,377,379,1,13,51,2026-06-30
2859,20,1083,313,303,8,7,41,2026-06-30
2860,20,1280,367,371,6,8,23,2026-06-30
2861,20,1314,196,201,8,10,56,2026-06-30
2862,20,1198,71,66,5,5,42,2026-06-30
2863,20,1349,129,136,7,15,21,2026-06-30
2864,20,1032,118,116,4,17,30,2026-06-30
2865,20,1055,308,300,6,1,37,2026-06-30
2866,20,1441,395,390,2,14,58,2026-06-30
2867,20,1069,267,272,3,20,52,2026-06-30
2868,20,1020,389,388,8,10,32,2026-06-30
2869,20,1275,68,74,1,12,31,2026-06-30
2870,20,1282,100,108,3,7,43,2026-06-30
2871,20,1260,323,330,2,5,38,2026-06-30
2872,20,1249,366,368,2,15,54,2026-06-30
2873,20,1424,332,334,3,5,29,2026-06-30
2874,20,1089,96,104,8,13,32,2026-06-30
2875,20,1429,218,213,6,18,43,2026-06-30
2876,20,1306,186,179,1,14,45,2026-06-30
2877,20,1363,229,230,1,16,54,2026-06-30
2878,20,1273,88,96,2,18,27,2026-06-30
2879,20,1373,207,209,0,10,45,2026-06-30
2880,20,1389,74,77,2,19,41,2026-06-30
2881,20,1480,190,181,6,6,27,2026-06-30
2882,20,1024,178,170,0,20,33,2026-06-30
2883,20,1295,63,62,6,2,43,2026-06-30
2884,20,1147,71,61,0,10,40,2026-06-30
2885,20,1195,371,378,4,12,33,2026-06-30
2886,20,1490,366,371,0,0,31,2026-06-30
2887,20,1340,113,113,4,17,53,2026-06-30
2888,20,1320,129,133,8,20,47,2026-06-30
2889,20,1498,308,313,0,13,49,2026-06-30
2890,20,1150,141,145,4,11,40,2026-06-30
2891,20,1311,152,153,1,1,31,2026-06-30
2892,20,1361,375,374,7,9,24,2026-06-30
2893,20,1339,124,126,0,6,52,2026-06-30
2894,20,1449,300,298,4,6,28,2026-06-30
2895,20,1163,370,373,1,7,49,2026-06-30
2896,20,1456,219,217,5,2,21,2026-06-30
2897,20,1364,193,189,4,16,45,2026-06-30
2898,20,1014,324,332,3,20,58,2026-06-30
2899,20,1077,265,262,3,13,29,2026-06-30
2900,20,1050,110,120,2,10,48,2026-06-30
2901,20,1180,249,252,3,6,23,2026-06-30
2902,20,1139,269,273,4,7,37,2026-06-30
2903,20,1399,320,313,5,17,53,2026-06-30
2904,20,1334,173,176,5,7,39,2026-06-30
2905,20,1428,165,169,0,15,20,2026-06-30
2906,20,1368,106,96,8,2,48,2026-06-30
2907,20,1035,206,216,2,18,39,2026-06-30
2908,20,1185,227,224,3,7,58,2026-06-30
2909,20,1023,113,117,6,0,20,2026-06-30
2910,20,1296,204,197,8,9,56,2026-06-30
2911,20,1170,337,334,0,19,45,2026-06-30
2912,20,1090,370,363,2,15,26,2026-06-30
2913,20,1062,314,317,6,10,52,2026-06-30
2914,20,1189,81,88,8,0,49,2026-06-30
2915,20,1268,101,95,1,20,41,2026-06-30
2916,20,1468,204,202,0,19,37,2026-06-30
2917,20,1244,200,210,7,5,42,2026-06-30
2918,20,1203,283,273,5,14,44,2026-06-30
2919,20,1074,387,395,2,1,25,2026-06-30
2920,20,1386,366,361,8,12,20,2026-06-30
2921,20,1324,273,269,5,15,44,2026-06-30
2922,20,1400,231,234,4,12,45,2026-06-30
2923,20,1019,72,62,0,12,57,2026-06-30
2924,20,1005,337,327,2,18,41,2026-06-30
2925,20,1367,167,157,4,16,29,2026-06-30
2926,20,1151,207,210,6,6,35,2026-06-30
2927,20,1231,258,251,1,14,52,2026-06-30
2928,20,1401,95,85,6,6,21,2026-06-30
2929,20,1309,295,293,5,14,36,2026-06-30
2930,20,1379,139,131,7,19,60,2026-06-30
2931,20,1033,246,239,3,13,55,2026-06-30
2932,20,1103,115,119,5,2,22,2026-06-30
2933,20,1125,64,67,1,16,56,2026-06-30
2934,20,1323,210,203,8,7,21,2026-06-30
2935,20,1255,262,271,8,1,28,2026-06-30
2936,20,1060,104,94,7,13,46,2026-06-30
2937,20,1436,366,372,0,1,53,2026-06-30
2938,20,1162,289,280,7,6,26,2026-06-30
2939,20,1145,246,238,7,20,21,2026-06-30
2940,20,1402,250,251,1,7,31,2026-06-30
2941,20,1202,296,291,7,20,49,2026-06-30
2942,20,1351,343,337,6,15,59,2026-06-30
2943,20,1477,56,47,5,17,47,2026-06-30
2944,20,1110,140,140,5,8,27,2026-06-30
2945,20,1131,377,382,7,10,28,2026-06-30
2946,20,1132,167,174,8,16,51,2026-06-30
2947,20,1341,81,84,6,16,46,2026-06-30
2948,20,1411,153,150,6,1,41,2026-06-30
2949,20,1460,147,155,8,19,27,2026-06-30
2950,20,1276,113,121,7,13,42,2026-06-30
2951,20,1112,287,280,7,11,43,2026-06-30
2952,20,1213,371,374,2,15,26,2026-06-30
2953,20,1178,390,395,4,15,55,2026-06-30
2954,20,1279,231,230,3,9,46,2026-06-30
2955,20,1101,368,372,7,16,23,2026-06-30
2956,20,1288,170,179,1,1,57,2026-06-30
2957,20,1067,104,103,0,12,35,2026-06-30
2958,20,1136,379,377,6,0,32,2026-06-30
2959,20,1485,136,144,4,20,58,2026-06-30
2960,20,1172,244,238,5,15,49,2026-06-30
2961,20,1327,161,161,3,5,48,2026-06-30
2962,20,1372,166,158,3,13,31,2026-06-30
2963,20,1435,239,242,6,19,57,2026-06-30
2964,20,1073,235,243,7,0,60,2026-06-30
2965,20,1166,371,370,7,0,22,2026-06-30
2966,20,1444,259,259,1,8,28,2026-06-30
2967,20,1329,192,202,7,19,56,2026-06-30
2968,20,1093,399,401,4,10,46,2026-06-30
2969,20,1495,65,58,2,13,46,2026-06-30
2970,20,1057,103,112,1,0,58,2026-06-30
2971,20,1345,158,152,2,6,38,2026-06-30
2972,20,1098,139,146,1,2,29,2026-06-30
2973,20,1216,269,278,8,12,22,2026-06-30
2974,20,1469,198,189,6,14,40,2026-06-30
2975,20,1223,240,234,0,4,35,2026-06-30
2976,20,1278,324,320,0,3,53,2026-06-30
2977,20,1335,285,292,4,5,40,2026-06-30
2978,20,1493,158,150,0,4,59,2026-06-30
2979,20,1378,82,79,5,4,22,2026-06-30
2980,20,1390,223,233,0,20,28,2026-06-30
2981,20,1200,322,331,2,4,39,2026-06-30
2982,20,1224,220,210,0,17,23,2026-06-30
2983,20,1160,338,338,8,7,56,2026-06-30
2984,20,1317,64,72,7,3,31,2026-06-30
2985,20,1235,245,243,2,20,21,2026-06-30
2986,20,1462,69,69,3,6,20,2026-06-30
2987,20,1116,377,384,6,14,35,2026-06-30
2988,20,1197,369,364,4,17,36,2026-06-30
2989,20,1152,272,269,4,1,37,2026-06-30
2990,20,1106,57,63,5,8,29,2026-06-30
2991,20,1486,395,390,8,11,57,2026-06-30
2992,20,1294,165,159,1,9,59,2026-06-30
2993,20,1283,321,329,8,1,53,2026-06-30
2994,20,1217,58,55,4,3,56,2026-06-30
2995,20,1143,229,227,2,9,34,2026-06-30
2996,20,1302,274,273,3,16,38,2026-06-30
2997,20,1471,86,91,7,3,25,2026-06-30
2998,20,1239,225,220,5,1,58,2026-06-30
2999,20,1009,318,319,3,17,35,2026-06-30
3000,20,1048,399,402,8,14,25,2026-06-30
