order_item_id,order_id,sku_id,quantity,unit_price,total_price
1,1,1001,3,54,162
2,1,1295,1,132,132
3,2,1242,1,73,73
4,2,1251,1,275,275
5,2,1057,1,93,93
6,2,1488,2,109,218
7,2,1105,1,327,327
8,3,1415,2,111,222
9,3,1347,3,418,1254
10,4,1110,1,275,275
11,4,1190,2,182,364
12,4,1339,2,88,176
13,5,1319,1,430,430
14,5,1335,3,127,381
15,5,1158,3,77,231
16,5,1231,1,236,236
17,5,1485,1,290,290
18,6,1286,3,373,1119
19,6,1356,1,298,298
20,7,1328,2,213,426
21,7,1388,1,239,239
22,8,1490,3,232,696
23,8,1335,3,127,381
24,8,1247,3,205,615
25,8,1354,2,347,694
26,9,1041,3,207,621
27,9,1346,1,375,375
28,9,1075,3,74,222
29,9,1101,3,247,741
30,9,1316,3,374,1122
31,10,1349,1,45,45
32,11,1486,1,444,444
33,12,1486,2,444,888
34,12,1346,2,375,750
35,12,1453,2,283,566
36,12,1491,3,408,1224
37,12,1083,2,170,340
38,13,1007,3,252,756
39,14,1332,2,70,140
40,14,1206,2,287,574
41,14,1457,1,386,386
42,14,1364,1,125,125
43,15,1108,3,243,729
44,15,1183,2,35,70
45,15,1247,1,205,205
46,15,1057,3,93,279
47,15,1222,1,278,278
48,16,1344,1,224,224
49,16,1047,1,399,399
50,16,1350,3,341,1023
51,16,1083,3,170,510
52,17,1244,1,282,282
53,17,1122,1,278,278
54,17,1329,1,145,145
55,17,1339,2,88,176
56,17,1371,1,75,75
57,18,1121,2,214,428
58,18,1281,2,42,84
59,18,1167,3,151,453
60,19,1053,2,39,78
61,19,1182,1,116,116
62,19,1222,3,278,834
63,19,1041,1,207,207
64,19,1301,1,103,103
65,20,1372,3,435,1305
66,21,1270,1,145,145
67,21,1200,3,370,1110
68,21,1240,2,204,408
69,21,1490,2,232,464
70,21,1225,1,264,264
71,22,1040,2,225,450
72,22,1119,1,223,223
73,22,1268,2,347,694
74,22,1242,1,73,73
75,22,1230,2,309,618
76,23,1060,1,228,228
77,23,1070,3,346,1038
78,24,1185,3,86,258
79,25,1274,1,264,264
80,25,1086,3,235,705
81,25,1437,1,308,308
82,25,1209,1,114,114
83,26,1323,2,42,84
84,26,1237,3,417,1251
85,26,1441,3,271,813
86,27,1469,2,362,724
87,27,1016,2,430,860
88,27,1024,1,21,21
89,28,1284,3,109,327
90,29,1385,2,371,742
91,29,1173,3,328,984
92,29,1194,3,365,1095
93,29,1476,1,354,354
94,29,1167,3,151,453
95,30,1080,2,278,556
96,30,1343,1,116,116
97,31,1146,2,417,834
98,31,1266,3,138,414
99,31,1155,3,35,105
100,31,1021,2,158,316
101,31,1225,3,264,792
102,32,1440,2,195,390
103,32,1324,2,202,404
104,33,1186,1,223,223
105,34,1349,1,45,45
106,34,1239,1,224,224
107,34,1320,1,192,192
108,34,1276,2,22,44
109,34,1281,1,42,42
110,35,1390,3,180,540
111,36,1154,3,405,1215
112,36,1273,3,63,189
113,36,1388,1,239,239
114,37,1150,1,191,191
115,37,1128,2,240,480
116,37,1231,1,236,236
117,37,1331,1,296,296
118,37,1311,1,189,189
119,38,1279,3,104,312
120,38,1305,2,72,144
121,38,1492,3,214,642
122,38,1211,3,102,306
123,39,1007,2,252,504
124,39,1094,3,231,693
125,39,1068,1,443,443
126,39,1034,1,422,422
127,40,1272,1,400,400
128,40,1113,2,136,272
129,41,1203,1,271,271
130,41,1273,2,63,126
131,41,1425,3,365,1095
132,41,1291,3,399,1197
133,42,1111,3,92,276
134,42,1168,2,321,642
135,43,1124,1,249,249
136,43,1233,2,350,700
137,43,1281,3,42,126
138,43,1175,1,122,122
139,43,1398,1,199,199
140,44,1066,2,54,108
141,44,1238,2,222,444
142,44,1036,2,99,198
143,44,1020,3,347,1041
144,44,1361,1,149,149
145,45,1333,3,118,354
146,45,1034,3,422,1266
147,46,1268,1,347,347
148,46,1333,2,118,236
149,46,1472,2,285,570
150,46,1239,1,224,224
151,47,1395,3,184,552
152,48,1178,2,149,298
153,48,1267,1,415,415
154,48,1436,2,210,420
155,48,1116,2,99,198
156,48,1174,1,200,200
157,49,1370,3,300,900
158,49,1232,1,354,354
159,49,1146,1,417,417
160,49,1107,3,397,1191
161,49,1175,2,122,244
162,50,1347,2,418,836
163,51,1359,2,47,94
164,51,1358,3,321,963
165,51,1316,3,374,1122
166,51,1339,2,88,176
167,51,1413,2,124,248
168,52,1226,3,170,510
169,52,1435,2,224,448
170,52,1395,1,184,184
171,52,1103,2,238,476
172,52,1439,3,363,1089
173,53,1431,3,258,774
174,54,1098,3,153,459
175,55,1066,1,54,54
176,55,1308,2,359,718
177,55,1258,2,448,896
178,56,1483,3,410,1230
179,57,1497,1,337,337
180,57,1098,2,153,306
181,57,1166,1,312,312
182,57,1078,1,316,316
183,58,1311,2,189,378
184,58,1101,3,247,741
185,58,1409,2,346,692
186,59,1044,1,80,80
187,59,1083,2,170,340
188,59,1328,3,213,639
189,59,1275,1,186,186
190,59,1414,1,302,302
191,60,1152,1,301,301
192,61,1031,3,167,501
193,61,1196,2,367,734
194,61,1110,1,275,275
195,61,1261,1,303,303
196,62,1018,3,156,468
197,62,1406,2,43,86
198,62,1369,1,235,235
199,63,1333,1,118,118
200,63,1079,2,54,108
201,63,1136,1,342,342
202,63,1102,3,38,114
203,64,1028,3,95,285
204,64,1240,3,204,612
205,64,1389,3,326,978
206,64,1260,3,168,504
207,65,1302,1,336,336
208,66,1186,1,223,223
209,66,1416,3,338,1014
210,67,1055,1,132,132
211,67,1285,2,120,240
212,67,1454,2,131,262
213,67,1264,3,144,432
214,67,1489,2,149,298
215,68,1241,3,164,492
216,68,1288,3,134,402
217,68,1029,1,168,168
218,68,1347,3,418,1254
219,68,1397,1,152,152
220,69,1463,3,18,54
221,69,1094,1,231,231
222,69,1122,2,278,556
223,70,1316,2,374,748
224,70,1418,1,315,315
225,70,1269,2,357,714
226,71,1424,3,83,249
227,72,1028,2,95,190
228,72,1100,2,231,462
229,72,1031,2,167,334
230,72,1191,3,216,648
231,73,1157,3,175,525
232,74,1129,1,315,315
233,75,1198,2,356,712
234,76,1301,2,103,206
235,76,1221,2,273,546
236,77,1010,1,243,243
237,77,1050,3,151,453
238,78,1322,1,187,187
239,78,1051,3,57,171
240,78,1261,1,303,303
241,78,1013,1,389,389
242,79,1470,2,438,876
243,80,1091,3,86,258
244,80,1185,1,86,86
245,80,1047,3,399,1197
246,80,1318,3,448,1344
247,81,1403,1,256,256
248,81,1369,3,235,705
249,81,1033,2,416,832
250,82,1041,1,207,207
251,82,1221,3,273,819
252,82,1453,1,283,283
253,82,1203,2,271,542
254,82,1070,1,346,346
255,83,1495,2,173,346
256,83,1110,1,275,275
257,83,1463,3,18,54
258,83,1319,3,430,1290
259,83,1342,1,418,418
260,84,1410,3,429,1287
261,84,1067,2,320,640
262,84,1156,2,354,708
263,84,1315,2,26,52
264,85,1456,1,44,44
265,85,1295,2,132,264
266,85,1238,3,222,666
267,86,1111,1,92,92
268,86,1200,3,370,1110
269,86,1151,1,208,208
270,87,1066,3,54,162
271,87,1498,2,159,318
272,87,1228,3,384,1152
273,88,1319,1,430,430
274,89,1438,1,343,343
275,89,1426,1,383,383
276,89,1363,1,235,235
277,89,1070,2,346,692
278,90,1034,2,422,844
279,90,1400,2,253,506
280,91,1184,2,157,314
281,91,1254,1,182,182
282,91,1413,2,124,248
283,91,1377,3,183,549
284,91,1085,1,326,326
285,92,1060,1,228,228
286,92,1283,2,28,56
287,92,1482,3,205,615
288,92,1070,1,346,346
289,93,1481,2,317,634
290,93,1303,3,133,399
291,93,1029,1,168,168
292,93,1239,3,224,672
293,93,1184,2,157,314
294,94,1280,1,184,184
295,95,1234,3,200,600
296,96,1468,3,276,828
297,96,1376,2,254,508
298,97,1334,3,139,417
299,97,1236,3,197,591
300,97,1291,3,399,1197
301,98,1193,3,414,1242
302,99,1267,1,415,415
303,100,1203,3,271,813
304,100,1490,3,232,696
305,100,1234,1,200,200
306,100,1270,1,145,145
307,101,1131,3,281,843
308,102,1229,1,194,194
309,103,1485,3,290,870
310,103,1092,2,230,460
311,103,1255,1,440,440
312,103,1149,3,257,771
313,104,1120,3,428,1284
314,105,1192,2,238,476
315,105,1184,2,157,314
316,106,1270,2,145,290
317,106,1438,3,343,1029
318,106,1137,1,421,421
319,106,1188,2,128,256
320,106,1124,2,249,498
321,107,1450,2,156,312
322,107,1382,1,76,76
323,107,1012,2,445,890
324,107,1112,1,198,198
325,107,1179,1,335,335
326,108,1442,1,67,67
327,108,1484,1,345,345
328,108,1002,3,60,180
329,109,1122,1,278,278
330,109,1044,3,80,240
331,109,1368,3,302,906
332,109,1193,1,414,414
333,109,1090,2,279,558
334,110,1204,1,267,267
335,110,1272,3,400,1200
336,110,1178,3,149,447
337,111,1100,1,231,231
338,111,1368,3,302,906
339,111,1364,1,125,125
340,111,1030,1,441,441
341,111,1123,2,134,268
342,112,1357,2,440,880
343,112,1085,1,326,326
344,113,1251,2,275,550
345,113,1107,1,397,397
346,114,1478,1,264,264
347,114,1167,2,151,302
348,115,1089,1,384,384
349,115,1180,1,150,150
350,115,1053,3,39,117
351,115,1106,3,344,1032
352,116,1288,1,134,134
353,117,1166,2,312,624
354,117,1271,3,355,1065
355,118,1389,2,326,652
356,118,1266,1,138,138
357,118,1336,3,363,1089
358,118,1191,3,216,648
359,118,1058,2,328,656
360,119,1059,3,190,570
361,119,1411,3,281,843
362,119,1248,3,160,480
363,120,1209,1,114,114
364,121,1399,1,347,347
365,121,1305,3,72,216
366,121,1183,2,35,70
367,122,1401,2,189,378
368,123,1050,3,151,453
369,123,1489,1,149,149
370,123,1254,1,182,182
371,123,1383,3,22,66
372,124,1377,2,183,366
373,124,1346,2,375,750
374,124,1288,2,134,268
375,124,1167,3,151,453
376,124,1146,1,417,417
377,125,1062,1,390,390
378,125,1090,2,279,558
379,125,1128,3,240,720
380,125,1332,1,70,70
381,125,1149,2,257,514
382,126,1033,2,416,832
383,127,1475,1,260,260
384,127,1148,1,19,19
385,127,1448,1,113,113
386,127,1297,2,50,100
387,127,1137,3,421,1263
388,128,1042,2,424,848
389,128,1492,1,214,214
390,128,1278,3,145,435
391,128,1134,2,407,814
392,128,1109,1,302,302
393,129,1151,3,208,624
394,129,1208,3,259,777
395,130,1323,3,42,126
396,130,1488,2,109,218
397,130,1446,3,73,219
398,130,1216,3,423,1269
399,130,1377,3,183,549
400,131,1465,2,190,380
401,131,1354,3,347,1041
402,131,1195,3,416,1248
403,132,1242,1,73,73
404,132,1474,2,21,42
405,133,1175,1,122,122
406,133,1193,1,414,414
407,133,1028,1,95,95
408,134,1025,3,315,945
409,134,1135,3,307,921
410,134,1421,1,186,186
411,134,1467,3,77,231
412,134,1127,2,288,576
413,135,1271,1,355,355
414,135,1488,1,109,109
415,135,1318,3,448,1344
416,135,1498,2,159,318
417,135,1395,1,184,184
418,136,1004,2,272,544
419,136,1358,1,321,321
420,137,1439,2,363,726
421,137,1001,1,54,54
422,137,1256,3,395,1185
423,137,1384,3,369,1107
424,137,1310,3,164,492
425,138,1476,1,354,354
426,138,1047,2,399,798
427,138,1254,2,182,364
428,138,1159,2,129,258
429,138,1321,2,372,744
430,139,1353,1,69,69
431,139,1354,1,347,347
432,139,1060,2,228,456
433,140,1264,1,144,144
434,140,1078,3,316,948
435,141,1265,1,214,214
436,141,1166,2,312,624
437,141,1227,3,89,267
438,142,1166,3,312,936
439,143,1400,1,253,253
440,144,1298,2,320,640
441,144,1033,3,416,1248
442,145,1156,2,354,708
443,145,1124,1,249,249
444,145,1107,2,397,794
445,145,1038,3,127,381
446,146,1327,2,189,378
447,147,1208,1,259,259
448,147,1399,2,347,694
449,147,1154,1,405,405
450,148,1376,1,254,254
451,148,1219,2,317,634
452,148,1492,3,214,642
453,148,1486,2,444,888
454,149,1339,2,88,176
455,149,1110,1,275,275
456,149,1203,3,271,813
457,149,1373,1,27,27
458,150,1143,2,353,706
459,150,1316,2,374,748
460,151,1068,1,443,443
461,151,1386,2,388,776
462,152,1374,3,143,429
463,152,1230,1,309,309
464,152,1447,3,405,1215
465,153,1007,3,252,756
466,153,1100,1,231,231
467,153,1347,1,418,418
468,154,1214,2,113,226
469,154,1225,3,264,792
470,154,1355,2,346,692
471,154,1175,1,122,122
472,154,1494,3,93,279
473,155,1034,1,422,422
474,155,1173,2,328,656
475,155,1246,3,62,186
476,155,1319,2,430,860
477,156,1022,2,91,182
478,156,1280,1,184,184
479,157,1237,3,417,1251
480,157,1158,2,77,154
481,157,1201,3,244,732
482,157,1290,3,341,1023
483,158,1176,1,132,132
484,158,1196,2,367,734
485,158,1373,3,27,81
486,159,1008,3,428,1284
487,159,1099,2,287,574
488,159,1480,3,351,1053
489,159,1377,3,183,549
490,160,1206,3,287,861
491,160,1373,1,27,27
492,161,1390,1,180,180
493,161,1306,1,24,24
494,161,1486,2,444,888
495,161,1236,2,197,394
496,162,1018,2,156,312
497,162,1237,2,417,834
498,163,1480,3,351,1053
499,164,1403,1,256,256
500,164,1177,3,408,1224
501,165,1398,2,199,398
502,165,1180,2,150,300
503,165,1237,2,417,834
504,166,1375,1,169,169
505,166,1081,2,172,344
506,166,1224,1,268,268
507,166,1251,1,275,275
508,167,1209,1,114,114
509,167,1005,2,355,710
510,167,1466,2,336,672
511,167,1287,1,344,344
512,168,1154,3,405,1215
513,168,1387,3,252,756
514,168,1379,1,217,217
515,169,1424,2,83,166
516,169,1396,2,301,602
517,170,1039,2,52,104
518,170,1099,3,287,861
519,170,1206,2,287,574
520,171,1091,3,86,258
521,172,1211,3,102,306
522,173,1317,3,284,852
523,173,1200,1,370,370
524,173,1068,3,443,1329
525,173,1163,2,31,62
526,174,1441,2,271,542
527,174,1030,2,441,882
528,174,1204,1,267,267
529,174,1384,2,369,738
530,175,1240,2,204,408
531,175,1162,3,250,750
532,176,1164,1,61,61
533,176,1101,3,247,741
534,177,1372,1,435,435
535,177,1342,1,418,418
536,178,1304,2,411,822
537,178,1069,3,290,870
538,178,1254,1,182,182
539,178,1423,1,231,231
540,179,1399,1,347,347
541,179,1472,3,285,855
542,179,1298,2,320,640
543,179,1153,3,336,1008
544,180,1098,2,153,306
545,180,1454,2,131,262
546,180,1144,3,42,126
547,180,1134,3,407,1221
548,180,1490,3,232,696
549,181,1096,3,67,201
550,181,1331,2,296,592
551,181,1261,3,303,909
552,181,1200,1,370,370
553,182,1237,1,417,417
554,182,1293,3,160,480
555,182,1148,3,19,57
556,182,1353,1,69,69
557,183,1498,3,159,477
558,183,1205,3,445,1335
559,183,1124,3,249,747
560,183,1071,2,84,168
561,184,1300,1,56,56
562,184,1340,2,256,512
563,184,1156,2,354,708
564,184,1379,3,217,651
565,184,1358,3,321,963
566,185,1449,2,234,468
567,185,1135,2,307,614
568,185,1418,2,315,630
569,185,1437,1,308,308
570,186,1443,3,127,381
571,186,1114,2,55,110
572,186,1459,2,98,196
573,187,1151,2,208,416
574,187,1008,3,428,1284
575,187,1038,3,127,381
576,188,1361,3,149,447
577,188,1131,3,281,843
578,188,1336,2,363,726
579,188,1178,2,149,298
580,189,1381,1,286,286
581,190,1188,1,128,128
582,191,1268,2,347,694
583,191,1220,3,361,1083
584,191,1088,2,440,880
585,191,1473,2,105,210
586,192,1480,2,351,702
587,192,1067,3,320,960
588,192,1070,1,346,346
589,193,1150,1,191,191
590,193,1364,3,125,375
591,193,1119,1,223,223
592,194,1050,1,151,151
593,194,1021,1,158,158
594,194,1258,1,448,448
595,194,1284,1,109,109
596,195,1356,1,298,298
597,195,1474,3,21,63
598,195,1456,2,44,88
599,195,1007,3,252,756
600,196,1267,3,415,1245
601,196,1125,1,45,45
602,196,1455,2,31,62
603,196,1204,3,267,801
604,197,1323,2,42,84
605,197,1400,2,253,506
606,197,1469,3,362,1086
607,197,1124,3,249,747
608,197,1268,2,347,694
609,198,1323,1,42,42
610,199,1087,3,71,213
611,199,1185,1,86,86
612,200,1032,2,244,488
613,200,1326,3,366,1098
614,201,1235,2,309,618
615,201,1316,1,374,374
616,201,1249,3,183,549
617,202,1017,2,231,462
618,202,1220,3,361,1083
619,202,1090,1,279,279
620,202,1267,3,415,1245
621,203,1412,1,22,22
622,203,1336,2,363,726
623,203,1052,2,398,796
624,203,1023,1,312,312
625,204,1151,1,208,208
626,204,1039,2,52,104
627,204,1308,3,359,1077
628,205,1448,3,113,339
629,205,1300,1,56,56
630,206,1147,1,170,170
631,206,1239,2,224,448
632,206,1206,3,287,861
633,206,1028,1,95,95
634,206,1340,3,256,768
635,207,1030,1,441,441
636,207,1095,3,212,636
637,207,1208,2,259,518
638,208,1311,1,189,189
639,208,1218,1,108,108
640,208,1122,2,278,556
641,209,1436,3,210,630
642,209,1045,3,30,90
643,209,1325,3,441,1323
644,209,1289,2,385,770
645,209,1405,2,270,540
646,210,1223,3,185,555
647,210,1211,2,102,204
648,210,1233,1,350,350
649,210,1115,1,219,219
650,211,1362,1,182,182
651,211,1191,2,216,432
652,212,1342,3,418,1254
653,212,1014,1,163,163
654,212,1443,1,127,127
655,213,1209,3,114,342
656,214,1452,3,75,225
657,214,1195,2,416,832
658,214,1257,1,75,75
659,215,1221,2,273,546
660,216,1256,2,395,790
661,216,1005,1,355,355
662,216,1378,2,310,620
663,216,1288,3,134,402
664,217,1462,2,349,698
665,217,1124,1,249,249
666,217,1268,3,347,1041
667,217,1430,3,411,1233
668,217,1480,1,351,351
669,218,1316,1,374,374
670,219,1473,2,105,210
671,219,1148,3,19,57
672,220,1047,3,399,1197
673,220,1391,3,273,819
674,220,1049,3,323,969
675,220,1009,3,46,138
676,221,1266,1,138,138
677,222,1305,1,72,72
678,222,1321,1,372,372
679,222,1250,3,85,255
680,222,1042,3,424,1272
681,222,1158,3,77,231
682,223,1200,1,370,370
683,223,1001,2,54,108
684,224,1257,2,75,150
685,224,1133,2,188,376
686,224,1398,3,199,597
687,225,1168,1,321,321
688,225,1067,3,320,960
689,225,1306,2,24,48
690,225,1273,3,63,189
691,226,1307,2,339,678
692,226,1006,2,445,890
693,226,1103,1,238,238
694,227,1233,3,350,1050
695,227,1017,1,231,231
696,227,1068,2,443,886
697,228,1100,2,231,462
698,228,1335,3,127,381
699,228,1461,3,301,903
700,228,1123,2,134,268
701,228,1500,3,187,561
702,229,1061,2,55,110
703,229,1251,1,275,275
704,229,1051,2,57,114
705,229,1386,1,388,388
706,229,1474,1,21,21
707,230,1490,1,232,232
708,231,1431,3,258,774
709,232,1440,1,195,195
710,232,1451,1,182,182
711,232,1066,1,54,54
712,232,1104,1,209,209
713,233,1220,1,361,361
714,233,1239,2,224,448
715,233,1329,3,145,435
716,234,1285,1,120,120
717,234,1427,1,163,163
718,235,1456,2,44,88
719,236,1389,2,326,652
720,236,1357,2,440,880
721,236,1489,1,149,149
722,236,1143,3,353,1059
723,237,1029,2,168,336
724,237,1459,3,98,294
725,238,1089,2,384,768
726,238,1369,2,235,470
727,239,1170,1,40,40
728,240,1141,1,433,433
729,241,1112,2,198,396
730,241,1196,3,367,1101
731,241,1037,2,338,676
732,241,1125,1,45,45
733,242,1190,1,182,182
734,242,1365,1,260,260
735,242,1364,2,125,250
736,243,1268,3,347,1041
737,243,1345,2,410,820
738,243,1001,1,54,54
739,243,1483,3,410,1230
740,243,1416,3,338,1014
741,244,1360,3,31,93
742,245,1246,3,62,186
743,245,1210,3,352,1056
744,246,1104,3,209,627
745,247,1186,2,223,446
746,247,1045,2,30,60
747,247,1183,2,35,70
748,247,1375,2,169,338
749,248,1081,3,172,516
750,248,1408,2,353,706
751,249,1427,2,163,326
752,249,1317,3,284,852
753,250,1145,3,328,984
754,250,1498,1,159,159
755,250,1047,3,399,1197
756,250,1223,1,185,185
757,250,1347,2,418,836
758,251,1037,3,338,1014
759,251,1022,1,91,91
760,251,1401,3,189,567
761,251,1188,1,128,128
762,251,1421,2,186,372
763,252,1178,2,149,298
764,253,1302,3,336,1008
765,253,1059,2,190,380
766,254,1356,3,298,894
767,254,1363,2,235,470
768,254,1044,3,80,240
769,254,1224,1,268,268
770,255,1441,3,271,813
771,255,1299,3,245,735
772,255,1165,2,282,564
773,255,1060,2,228,456
774,256,1213,2,98,196
775,256,1132,1,172,172
776,256,1174,2,200,400
777,256,1023,1,312,312
778,256,1426,1,383,383
779,257,1028,3,95,285
780,257,1492,3,214,642
781,257,1430,1,411,411
782,258,1325,2,441,882
783,258,1289,1,385,385
784,258,1239,2,224,448
785,259,1387,2,252,504
786,259,1091,1,86,86
787,259,1263,3,136,408
788,259,1220,1,361,361
789,260,1416,3,338,1014
790,260,1462,1,349,349
791,260,1233,3,350,1050
792,260,1135,1,307,307
793,261,1145,3,328,984
794,261,1286,3,373,1119
795,261,1329,2,145,290
796,261,1189,1,186,186
797,262,1490,2,232,464
798,262,1079,2,54,108
799,263,1308,3,359,1077
800,263,1290,1,341,341
801,263,1060,2,228,456
802,263,1162,3,250,750
803,263,1093,1,435,435
804,264,1305,1,72,72
805,264,1392,3,212,636
806,265,1157,2,175,350
807,265,1336,2,363,726
808,265,1092,3,230,690
809,266,1456,3,44,132
810,267,1235,1,309,309
811,268,1133,2,188,376
812,268,1232,2,354,708
813,268,1296,1,439,439
814,268,1047,2,399,798
815,269,1290,2,341,682
816,269,1485,2,290,580
817,269,1086,1,235,235
818,269,1022,3,91,273
819,269,1404,2,408,816
820,270,1343,1,116,116
821,270,1489,1,149,149
822,270,1293,1,160,160
823,270,1262,2,227,454
824,270,1398,1,199,199
825,271,1188,3,128,384
826,272,1075,1,74,74
827,272,1070,3,346,1038
828,272,1410,2,429,858
829,273,1241,1,164,164
830,273,1430,1,411,411
831,273,1066,3,54,162
832,273,1354,1,347,347
833,273,1433,3,217,651
834,274,1172,1,305,305
835,274,1303,2,133,266
836,274,1062,1,390,390
837,275,1181,1,51,51
838,276,1283,3,28,84
839,277,1350,3,341,1023
840,277,1440,1,195,195
841,277,1023,1,312,312
842,277,1487,2,114,228
843,277,1207,1,298,298
844,278,1253,2,337,674
845,279,1030,2,441,882
846,279,1263,1,136,136
847,279,1028,1,95,95
848,280,1474,1,21,21
849,281,1052,3,398,1194
850,281,1219,1,317,317
851,282,1355,1,346,346
852,282,1231,3,236,708
853,282,1394,1,246,246
854,282,1015,3,283,849
855,283,1200,2,370,740
856,284,1036,1,99,99
857,284,1499,1,41,41
858,284,1104,2,209,418
859,284,1375,1,169,169
860,284,1463,2,18,36
861,285,1208,3,259,777
862,285,1209,2,114,228
863,286,1254,2,182,364
864,286,1431,1,258,258
865,286,1266,1,138,138
866,287,1414,3,302,906
867,288,1269,3,357,1071
868,288,1152,1,301,301
869,289,1228,3,384,1152
870,290,1323,3,42,126
871,290,1191,3,216,648
872,290,1038,2,127,254
873,290,1069,2,290,580
874,291,1131,1,281,281
875,291,1257,2,75,150
876,291,1142,3,124,372
877,292,1281,1,42,42
878,292,1197,3,337,1011
879,292,1096,1,67,67
880,293,1245,1,176,176
881,293,1480,1,351,351
882,293,1054,3,413,1239
883,293,1208,3,259,777
884,293,1387,2,252,504
885,294,1306,2,24,48
886,294,1076,2,180,360
887,294,1397,3,152,456
888,294,1406,1,43,43
889,295,1361,2,149,298
890,295,1129,2,315,630
891,295,1392,2,212,424
892,295,1416,1,338,338
893,296,1020,2,347,694
894,296,1338,1,121,121
895,296,1214,1,113,113
896,296,1091,1,86,86
897,296,1019,2,107,214
898,297,1438,3,343,1029
899,297,1303,3,133,399
900,297,1137,3,421,1263
901,298,1290,3,341,1023
902,298,1148,2,19,38
903,298,1146,2,417,834
904,298,1265,3,214,642
905,299,1056,2,135,270
906,300,1009,3,46,138
907,300,1319,2,430,860
908,300,1400,3,253,759
909,300,1044,2,80,160
910,300,1395,1,184,184
911,301,1182,3,116,348
912,301,1009,2,46,92
913,302,1033,2,416,832
914,302,1276,2,22,44
915,302,1010,2,243,486
916,302,1362,1,182,182
917,303,1021,1,158,158
918,303,1317,1,284,284
919,303,1074,3,102,306
920,303,1013,3,389,1167
921,304,1113,3,136,408
922,304,1383,3,22,66
923,304,1074,2,102,204
924,305,1150,2,191,382
925,305,1498,2,159,318
926,306,1364,2,125,250
927,306,1116,1,99,99
928,306,1135,3,307,921
929,307,1068,1,443,443
930,308,1101,1,247,247
931,308,1425,1,365,365
932,308,1337,1,203,203
933,308,1227,1,89,89
934,308,1431,3,258,774
935,309,1286,3,373,1119
936,309,1222,1,278,278
937,310,1009,2,46,92
938,311,1322,2,187,374
939,311,1109,2,302,604
940,311,1192,2,238,476
941,312,1360,3,31,93
942,312,1231,2,236,472
943,312,1383,1,22,22
944,312,1250,2,85,170
945,313,1021,1,158,158
946,313,1026,2,182,364
947,313,1058,3,328,984
948,314,1326,3,366,1098
949,314,1099,1,287,287
950,314,1003,2,84,168
951,315,1446,3,73,219
952,315,1064,2,124,248
953,315,1315,1,26,26
954,315,1135,3,307,921
955,315,1250,1,85,85
956,316,1492,1,214,214
957,316,1267,3,415,1245
958,316,1280,3,184,552
959,316,1282,2,175,350
960,316,1278,1,145,145
961,317,1192,2,238,476
962,317,1297,2,50,100
963,317,1099,1,287,287
964,318,1193,3,414,1242
965,318,1227,2,89,178
966,318,1033,2,416,832
967,318,1017,3,231,693
968,318,1280,1,184,184
969,319,1049,1,323,323
970,319,1030,3,441,1323
971,319,1057,3,93,279
972,320,1157,3,175,525
973,321,1037,3,338,1014
974,321,1413,2,124,248
975,321,1129,3,315,945
976,322,1056,1,135,135
977,323,1493,3,169,507
978,324,1329,1,145,145
979,324,1339,3,88,264
980,324,1273,3,63,189
981,324,1171,2,225,450
982,324,1304,2,411,822
983,325,1402,2,446,892
984,325,1157,1,175,175
985,325,1113,1,136,136
986,326,1310,1,164,164
987,326,1265,1,214,214
988,327,1234,3,200,600
989,327,1420,3,403,1209
990,328,1174,2,200,400
991,329,1419,1,112,112
992,329,1025,1,315,315
993,329,1095,3,212,636
994,329,1045,2,30,60
995,329,1293,3,160,480
996,330,1095,3,212,636
997,330,1164,1,61,61
998,330,1437,2,308,616
999,330,1422,1,356,356
1000,331,1075,1,74,74
1001,331,1003,1,84,84
1002,331,1189,1,186,186
1003,331,1327,2,189,378
1004,331,1291,1,399,399
1005,332,1404,3,408,1224
1006,333,1095,2,212,424
1007,333,1129,3,315,945
1008,334,1227,2,89,178
1009,334,1008,1,428,428
1010,335,1325,1,441,441
1011,336,1078,3,316,948
1012,336,1240,2,204,408
1013,336,1333,3,118,354
1014,336,1213,2,98,196
1015,336,1489,2,149,298
1016,337,1428,2,157,314
1017,337,1335,1,127,127
1018,337,1249,2,183,366
1019,338,1343,2,116,232
1020,338,1352,2,353,706
1021,339,1419,2,112,224
1022,339,1160,3,208,624
1023,339,1404,3,408,1224
1024,339,1402,3,446,1338
1025,340,1420,3,403,1209
1026,340,1399,1,347,347
1027,340,1042,2,424,848
1028,340,1171,3,225,675
1029,341,1440,3,195,585
1030,341,1191,3,216,648
1031,342,1394,3,246,738
1032,342,1234,1,200,200
1033,342,1055,3,132,396
1034,342,1296,1,439,439
1035,343,1145,1,328,328
1036,343,1156,2,354,708
1037,344,1202,1,303,303
1038,345,1286,1,373,373
1039,345,1282,3,175,525
1040,345,1040,1,225,225
1041,345,1182,2,116,232
1042,346,1066,3,54,162
1043,347,1094,2,231,462
1044,347,1449,3,234,702
1045,348,1142,3,124,372
1046,348,1014,1,163,163
1047,349,1234,1,200,200
1048,350,1470,1,438,438
1049,350,1474,2,21,42
1050,350,1019,2,107,214
1051,351,1500,1,187,187
1052,351,1229,2,194,388
1053,352,1496,1,140,140
1054,352,1253,3,337,1011
1055,353,1155,3,35,105
1056,353,1497,1,337,337
1057,354,1258,3,448,1344
1058,354,1105,1,327,327
1059,354,1382,1,76,76
1060,354,1096,3,67,201
1061,355,1368,3,302,906
1062,355,1285,3,120,360
1063,356,1435,3,224,672
1064,356,1369,1,235,235
1065,356,1151,1,208,208
1066,357,1332,2,70,140
1067,358,1275,2,186,372
1068,358,1184,2,157,314
1069,358,1139,2,157,314
1070,358,1291,3,399,1197
1071,358,1303,3,133,399
1072,359,1090,2,279,558
1073,360,1143,3,353,1059
1074,360,1132,2,172,344
1075,360,1357,1,440,440
1076,360,1393,1,372,372
1077,360,1283,2,28,56
1078,361,1084,3,403,1209
1079,361,1193,2,414,828
1080,362,1226,3,170,510
1081,363,1332,3,70,210
1082,363,1142,1,124,124
1083,363,1500,1,187,187
1084,363,1256,3,395,1185
1085,364,1124,3,249,747
1086,364,1022,3,91,273
1087,364,1344,1,224,224
1088,365,1451,1,182,182
1089,365,1376,1,254,254
1090,365,1026,1,182,182
1091,366,1283,1,28,28
1092,366,1364,1,125,125
1093,366,1040,3,225,675
1094,366,1293,3,160,480
1095,367,1449,3,234,702
1096,367,1049,1,323,323
1097,367,1067,3,320,960
1098,367,1283,1,28,28
1099,367,1359,3,47,141
1100,368,1205,3,445,1335
1101,368,1409,2,346,692
1102,368,1284,3,109,327
1103,368,1500,2,187,374
1104,369,1222,2,278,556
1105,369,1198,2,356,712
1106,369,1010,1,243,243
1107,370,1450,1,156,156
1108,370,1446,3,73,219
1109,370,1120,1,428,428
1110,370,1314,1,274,274
1111,370,1174,3,200,600
1112,371,1349,3,45,135
1113,371,1298,3,320,960
1114,371,1219,1,317,317
1115,371,1110,3,275,825
1116,371,1498,3,159,477
1117,372,1081,1,172,172
1118,372,1092,3,230,690
1119,373,1390,2,180,360
1120,373,1452,3,75,225
1121,373,1500,1,187,187
1122,373,1453,2,283,566
1123,373,1380,1,120,120
1124,374,1080,1,278,278
1125,374,1173,3,328,984
1126,374,1412,3,22,66
1127,375,1361,1,149,149
1128,375,1054,1,413,413
1129,375,1016,3,430,1290
1130,376,1068,3,443,1329
1131,377,1393,3,372,1116
1132,378,1144,1,42,42
1133,378,1114,2,55,110
1134,378,1074,3,102,306
1135,379,1460,1,182,182
1136,379,1436,3,210,630
1137,379,1353,3,69,207
1138,379,1273,2,63,126
1139,379,1446,1,73,73
1140,380,1491,1,408,408
1141,380,1206,1,287,287
1142,380,1119,1,223,223
1143,380,1493,3,169,507
1144,380,1399,2,347,694
1145,381,1431,2,258,516
1146,382,1223,1,185,185
1147,383,1069,2,290,580
1148,383,1234,3,200,600
1149,383,1372,1,435,435
1150,383,1245,2,176,352
1151,383,1408,1,353,353
1152,384,1132,3,172,516
1153,385,1255,1,440,440
1154,385,1414,1,302,302
1155,385,1082,3,40,120
1156,385,1396,3,301,903
1157,386,1021,1,158,158
1158,386,1262,2,227,454
1159,386,1308,3,359,1077
1160,387,1127,3,288,864
1161,387,1400,3,253,759
1162,387,1080,3,278,834
1163,387,1085,3,326,978
1164,388,1123,1,134,134
1165,388,1101,1,247,247
1166,388,1249,3,183,549
1167,389,1190,2,182,364
1168,389,1289,3,385,1155
1169,389,1229,3,194,582
1170,389,1100,2,231,462
1171,389,1399,1,347,347
1172,390,1242,3,73,219
1173,390,1103,3,238,714
1174,391,1134,3,407,1221
1175,391,1007,1,252,252
1176,391,1348,1,176,176
1177,392,1385,2,371,742
1178,392,1439,2,363,726
1179,393,1481,1,317,317
1180,394,1119,1,223,223
1181,394,1290,2,341,682
1182,394,1366,2,129,258
1183,394,1355,1,346,346
1184,394,1282,2,175,350
1185,395,1167,2,151,302
1186,395,1202,1,303,303
1187,396,1447,2,405,810
1188,396,1271,3,355,1065
1189,397,1138,1,281,281
1190,397,1386,2,388,776
1191,398,1458,3,272,816
1192,399,1348,1,176,176
1193,399,1070,2,346,692
1194,399,1323,3,42,126
1195,399,1177,1,408,408
1196,400,1330,2,264,528
1197,400,1296,2,439,878
1198,400,1294,3,333,999
1199,400,1266,1,138,138
1200,400,1038,3,127,381
1201,401,1410,1,429,429
1202,401,1192,3,238,714
1203,401,1489,1,149,149
1204,401,1224,2,268,536
1205,402,1344,3,224,672
1206,402,1229,3,194,582
1207,402,1357,2,440,880
1208,403,1028,1,95,95
1209,403,1469,2,362,724
1210,403,1339,1,88,88
1211,403,1483,1,410,410
1212,403,1146,2,417,834
1213,404,1269,3,357,1071
1214,404,1191,1,216,216
1215,404,1117,3,67,201
1216,405,1191,3,216,648
1217,405,1288,2,134,268
1218,405,1181,2,51,102
1219,405,1014,3,163,489
1220,406,1342,3,418,1254
1221,406,1433,2,217,434
1222,406,1243,1,242,242
1223,407,1317,3,284,852
1224,408,1358,2,321,642
1225,408,1025,3,315,945
1226,408,1068,2,443,886
1227,408,1009,2,46,92
1228,408,1193,2,414,828
1229,409,1430,3,411,1233
1230,409,1477,2,170,340
1231,409,1082,2,40,80
1232,409,1029,1,168,168
1233,409,1073,2,59,118
1234,410,1455,3,31,93
1235,410,1267,3,415,1245
1236,410,1099,1,287,287
1237,410,1438,1,343,343
1238,410,1046,3,368,1104
1239,411,1154,3,405,1215
1240,411,1157,3,175,525
1241,411,1274,2,264,528
1242,411,1277,2,60,120
1243,411,1333,1,118,118
1244,412,1164,1,61,61
1245,413,1375,2,169,338
1246,414,1500,3,187,561
1247,414,1039,1,52,52
1248,415,1455,1,31,31
1249,415,1043,3,18,54
1250,415,1142,2,124,248
1251,415,1181,1,51,51
1252,415,1084,2,403,806
1253,416,1100,1,231,231
1254,416,1372,2,435,870
1255,416,1427,2,163,326
1256,416,1174,1,200,200
1257,416,1239,2,224,448
1258,417,1140,2,422,844
1259,417,1087,2,71,142
1260,417,1094,2,231,462
1261,417,1261,2,303,606
1262,417,1316,1,374,374
1263,418,1425,1,365,365
1264,419,1420,3,403,1209
1265,419,1118,3,434,1302
1266,419,1067,2,320,640
1267,419,1454,2,131,262
1268,420,1375,1,169,169
1269,420,1291,1,399,399
1270,420,1100,2,231,462
1271,421,1151,2,208,416
1272,422,1309,3,18,54
1273,422,1243,2,242,484
1274,422,1455,3,31,93
1275,423,1429,2,347,694
1276,423,1004,2,272,544
1277,423,1151,2,208,416
1278,424,1207,3,298,894
1279,424,1390,3,180,540
1280,424,1425,2,365,730
1281,425,1056,1,135,135
1282,425,1466,2,336,672
1283,425,1067,1,320,320
1284,425,1112,3,198,594
1285,426,1428,3,157,471
1286,427,1281,3,42,126
1287,427,1393,1,372,372
1288,428,1343,2,116,232
1289,428,1460,1,182,182
1290,428,1244,3,282,846
1291,428,1060,1,228,228
1292,429,1378,2,310,620
1293,429,1438,1,343,343
1294,429,1242,3,73,219
1295,430,1141,2,433,866
1296,430,1270,3,145,435
1297,430,1400,3,253,759
1298,431,1459,3,98,294
1299,431,1363,3,235,705
1300,431,1375,2,169,338
1301,431,1017,3,231,693
1302,431,1010,3,243,729
1303,432,1250,3,85,255
1304,433,1006,1,445,445
1305,433,1145,1,328,328
1306,433,1445,1,312,312
1307,433,1059,1,190,190
1308,434,1256,2,395,790
1309,434,1028,1,95,95
1310,435,1452,3,75,225
1311,435,1260,2,168,336
1312,435,1097,1,371,371
1313,436,1104,1,209,209
1314,436,1454,1,131,131
1315,437,1466,1,336,336
1316,437,1303,2,133,266
1317,437,1264,3,144,432
1318,438,1010,2,243,486
1319,438,1479,2,334,668
1320,439,1162,1,250,250
1321,439,1056,2,135,270
1322,439,1485,1,290,290
1323,439,1132,2,172,344
1324,439,1159,1,129,129
1325,440,1072,3,387,1161
1326,440,1040,3,225,675
1327,440,1318,3,448,1344
1328,440,1034,2,422,844
1329,441,1110,2,275,550
1330,442,1276,2,22,44
1331,442,1278,2,145,290
1332,443,1247,2,205,410
1333,444,1444,3,245,735
1334,444,1406,3,43,129
1335,445,1474,3,21,63
1336,445,1339,1,88,88
1337,445,1128,1,240,240
1338,445,1324,3,202,606
1339,445,1026,1,182,182
1340,446,1067,1,320,320
1341,446,1445,3,312,936
1342,446,1205,2,445,890
1343,446,1294,3,333,999
1344,447,1196,3,367,1101
1345,447,1180,3,150,450
1346,447,1081,2,172,344
1347,447,1399,1,347,347
1348,447,1213,1,98,98
1349,448,1387,3,252,756
1350,449,1154,1,405,405
1351,449,1462,3,349,1047
1352,450,1406,1,43,43
1353,450,1159,3,129,387
1354,450,1462,1,349,349
1355,450,1111,2,92,184
1356,450,1112,2,198,396
1357,451,1184,1,157,157
1358,451,1360,2,31,62
1359,451,1159,1,129,129
1360,452,1325,1,441,441
1361,452,1280,3,184,552
1362,452,1190,3,182,546
1363,452,1497,3,337,1011
1364,452,1258,2,448,896
1365,453,1336,3,363,1089
1366,453,1129,1,315,315
1367,453,1387,1,252,252
1368,453,1255,3,440,1320
1369,454,1448,3,113,339
1370,455,1265,3,214,642
1371,455,1162,3,250,750
1372,455,1157,2,175,350
1373,456,1492,1,214,214
1374,457,1375,2,169,338
1375,457,1026,2,182,364
1376,457,1108,1,243,243
1377,458,1021,3,158,474
1378,459,1029,2,168,336
1379,459,1335,1,127,127
1380,460,1442,3,67,201
1381,460,1357,1,440,440
1382,461,1408,2,353,706
1383,461,1401,3,189,567
1384,461,1358,2,321,642
1385,461,1082,3,40,120
1386,462,1135,1,307,307
1387,462,1120,1,428,428
1388,462,1403,3,256,768
1389,463,1362,2,182,364
1390,463,1007,3,252,756
1391,464,1368,2,302,604
1392,464,1476,1,354,354
1393,464,1464,3,139,417
1394,464,1177,1,408,408
1395,465,1039,1,52,52
1396,465,1151,1,208,208
1397,466,1482,2,205,410
1398,466,1052,1,398,398
1399,466,1221,3,273,819
1400,466,1153,3,336,1008
1401,467,1487,3,114,342
1402,468,1499,2,41,82
1403,468,1054,3,413,1239
1404,469,1477,1,170,170
1405,469,1476,3,354,1062
1406,469,1400,2,253,506
1407,470,1116,3,99,297
1408,470,1189,2,186,372
1409,471,1246,1,62,62
1410,472,1128,2,240,480
1411,472,1226,3,170,510
1412,473,1361,1,149,149
1413,474,1044,3,80,240
1414,474,1035,2,382,764
1415,474,1478,1,264,264
1416,474,1480,2,351,702
1417,474,1274,3,264,792
1418,475,1380,1,120,120
1419,475,1043,2,18,36
1420,475,1348,3,176,528
1421,475,1254,3,182,546
1422,475,1065,1,120,120
1423,476,1141,2,433,866
1424,476,1445,1,312,312
1425,476,1085,2,326,652
1426,476,1268,1,347,347
1427,476,1035,3,382,1146
1428,477,1395,2,184,368
1429,477,1221,3,273,819
1430,477,1023,2,312,624
1431,477,1366,1,129,129
1432,478,1028,2,95,190
1433,478,1304,2,411,822
1434,479,1011,2,90,180
1435,479,1260,1,168,168
1436,479,1061,2,55,110
1437,480,1094,3,231,693
1438,480,1261,1,303,303
1439,480,1026,1,182,182
1440,481,1177,3,408,1224
1441,482,1153,1,336,336
1442,483,1220,1,361,361
1443,483,1173,1,328,328
1444,483,1101,1,247,247
1445,484,1312,1,280,280
1446,484,1071,1,84,84
1447,484,1263,3,136,408
1448,484,1456,1,44,44
1449,484,1267,3,415,1245
1450,485,1003,1,84,84
1451,486,1022,2,91,182
1452,486,1089,3,384,1152
1453,487,1243,1,242,242
1454,487,1380,1,120,120
1455,487,1500,1,187,187
1456,487,1414,1,302,302
1457,488,1196,3,367,1101
1458,488,1484,2,345,690
1459,488,1156,2,354,708
1460,488,1418,3,315,945
1461,489,1212,1,372,372
1462,489,1438,1,343,343
1463,489,1445,3,312,936
1464,489,1436,3,210,630
1465,490,1403,2,256,512
1466,491,1064,2,124,248
1467,491,1433,2,217,434
1468,491,1004,3,272,816
1469,492,1106,1,344,344
1470,492,1440,2,195,390
1471,492,1338,2,121,242
1472,492,1003,2,84,168
1473,493,1197,3,337,1011
1474,493,1009,1,46,46
1475,493,1481,2,317,634
1476,494,1065,2,120,240
1477,494,1167,2,151,302
1478,494,1116,3,99,297
1479,494,1466,3,336,1008
1480,495,1039,3,52,156
1481,496,1446,1,73,73
1482,497,1162,2,250,500
1483,497,1331,1,296,296
1484,497,1066,3,54,162
1485,497,1361,1,149,149
1486,498,1268,2,347,694
1487,499,1463,2,18,36
1488,500,1154,2,405,810
1489,500,1490,2,232,464
1490,500,1002,3,60,180
1491,501,1029,3,168,504
1492,502,1271,3,355,1065
1493,502,1144,1,42,42
1494,502,1460,2,182,364
1495,503,1414,2,302,604
1496,503,1446,1,73,73
1497,503,1293,1,160,160
1498,503,1345,1,410,410
1499,504,1355,3,346,1038
1500,504,1281,3,42,126
1501,504,1312,1,280,280
1502,505,1045,3,30,90
1503,506,1236,3,197,591
1504,507,1112,3,198,594
1505,507,1242,1,73,73
1506,507,1020,2,347,694
1507,507,1104,2,209,418
1508,507,1226,2,170,340
1509,508,1249,1,183,183
1510,508,1338,1,121,121
1511,508,1451,2,182,364
1512,508,1321,1,372,372
1513,509,1203,2,271,542
1514,509,1368,2,302,604
1515,509,1466,1,336,336
1516,509,1353,2,69,138
1517,510,1456,3,44,132
1518,510,1057,3,93,279
1519,510,1164,3,61,183
1520,510,1493,2,169,338
1521,511,1235,1,309,309
1522,511,1210,1,352,352
1523,511,1123,1,134,134
1524,511,1197,2,337,674
1525,511,1241,1,164,164
1526,512,1041,1,207,207
1527,512,1450,2,156,312
1528,512,1143,2,353,706
1529,513,1321,1,372,372
1530,513,1394,1,246,246
1531,513,1011,1,90,90
1532,514,1346,3,375,1125
1533,514,1492,1,214,214
1534,515,1034,3,422,1266
1535,515,1308,3,359,1077
1536,516,1179,3,335,1005
1537,516,1381,1,286,286
1538,517,1090,2,279,558
1539,518,1483,3,410,1230
1540,518,1381,2,286,572
1541,518,1420,2,403,806
1542,518,1142,3,124,372
1543,519,1435,1,224,224
1544,519,1325,2,441,882
1545,520,1241,3,164,492
1546,521,1397,1,152,152
1547,521,1393,2,372,744
1548,521,1356,2,298,596
1549,522,1048,3,295,885
1550,522,1455,2,31,62
1551,523,1072,2,387,774
1552,523,1172,3,305,915
1553,523,1273,2,63,126
1554,524,1116,1,99,99
1555,524,1132,3,172,516
1556,524,1215,1,412,412
1557,524,1085,3,326,978
1558,524,1360,2,31,62
1559,525,1193,3,414,1242
1560,525,1161,3,439,1317
1561,525,1453,3,283,849
1562,526,1379,3,217,651
1563,526,1052,2,398,796
1564,526,1060,2,228,456
1565,526,1030,2,441,882
1566,527,1382,3,76,228
1567,527,1104,2,209,418
1568,527,1174,2,200,400
1569,527,1090,3,279,837
1570,527,1073,1,59,59
1571,528,1185,2,86,172
1572,528,1210,1,352,352
1573,528,1158,2,77,154
1574,528,1035,1,382,382
1575,529,1391,2,273,546
1576,529,1279,3,104,312
1577,529,1068,2,443,886
1578,529,1371,1,75,75
1579,530,1262,3,227,681
1580,530,1412,2,22,44
1581,530,1066,2,54,108
1582,531,1173,1,328,328
1583,531,1384,2,369,738
1584,531,1335,2,127,254
1585,532,1343,1,116,116
1586,532,1290,3,341,1023
1587,532,1490,1,232,232
1588,532,1108,3,243,729
1589,533,1200,2,370,740
1590,533,1155,3,35,105
1591,533,1054,2,413,826
1592,534,1311,3,189,567
1593,534,1117,3,67,201
1594,534,1026,3,182,546
1595,534,1337,1,203,203
1596,534,1439,1,363,363
1597,535,1034,3,422,1266
1598,535,1104,1,209,209
1599,536,1193,2,414,828
1600,537,1265,1,214,214
1601,538,1124,1,249,249
1602,538,1040,2,225,450
1603,538,1253,3,337,1011
1604,538,1415,3,111,333
1605,539,1495,1,173,173
1606,539,1278,2,145,290
1607,539,1133,1,188,188
1608,540,1485,2,290,580
1609,540,1458,1,272,272
1610,540,1263,3,136,408
1611,540,1276,3,22,66
1612,540,1188,2,128,256
1613,541,1332,2,70,140
1614,541,1389,1,326,326
1615,541,1466,2,336,672
1616,542,1471,3,96,288
1617,543,1143,3,353,1059
1618,544,1147,3,170,510
1619,544,1253,2,337,674
1620,544,1065,2,120,240
1621,545,1489,3,149,447
1622,545,1406,2,43,86
1623,545,1138,3,281,843
1624,546,1266,1,138,138
1625,546,1476,3,354,1062
1626,546,1220,1,361,361
1627,546,1328,2,213,426
1628,546,1233,3,350,1050
1629,547,1329,1,145,145
1630,547,1291,2,399,798
1631,548,1225,1,264,264
1632,548,1074,2,102,204
1633,548,1051,3,57,171
1634,548,1123,1,134,134
1635,548,1488,3,109,327
1636,549,1304,2,411,822
1637,549,1420,3,403,1209
1638,549,1270,1,145,145
1639,550,1419,1,112,112
1640,551,1462,2,349,698
1641,551,1059,2,190,380
1642,552,1356,3,298,894
1643,552,1275,1,186,186
1644,552,1132,3,172,516
1645,553,1415,2,111,222
1646,553,1197,1,337,337
1647,553,1431,2,258,516
1648,553,1229,3,194,582
1649,553,1122,3,278,834
1650,554,1027,1,376,376
1651,554,1203,2,271,542
1652,554,1284,1,109,109
1653,554,1080,2,278,556
1654,555,1230,3,309,927
1655,555,1143,1,353,353
1656,555,1459,2,98,196
1657,555,1019,3,107,321
1658,555,1224,3,268,804
1659,556,1172,1,305,305
1660,556,1385,2,371,742
1661,556,1169,3,39,117
1662,557,1004,3,272,816
1663,558,1421,2,186,372
1664,558,1198,2,356,712
1665,559,1267,1,415,415
1666,559,1364,1,125,125
1667,559,1145,3,328,984
1668,559,1297,2,50,100
1669,559,1093,2,435,870
1670,560,1078,2,316,632
1671,561,1197,3,337,1011
1672,561,1274,1,264,264
1673,562,1292,2,267,534
1674,562,1348,3,176,528
1675,562,1313,3,212,636
1676,563,1038,3,127,381
1677,563,1058,2,328,656
1678,564,1209,1,114,114
1679,565,1298,3,320,960
1680,565,1308,3,359,1077
1681,565,1179,1,335,335
1682,566,1128,2,240,480
1683,566,1201,3,244,732
1684,566,1300,1,56,56
1685,566,1475,2,260,520
1686,566,1396,1,301,301
1687,567,1491,2,408,816
1688,567,1192,3,238,714
1689,568,1037,1,338,338
1690,568,1023,1,312,312
1691,568,1320,1,192,192
1692,568,1342,2,418,836
1693,568,1232,1,354,354
1694,569,1269,2,357,714
1695,569,1159,1,129,129
1696,569,1309,3,18,54
1697,569,1303,2,133,266
1698,570,1317,1,284,284
1699,570,1159,1,129,129
1700,570,1176,3,132,396
1701,570,1153,2,336,672
1702,570,1366,3,129,387
1703,571,1011,2,90,180
1704,571,1184,1,157,157
1705,571,1134,3,407,1221
1706,572,1316,3,374,1122
1707,573,1439,3,363,1089
1708,573,1270,3,145,435
1709,573,1236,3,197,591
1710,573,1188,1,128,128
1711,573,1466,1,336,336
1712,574,1284,3,109,327
1713,574,1007,1,252,252
1714,574,1018,1,156,156
1715,575,1110,3,275,825
1716,575,1113,2,136,272
1717,575,1360,3,31,93
1718,575,1273,1,63,63
1719,576,1409,3,346,1038
1720,576,1384,3,369,1107
1721,576,1264,1,144,144
1722,576,1435,3,224,672
1723,576,1167,2,151,302
1724,577,1025,2,315,630
1725,577,1489,2,149,298
1726,577,1392,1,212,212
1727,578,1220,3,361,1083
1728,579,1116,3,99,297
1729,579,1166,2,312,624
1730,579,1144,2,42,84
1731,579,1336,1,363,363
1732,579,1421,3,186,558
1733,580,1188,3,128,384
1734,580,1127,2,288,576
1735,580,1332,2,70,140
1736,580,1212,3,372,1116
1737,581,1129,2,315,630
1738,581,1191,1,216,216
1739,581,1399,2,347,694
1740,582,1385,3,371,1113
1741,582,1457,1,386,386
1742,582,1046,1,368,368
1743,582,1062,2,390,780
1744,583,1015,2,283,566
1745,583,1497,1,337,337
1746,583,1391,3,273,819
1747,583,1390,3,180,540
1748,583,1264,3,144,432
1749,584,1375,1,169,169
1750,584,1472,1,285,285
1751,584,1236,2,197,394
1752,584,1400,3,253,759
1753,584,1254,1,182,182
1754,585,1169,2,39,78
1755,585,1158,3,77,231
1756,585,1181,3,51,153
1757,586,1261,1,303,303
1758,586,1134,2,407,814
1759,586,1090,3,279,837
1760,586,1357,1,440,440
1761,586,1215,3,412,1236
1762,587,1132,2,172,344
1763,587,1267,1,415,415
1764,587,1150,2,191,382
1765,587,1222,3,278,834
1766,587,1403,1,256,256
1767,588,1036,3,99,297
1768,588,1257,2,75,150
1769,588,1061,2,55,110
1770,588,1052,1,398,398
1771,588,1198,2,356,712
1772,589,1380,1,120,120
1773,590,1426,3,383,1149
1774,590,1245,2,176,352
1775,591,1170,3,40,120
1776,591,1416,2,338,676
1777,591,1038,1,127,127
1778,591,1408,3,353,1059
1779,592,1022,1,91,91
1780,592,1061,3,55,165
1781,593,1143,3,353,1059
1782,593,1335,1,127,127
1783,593,1212,1,372,372
1784,593,1417,3,114,342
1785,594,1389,3,326,978
1786,594,1429,2,347,694
1787,595,1245,3,176,528
1788,595,1323,1,42,42
1789,596,1020,3,347,1041
1790,596,1443,2,127,254
1791,596,1255,3,440,1320
1792,596,1473,1,105,105
1793,597,1147,1,170,170
1794,597,1397,1,152,152
1795,597,1408,3,353,1059
1796,597,1087,2,71,142
1797,598,1064,3,124,372
1798,598,1162,1,250,250
1799,599,1457,3,386,1158
1800,599,1285,1,120,120
1801,599,1069,1,290,290
1802,599,1149,2,257,514
1803,599,1478,3,264,792
1804,600,1354,2,347,694
1805,600,1123,1,134,134
1806,600,1330,3,264,792
1807,601,1356,2,298,596
1808,601,1192,1,238,238
1809,602,1460,1,182,182
1810,602,1053,3,39,117
1811,603,1486,3,444,1332
1812,603,1464,3,139,417
1813,603,1004,1,272,272
1814,603,1229,2,194,388
1815,604,1427,2,163,326
1816,604,1280,2,184,368
1817,604,1113,2,136,272
1818,605,1437,1,308,308
1819,605,1169,3,39,117
1820,605,1413,3,124,372
1821,605,1379,1,217,217
1822,605,1082,1,40,40
1823,606,1033,1,416,416
1824,607,1120,3,428,1284
1825,607,1246,3,62,186
1826,608,1384,1,369,369
1827,608,1175,1,122,122
1828,608,1229,3,194,582
1829,608,1264,3,144,432
1830,608,1166,2,312,624
1831,609,1493,2,169,338
1832,609,1126,3,380,1140
1833,610,1066,3,54,162
1834,610,1376,3,254,762
1835,611,1095,2,212,424
1836,611,1167,2,151,302
1837,611,1168,3,321,963
1838,611,1365,3,260,780
1839,611,1164,1,61,61
1840,612,1020,3,347,1041
1841,612,1228,1,384,384
1842,612,1350,3,341,1023
1843,612,1273,1,63,63
1844,613,1430,3,411,1233
1845,613,1339,2,88,176
1846,614,1290,3,341,1023
1847,614,1092,1,230,230
1848,615,1041,1,207,207
1849,615,1151,2,208,416
1850,615,1109,1,302,302
1851,615,1365,1,260,260
1852,615,1390,2,180,360
1853,616,1335,1,127,127
1854,616,1090,2,279,558
1855,616,1011,3,90,270
1856,616,1079,2,54,108
1857,616,1010,1,243,243
1858,617,1365,2,260,520
1859,617,1469,1,362,362
1860,617,1485,2,290,580
1861,617,1356,2,298,596
1862,617,1433,3,217,651
1863,618,1246,2,62,124
1864,618,1186,3,223,669
1865,618,1175,1,122,122
1866,619,1058,3,328,984
1867,619,1385,2,371,742
1868,620,1355,1,346,346
1869,620,1376,1,254,254
1870,621,1457,2,386,772
1871,621,1036,1,99,99
1872,621,1230,1,309,309
1873,621,1384,3,369,1107
1874,621,1117,1,67,67
1875,622,1306,2,24,48
1876,622,1036,3,99,297
1877,622,1413,3,124,372
1878,623,1073,2,59,118
1879,624,1184,3,157,471
1880,624,1431,2,258,516
1881,624,1185,1,86,86
1882,624,1337,2,203,406
1883,625,1330,2,264,528
1884,626,1119,3,223,669
1885,627,1462,3,349,1047
1886,627,1142,1,124,124
1887,627,1028,2,95,190
1888,627,1258,2,448,896
1889,628,1019,1,107,107
1890,629,1224,1,268,268
1891,629,1414,1,302,302
1892,629,1182,2,116,232
1893,629,1166,3,312,936
1894,629,1489,1,149,149
1895,630,1357,3,440,1320
1896,630,1020,2,347,694
1897,631,1278,3,145,435
1898,631,1428,3,157,471
1899,632,1074,1,102,102
1900,633,1334,2,139,278
1901,633,1122,1,278,278
1902,633,1469,3,362,1086
1903,634,1256,3,395,1185
1904,634,1266,3,138,414
1905,634,1171,3,225,675
1906,634,1021,2,158,316
1907,634,1262,3,227,681
1908,635,1445,1,312,312
1909,635,1388,1,239,239
1910,635,1186,3,223,669
1911,636,1286,2,373,746
1912,637,1236,3,197,591
1913,637,1009,3,46,138
1914,638,1214,3,113,339
1915,638,1015,2,283,566
1916,639,1365,1,260,260
1917,639,1433,3,217,651
1918,639,1024,3,21,63
1919,639,1064,2,124,248
1920,639,1002,2,60,120
1921,640,1177,2,408,816
1922,640,1055,1,132,132
1923,640,1194,2,365,730
1924,640,1103,3,238,714
1925,640,1442,1,67,67
1926,641,1189,3,186,558
1927,641,1070,2,346,692
1928,641,1324,2,202,404
1929,641,1385,3,371,1113
1930,642,1014,3,163,489
1931,643,1329,2,145,290
1932,643,1198,2,356,712
1933,643,1337,3,203,609
1934,643,1266,2,138,276
1935,644,1045,3,30,90
1936,644,1313,3,212,636
1937,644,1466,1,336,336
1938,645,1162,2,250,500
1939,645,1078,1,316,316
1940,646,1391,1,273,273
1941,646,1403,2,256,512
1942,646,1151,2,208,416
1943,646,1343,1,116,116
1944,646,1480,1,351,351
1945,647,1152,1,301,301
1946,647,1333,1,118,118
1947,647,1334,3,139,417
1948,648,1092,2,230,460
1949,648,1173,2,328,656
1950,648,1365,1,260,260
1951,648,1112,3,198,594
1952,648,1049,2,323,646
1953,649,1430,1,411,411
1954,649,1036,3,99,297
1955,649,1416,3,338,1014
1956,649,1354,1,347,347
1957,649,1099,2,287,574
1958,650,1453,3,283,849
1959,650,1284,3,109,327
1960,650,1074,1,102,102
1961,650,1145,1,328,328
1962,650,1348,1,176,176
1963,651,1138,2,281,562
1964,651,1135,2,307,614
1965,651,1404,3,408,1224
1966,652,1218,3,108,324
1967,652,1063,1,313,313
1968,652,1340,1,256,256
1969,653,1401,1,189,189
1970,654,1329,1,145,145
1971,654,1477,3,170,510
1972,655,1355,3,346,1038
1973,655,1176,2,132,264
1974,655,1280,2,184,368
1975,655,1133,3,188,564
1976,656,1139,2,157,314
1977,656,1205,2,445,890
1978,656,1435,1,224,224
1979,656,1425,1,365,365
1980,656,1342,1,418,418
1981,657,1264,2,144,288
1982,657,1432,1,133,133
1983,658,1059,3,190,570
1984,658,1322,3,187,561
1985,658,1048,1,295,295
1986,658,1408,2,353,706
1987,658,1151,2,208,416
1988,659,1495,3,173,519
1989,659,1452,1,75,75
1990,660,1398,1,199,199
1991,661,1278,1,145,145
1992,662,1322,2,187,374
1993,662,1089,1,384,384
1994,662,1415,2,111,222
1995,663,1346,2,375,750
1996,663,1314,2,274,548
1997,664,1235,3,309,927
1998,664,1270,3,145,435
1999,664,1299,3,245,735
2000,665,1094,3,231,693
2001,665,1491,1,408,408
2002,665,1036,2,99,198
2003,665,1070,3,346,1038
2004,665,1071,3,84,252
2005,666,1099,3,287,861
2006,666,1204,2,267,534
2007,666,1244,3,282,846
2008,666,1032,2,244,488
2009,666,1313,2,212,424
2010,667,1087,2,71,142
2011,668,1391,1,273,273
2012,668,1045,2,30,60
2013,669,1414,1,302,302
2014,669,1224,2,268,536
2015,669,1481,3,317,951
2016,669,1121,2,214,428
2017,670,1465,2,190,380
2018,670,1211,1,102,102
2019,670,1431,3,258,774
2020,670,1274,2,264,528
2021,671,1355,3,346,1038
2022,671,1083,3,170,510
2023,672,1168,2,321,642
2024,673,1341,3,102,306
2025,673,1205,1,445,445
2026,674,1366,3,129,387
2027,674,1477,2,170,340
2028,675,1127,1,288,288
2029,676,1059,1,190,190
2030,676,1288,1,134,134
2031,676,1390,1,180,180
2032,677,1361,3,149,447
2033,677,1048,1,295,295
2034,678,1230,2,309,618
2035,678,1205,1,445,445
2036,678,1054,1,413,413
2037,678,1256,2,395,790
2038,678,1219,2,317,634
2039,679,1155,2,35,70
2040,679,1131,1,281,281
2041,679,1328,2,213,426
2042,680,1090,1,279,279
2043,680,1254,3,182,546
2044,680,1364,3,125,375
2045,681,1005,2,355,710
2046,681,1391,3,273,819
2047,681,1141,3,433,1299
2048,681,1192,1,238,238
2049,682,1312,3,280,840
2050,682,1122,2,278,556
2051,683,1423,2,231,462
2052,683,1410,3,429,1287
2053,684,1040,3,225,675
2054,684,1445,3,312,936
2055,684,1456,1,44,44
2056,684,1400,1,253,253
2057,685,1192,1,238,238
2058,685,1275,1,186,186
2059,685,1277,3,60,180
2060,685,1401,3,189,567
2061,685,1242,1,73,73
2062,686,1446,1,73,73
2063,686,1025,2,315,630
2064,686,1103,1,238,238
2065,687,1187,1,98,98
2066,688,1083,3,170,510
2067,688,1481,1,317,317
2068,688,1128,3,240,720
2069,688,1041,3,207,621
2070,689,1141,3,433,1299
2071,690,1431,3,258,774
2072,691,1139,2,157,314
2073,692,1227,2,89,178
2074,692,1221,2,273,546
2075,692,1270,1,145,145
2076,692,1309,3,18,54
2077,693,1006,1,445,445
2078,693,1095,1,212,212
2079,693,1107,1,397,397
2080,693,1405,1,270,270
2081,694,1271,3,355,1065
2082,694,1085,2,326,652
2083,694,1481,2,317,634
2084,695,1011,2,90,180
2085,695,1161,1,439,439
2086,696,1354,3,347,1041
2087,697,1080,1,278,278
2088,698,1225,1,264,264
2089,698,1259,2,304,608
2090,698,1162,2,250,500
2091,698,1339,3,88,264
2092,698,1391,2,273,546
2093,699,1372,1,435,435
2094,699,1471,3,96,288
2095,700,1411,2,281,562
2096,700,1207,1,298,298
2097,700,1047,1,399,399
2098,700,1028,1,95,95
2099,700,1016,3,430,1290
2100,701,1373,1,27,27
2101,701,1120,1,428,428
2102,701,1154,2,405,810
2103,701,1222,2,278,556
2104,701,1286,3,373,1119
2105,702,1155,2,35,70
2106,702,1317,1,284,284
2107,703,1054,1,413,413
2108,704,1258,1,448,448
2109,704,1199,1,107,107
2110,704,1093,2,435,870
2111,705,1244,3,282,846
2112,705,1428,1,157,157
2113,706,1001,3,54,162
2114,706,1036,3,99,297
2115,706,1067,1,320,320
2116,707,1229,3,194,582
2117,707,1344,3,224,672
2118,707,1269,2,357,714
2119,707,1235,2,309,618
2120,708,1012,1,445,445
2121,708,1187,2,98,196
2122,708,1026,3,182,546
2123,708,1123,2,134,268
2124,708,1080,1,278,278
2125,709,1183,1,35,35
2126,709,1098,3,153,459
2127,709,1404,3,408,1224
2128,709,1107,1,397,397
2129,709,1004,3,272,816
2130,710,1425,2,365,730
2131,710,1403,1,256,256
2132,711,1093,2,435,870
2133,711,1297,2,50,100
2134,711,1044,1,80,80
2135,711,1038,1,127,127
2136,711,1327,1,189,189
2137,712,1439,2,363,726
2138,713,1065,1,120,120
2139,713,1127,1,288,288
2140,713,1105,3,327,981
2141,713,1136,3,342,1026
2142,714,1147,2,170,340
2143,714,1030,3,441,1323
2144,714,1437,2,308,616
2145,714,1355,1,346,346
2146,715,1007,2,252,504
2147,716,1077,2,360,720
2148,716,1403,1,256,256
2149,716,1046,2,368,736
2150,716,1215,1,412,412
2151,716,1495,2,173,346
2152,717,1232,3,354,1062
2153,718,1064,2,124,248
2154,718,1033,3,416,1248
2155,718,1093,1,435,435
2156,719,1332,2,70,140
2157,720,1020,2,347,694
2158,720,1152,2,301,602
2159,720,1498,1,159,159
2160,721,1146,1,417,417
2161,721,1282,2,175,350
2162,721,1237,2,417,834
2163,721,1432,1,133,133
2164,721,1245,3,176,528
2165,722,1249,3,183,549
2166,723,1301,1,103,103
2167,723,1146,2,417,834
2168,723,1204,3,267,801
2169,724,1499,3,41,123
2170,725,1296,2,439,878
2171,725,1113,3,136,408
2172,725,1438,2,343,686
2173,726,1071,1,84,84
2174,726,1446,3,73,219
2175,726,1002,2,60,120
2176,727,1024,3,21,63
2177,727,1302,3,336,1008
2178,727,1341,1,102,102
2179,727,1041,2,207,414
2180,727,1192,3,238,714
2181,728,1198,2,356,712
2182,729,1457,3,386,1158
2183,729,1111,1,92,92
2184,730,1275,3,186,558
2185,730,1260,2,168,336
2186,730,1123,1,134,134
2187,730,1097,2,371,742
2188,731,1379,1,217,217
2189,731,1321,3,372,1116
2190,731,1178,2,149,298
2191,732,1229,1,194,194
2192,732,1252,2,272,544
2193,732,1415,3,111,333
2194,732,1489,1,149,149
2195,732,1328,1,213,213
2196,733,1430,3,411,1233
2197,733,1423,2,231,462
2198,733,1467,2,77,154
2199,734,1470,2,438,876
2200,734,1361,2,149,298
2201,734,1277,2,60,120
2202,734,1327,3,189,567
2203,735,1093,2,435,870
2204,735,1084,3,403,1209
2205,735,1350,2,341,682
2206,735,1116,2,99,198
2207,735,1088,2,440,880
2208,736,1022,1,91,91
2209,736,1458,3,272,816
2210,737,1224,2,268,536
2211,737,1235,2,309,618
2212,737,1294,2,333,666
2213,737,1401,3,189,567
2214,737,1370,1,300,300
2215,738,1114,1,55,55
2216,738,1217,2,131,262
2217,739,1109,1,302,302
2218,739,1385,1,371,371
2219,740,1386,2,388,776
2220,740,1363,3,235,705
2221,740,1144,3,42,126
2222,740,1178,2,149,298
2223,741,1149,1,257,257
2224,742,1055,1,132,132
2225,743,1361,1,149,149
2226,743,1457,3,386,1158
2227,743,1032,1,244,244
2228,743,1444,1,245,245
2229,743,1170,3,40,120
2230,744,1443,1,127,127
2231,744,1324,3,202,606
2232,744,1206,2,287,574
2233,745,1070,3,346,1038
2234,745,1084,2,403,806
2235,745,1232,2,354,708
2236,746,1043,1,18,18
2237,746,1062,2,390,780
2238,746,1306,2,24,48
2239,746,1401,1,189,189
2240,747,1313,2,212,424
2241,747,1473,3,105,315
2242,747,1385,2,371,742
2243,748,1492,1,214,214
2244,748,1115,2,219,438
2245,749,1435,1,224,224
2246,749,1481,1,317,317
2247,749,1218,2,108,216
2248,749,1339,2,88,176
2249,749,1313,2,212,424
2250,750,1279,3,104,312
2251,750,1002,2,60,120
2252,750,1055,3,132,396
2253,751,1213,2,98,196
2254,751,1497,1,337,337
2255,751,1061,1,55,55
2256,751,1292,2,267,534
2257,752,1319,3,430,1290
2258,753,1026,2,182,364
2259,753,1376,1,254,254
2260,753,1323,2,42,84
2261,753,1023,3,312,936
2262,753,1177,2,408,816
2263,754,1432,2,133,266
2264,754,1103,1,238,238
2265,754,1369,2,235,470
2266,754,1444,1,245,245
2267,754,1002,2,60,120
2268,755,1433,1,217,217
2269,755,1063,2,313,626
2270,755,1294,1,333,333
2271,756,1122,2,278,556
2272,756,1464,1,139,139
2273,756,1083,2,170,340
2274,756,1424,1,83,83
2275,756,1178,1,149,149
2276,757,1131,1,281,281
2277,757,1498,3,159,477
2278,757,1277,3,60,180
2279,757,1082,1,40,40
2280,758,1415,2,111,222
2281,758,1430,1,411,411
2282,758,1230,2,309,618
2283,758,1308,2,359,718
2284,759,1265,3,214,642
2285,759,1249,1,183,183
2286,759,1442,1,67,67
2287,759,1389,3,326,978
2288,760,1035,1,382,382
2289,760,1371,1,75,75
2290,760,1061,2,55,110
2291,761,1086,1,235,235
2292,761,1057,2,93,186
2293,761,1215,2,412,824
2294,762,1341,2,102,204
2295,762,1461,2,301,602
2296,762,1243,1,242,242
2297,762,1273,1,63,63
2298,762,1007,1,252,252
2299,763,1130,3,33,99
2300,763,1243,2,242,484
2301,763,1078,2,316,632
2302,763,1158,2,77,154
2303,763,1316,2,374,748
2304,764,1467,2,77,154
2305,764,1194,1,365,365
2306,765,1236,3,197,591
2307,765,1468,2,276,552
2308,765,1220,1,361,361
2309,765,1149,1,257,257
2310,766,1460,1,182,182
2311,767,1206,3,287,861
2312,767,1157,3,175,525
2313,767,1066,1,54,54
2314,768,1154,3,405,1215
2315,768,1051,2,57,114
2316,769,1031,3,167,501
2317,769,1233,3,350,1050
2318,769,1426,1,383,383
2319,769,1332,3,70,210
2320,770,1118,3,434,1302
2321,770,1407,2,65,130
2322,771,1486,1,444,444
2323,771,1008,2,428,856
2324,771,1142,2,124,248
2325,771,1231,2,236,472
2326,771,1249,2,183,366
2327,772,1026,3,182,546
2328,772,1272,2,400,800
2329,772,1022,3,91,273
2330,772,1381,3,286,858
2331,772,1278,1,145,145
2332,773,1220,3,361,1083
2333,773,1218,3,108,324
2334,773,1081,1,172,172
2335,774,1149,3,257,771
2336,774,1216,2,423,846
2337,775,1150,1,191,191
2338,776,1015,2,283,566
2339,777,1172,1,305,305
2340,777,1260,2,168,336
2341,777,1344,1,224,224
2342,778,1447,3,405,1215
2343,778,1277,1,60,60
2344,778,1047,3,399,1197
2345,779,1273,1,63,63
2346,779,1257,1,75,75
2347,779,1363,1,235,235
2348,779,1442,2,67,134
2349,780,1330,2,264,528
2350,781,1412,3,22,66
2351,782,1054,2,413,826
2352,782,1028,3,95,285
2353,782,1282,1,175,175
2354,782,1339,1,88,88
2355,783,1293,3,160,480
2356,784,1495,1,173,173
2357,784,1204,2,267,534
2358,784,1102,3,38,114
2359,784,1222,3,278,834
2360,784,1052,1,398,398
2361,785,1036,3,99,297
2362,785,1229,1,194,194
2363,786,1385,2,371,742
2364,786,1460,1,182,182
2365,786,1483,3,410,1230
2366,787,1339,2,88,176
2367,787,1051,3,57,171
2368,788,1323,2,42,84
2369,789,1304,2,411,822
2370,789,1085,1,326,326
2371,789,1125,2,45,90
2372,790,1305,1,72,72
2373,790,1415,2,111,222
2374,790,1202,1,303,303
2375,791,1101,2,247,494
2376,791,1062,3,390,1170
2377,791,1324,2,202,404
2378,791,1059,1,190,190
2379,792,1386,2,388,776
2380,793,1195,1,416,416
2381,793,1119,2,223,446
2382,793,1152,3,301,903
2383,793,1073,2,59,118
2384,794,1025,1,315,315
2385,794,1258,3,448,1344
2386,795,1315,1,26,26
2387,796,1050,3,151,453
2388,796,1170,3,40,120
2389,796,1218,1,108,108
2390,797,1288,1,134,134
2391,797,1467,1,77,77
2392,797,1063,2,313,626
2393,798,1363,3,235,705
2394,799,1349,2,45,90
2395,799,1346,2,375,750
2396,799,1040,1,225,225
2397,799,1056,1,135,135
2398,800,1277,2,60,120
2399,800,1479,2,334,668
2400,800,1436,2,210,420
2401,800,1388,3,239,717
2402,800,1297,1,50,50
2403,801,1043,2,18,36
2404,801,1091,2,86,172
2405,801,1216,2,423,846
2406,802,1039,3,52,156
2407,802,1399,3,347,1041
2408,802,1396,3,301,903
2409,802,1135,1,307,307
2410,803,1102,3,38,114
2411,803,1338,2,121,242
2412,803,1359,1,47,47
2413,803,1254,2,182,364
2414,803,1349,1,45,45
2415,804,1078,3,316,948
2416,804,1177,2,408,816
2417,805,1409,2,346,692
2418,805,1162,2,250,500
2419,806,1199,2,107,214
2420,806,1040,2,225,450
2421,806,1084,2,403,806
2422,806,1428,3,157,471
2423,807,1299,2,245,490
2424,807,1360,2,31,62
2425,807,1416,2,338,676
2426,807,1084,1,403,403
2427,808,1251,1,275,275
2428,808,1088,2,440,880
2429,808,1259,3,304,912
2430,808,1059,3,190,570
2431,808,1326,3,366,1098
2432,809,1408,2,353,706
2433,810,1026,2,182,364
2434,810,1188,1,128,128
2435,811,1035,2,382,764
2436,811,1130,2,33,66
2437,811,1324,3,202,606
2438,811,1455,3,31,93
2439,811,1274,3,264,792
2440,812,1178,2,149,298
2441,812,1428,2,157,314
2442,812,1456,2,44,88
2443,813,1459,3,98,294
2444,814,1465,2,190,380
2445,814,1382,3,76,228
2446,815,1348,3,176,528
2447,815,1062,1,390,390
2448,815,1294,3,333,999
2449,815,1420,3,403,1209
2450,815,1400,3,253,759
2451,816,1021,2,158,316
2452,816,1213,3,98,294
2453,817,1183,1,35,35
2454,817,1400,2,253,506
2455,817,1406,2,43,86
2456,817,1127,2,288,576
2457,818,1210,2,352,704
2458,818,1096,2,67,134
2459,819,1309,2,18,36
2460,819,1148,1,19,19
2461,820,1319,3,430,1290
2462,820,1415,1,111,111
2463,820,1425,1,365,365
2464,821,1483,3,410,1230
2465,821,1105,1,327,327
2466,822,1124,1,249,249
2467,822,1296,3,439,1317
2468,822,1404,1,408,408
2469,822,1287,2,344,688
2470,823,1293,3,160,480
2471,824,1473,2,105,210
2472,824,1091,3,86,258
2473,824,1474,3,21,63
2474,824,1158,1,77,77
2475,825,1032,3,244,732
2476,825,1182,2,116,232
2477,826,1436,3,210,630
2478,826,1096,2,67,134
2479,826,1267,3,415,1245
2480,827,1425,2,365,730
2481,827,1173,2,328,656
2482,828,1015,1,283,283
2483,829,1136,1,342,342
2484,829,1049,1,323,323
2485,830,1158,3,77,231
2486,830,1166,1,312,312
2487,831,1354,2,347,694
2488,832,1052,1,398,398
2489,832,1074,2,102,204
2490,833,1416,2,338,676
2491,833,1116,3,99,297
2492,833,1466,2,336,672
2493,833,1305,3,72,216
2494,833,1160,1,208,208
2495,834,1439,3,363,1089
2496,835,1054,3,413,1239
2497,835,1164,2,61,122
2498,835,1340,1,256,256
2499,835,1250,1,85,85
2500,836,1434,3,231,693
2501,836,1328,3,213,639
2502,836,1440,1,195,195
2503,837,1167,2,151,302
2504,837,1455,1,31,31
2505,837,1074,1,102,102
2506,837,1197,3,337,1011
2507,837,1146,2,417,834
2508,838,1217,1,131,131
2509,838,1414,3,302,906
2510,838,1500,3,187,561
2511,838,1211,2,102,204
2512,839,1101,2,247,494
2513,839,1146,2,417,834
2514,839,1125,3,45,135
2515,839,1015,3,283,849
2516,840,1153,3,336,1008
2517,841,1368,2,302,604
2518,841,1168,1,321,321
2519,842,1059,3,190,570
2520,842,1360,3,31,93
2521,843,1015,3,283,849
2522,843,1404,2,408,816
2523,843,1303,3,133,399
2524,843,1196,3,367,1101
2525,844,1149,1,257,257
2526,844,1368,2,302,604
2527,844,1293,3,160,480
2528,845,1306,1,24,24
2529,846,1096,1,67,67
2530,846,1073,1,59,59
2531,846,1324,3,202,606
2532,846,1368,2,302,604
2533,847,1324,2,202,404
2534,847,1282,3,175,525
2535,848,1446,2,73,146
2536,849,1311,3,189,567
2537,849,1306,1,24,24
2538,850,1243,1,242,242
2539,850,1234,3,200,600
2540,850,1154,2,405,810
2541,851,1058,2,328,656
2542,851,1485,3,290,870
2543,851,1171,2,225,450
2544,851,1491,2,408,816
2545,851,1130,2,33,66
2546,852,1244,1,282,282
2547,852,1464,2,139,278
2548,852,1474,2,21,42
2549,852,1351,3,360,1080
2550,853,1474,2,21,42
2551,854,1335,3,127,381
2552,854,1173,2,328,656
2553,854,1165,1,282,282
2554,854,1203,1,271,271
2555,855,1074,2,102,204
2556,855,1405,2,270,540
2557,855,1318,2,448,896
2558,855,1132,2,172,344
2559,855,1056,1,135,135
2560,856,1005,3,355,1065
2561,856,1025,2,315,630
2562,856,1473,1,105,105
2563,856,1050,1,151,151
2564,857,1380,1,120,120
2565,858,1270,2,145,290
2566,859,1039,2,52,104
2567,859,1323,2,42,84
2568,859,1182,1,116,116
2569,859,1388,2,239,478
2570,860,1452,3,75,225
2571,860,1061,1,55,55
2572,860,1309,1,18,18
2573,860,1314,1,274,274
2574,861,1039,3,52,156
2575,861,1208,3,259,777
2576,861,1202,2,303,606
2577,861,1287,3,344,1032
2578,861,1306,2,24,48
2579,862,1196,2,367,734
2580,862,1273,3,63,189
2581,862,1246,3,62,186
2582,862,1021,1,158,158
2583,862,1258,3,448,1344
2584,863,1190,3,182,546
2585,863,1298,1,320,320
2586,863,1136,3,342,1026
2587,863,1422,3,356,1068
2588,864,1113,1,136,136
2589,864,1207,1,298,298
2590,864,1372,2,435,870
2591,864,1351,2,360,720
2592,865,1455,3,31,93
2593,865,1010,3,243,729
2594,865,1444,2,245,490
2595,866,1001,2,54,108
2596,866,1438,2,343,686
2597,866,1114,3,55,165
2598,866,1107,2,397,794
2599,866,1253,2,337,674
2600,867,1469,2,362,724
2601,867,1201,1,244,244
2602,867,1144,1,42,42
2603,867,1180,1,150,150
2604,867,1441,3,271,813
2605,868,1467,3,77,231
2606,868,1227,3,89,267
2607,868,1248,2,160,320
2608,868,1069,1,290,290
2609,868,1148,2,19,38
2610,869,1265,2,214,428
2611,869,1151,2,208,416
2612,869,1328,1,213,213
2613,869,1039,3,52,156
2614,869,1183,1,35,35
2615,870,1228,1,384,384
2616,870,1408,2,353,706
2617,870,1455,1,31,31
2618,870,1386,2,388,776
2619,871,1387,3,252,756
2620,871,1287,3,344,1032
2621,872,1419,3,112,336
2622,872,1114,1,55,55
2623,872,1473,2,105,210
2624,872,1397,3,152,456
2625,872,1006,1,445,445
2626,873,1084,2,403,806
2627,873,1217,2,131,262
2628,873,1447,2,405,810
2629,873,1285,3,120,360
2630,874,1172,2,305,610
2631,874,1305,1,72,72
2632,874,1169,3,39,117
2633,874,1331,3,296,888
2634,875,1376,2,254,508
2635,876,1433,3,217,651
2636,876,1463,3,18,54
2637,876,1091,1,86,86
2638,876,1492,2,214,428
2639,876,1458,2,272,544
2640,877,1188,1,128,128
2641,877,1487,2,114,228
2642,877,1187,2,98,196
2643,877,1120,2,428,856
2644,878,1091,1,86,86
2645,878,1273,3,63,189
2646,878,1309,3,18,54
2647,879,1370,3,300,900
2648,879,1120,2,428,856
2649,879,1107,1,397,397
2650,879,1208,3,259,777
2651,880,1113,3,136,408
2652,880,1364,2,125,250
2653,880,1151,2,208,416
2654,881,1192,1,238,238
2655,881,1057,3,93,279
2656,881,1101,2,247,494
2657,881,1322,2,187,374
2658,881,1135,3,307,921
2659,882,1112,2,198,396
2660,882,1135,3,307,921
2661,882,1074,1,102,102
2662,882,1224,1,268,268
2663,883,1360,3,31,93
2664,883,1164,3,61,183
2665,883,1220,3,361,1083
2666,884,1063,3,313,939
2667,884,1177,1,408,408
2668,884,1318,2,448,896
2669,885,1096,1,67,67
2670,885,1433,3,217,651
2671,885,1398,2,199,398
2672,885,1060,3,228,684
2673,885,1232,3,354,1062
2674,886,1044,2,80,160
2675,886,1182,2,116,232
2676,887,1023,2,312,624
2677,888,1458,3,272,816
2678,889,1264,3,144,432
2679,890,1496,1,140,140
2680,890,1111,3,92,276
2681,890,1188,1,128,128
2682,890,1174,1,200,200
2683,890,1146,3,417,1251
2684,891,1298,1,320,320
2685,892,1250,3,85,255
2686,892,1391,3,273,819
2687,892,1001,3,54,162
2688,893,1010,1,243,243
2689,893,1406,2,43,86
2690,893,1388,2,239,478
2691,894,1239,1,224,224
2692,894,1051,3,57,171
2693,894,1308,3,359,1077
2694,895,1411,1,281,281
2695,895,1302,1,336,336
2696,895,1008,1,428,428
2697,895,1324,1,202,202
2698,895,1247,2,205,410
2699,896,1061,3,55,165
2700,896,1144,2,42,84
2701,896,1132,2,172,344
2702,896,1494,3,93,279
2703,897,1055,3,132,396
2704,897,1130,2,33,66
2705,897,1037,1,338,338
2706,897,1211,3,102,306
2707,897,1323,1,42,42
2708,898,1260,1,168,168
2709,898,1294,2,333,666
2710,898,1403,3,256,768
2711,898,1102,2,38,76
2712,898,1168,3,321,963
2713,899,1392,2,212,424
2714,899,1325,1,441,441
2715,899,1122,2,278,556
2716,899,1042,2,424,848
2717,900,1027,1,376,376
2718,901,1262,2,227,454
2719,902,1132,1,172,172
2720,902,1081,2,172,344
2721,903,1445,3,312,936
2722,903,1008,2,428,856
2723,903,1345,2,410,820
2724,903,1132,2,172,344
2725,904,1290,2,341,682
2726,904,1463,3,18,54
2727,904,1078,1,316,316
2728,904,1210,2,352,704
2729,904,1280,3,184,552
2730,905,1383,3,22,66
2731,905,1132,2,172,344
2732,906,1018,1,156,156
2733,906,1420,2,403,806
2734,906,1277,3,60,180
2735,906,1433,1,217,217
2736,907,1290,1,341,341
2737,907,1232,2,354,708
2738,907,1031,2,167,334
2739,907,1091,2,86,172
2740,908,1295,1,132,132
2741,908,1230,3,309,927
2742,908,1143,1,353,353
2743,908,1021,2,158,316
2744,909,1144,3,42,126
2745,909,1424,3,83,249
2746,909,1351,3,360,1080
2747,910,1492,2,214,428
2748,910,1410,2,429,858
2749,911,1241,3,164,492
2750,912,1264,2,144,288
2751,913,1093,3,435,1305
2752,913,1462,2,349,698
2753,914,1247,3,205,615
2754,914,1450,2,156,312
2755,915,1407,1,65,65
2756,915,1247,3,205,615
2757,916,1168,1,321,321
2758,916,1156,2,354,708
2759,917,1018,2,156,312
2760,917,1238,2,222,444
2761,917,1150,2,191,382
2762,917,1379,2,217,434
2763,918,1009,1,46,46
2764,918,1326,3,366,1098
2765,918,1054,2,413,826
2766,918,1249,1,183,183
2767,918,1253,3,337,1011
2768,919,1068,3,443,1329
2769,919,1048,3,295,885
2770,919,1479,1,334,334
2771,919,1117,1,67,67
2772,919,1134,3,407,1221
2773,920,1457,1,386,386
2774,920,1387,3,252,756
2775,920,1480,1,351,351
2776,921,1463,3,18,54
2777,921,1084,3,403,1209
2778,922,1017,2,231,462
2779,922,1241,3,164,492
2780,922,1342,2,418,836
2781,922,1138,2,281,562
2782,922,1206,3,287,861
2783,923,1327,3,189,567
2784,923,1378,2,310,620
2785,923,1191,1,216,216
2786,923,1078,3,316,948
2787,923,1062,1,390,390
2788,924,1189,3,186,558
2789,924,1456,1,44,44
2790,925,1487,3,114,342
2791,925,1062,3,390,1170
2792,925,1026,2,182,364
2793,926,1238,3,222,666
2794,926,1089,3,384,1152
2795,926,1016,1,430,430
2796,926,1179,3,335,1005
2797,927,1146,1,417,417
2798,927,1353,2,69,138
2799,927,1135,1,307,307
2800,927,1041,3,207,621
2801,927,1324,2,202,404
2802,928,1442,3,67,201
2803,929,1062,1,390,390
2804,929,1126,2,380,760
2805,929,1185,2,86,172
2806,929,1478,1,264,264
2807,929,1359,3,47,141
2808,930,1490,2,232,464
2809,930,1210,1,352,352
2810,930,1253,1,337,337
2811,930,1086,1,235,235
2812,930,1485,2,290,580
2813,931,1012,2,445,890
2814,931,1235,3,309,927
2815,931,1019,1,107,107
2816,931,1422,1,356,356
2817,932,1337,2,203,406
2818,932,1048,3,295,885
2819,933,1385,2,371,742
2820,934,1029,1,168,168
2821,934,1123,1,134,134
2822,934,1476,3,354,1062
2823,934,1211,3,102,306
2824,934,1404,2,408,816
2825,935,1034,2,422,844
2826,935,1099,3,287,861
2827,935,1455,2,31,62
2828,935,1402,2,446,892
2829,935,1254,2,182,364
2830,936,1004,3,272,816
2831,936,1441,1,271,271
2832,936,1486,3,444,1332
2833,936,1480,2,351,702
2834,937,1014,1,163,163
2835,937,1398,1,199,199
2836,937,1229,1,194,194
2837,937,1277,1,60,60
2838,937,1320,3,192,576
2839,938,1270,3,145,435
2840,939,1228,2,384,768
2841,939,1461,2,301,602
2842,939,1222,2,278,556
2843,940,1408,3,353,1059
2844,940,1386,1,388,388
2845,941,1311,3,189,567
2846,941,1336,3,363,1089
2847,941,1194,2,365,730
2848,941,1464,3,139,417
2849,941,1233,3,350,1050
2850,942,1353,2,69,138
2851,942,1077,3,360,1080
2852,943,1128,2,240,480
2853,943,1119,1,223,223
2854,944,1226,3,170,510
2855,944,1338,2,121,242
2856,944,1383,1,22,22
2857,945,1135,3,307,921
2858,946,1335,1,127,127
2859,947,1397,3,152,456
2860,947,1277,1,60,60
2861,947,1161,3,439,1317
2862,947,1216,1,423,423
2863,947,1487,3,114,342
2864,948,1112,1,198,198
2865,948,1268,1,347,347
2866,948,1312,1,280,280
2867,949,1179,3,335,1005
2868,949,1215,1,412,412
2869,949,1236,3,197,591
2870,949,1266,1,138,138
2871,950,1140,3,422,1266
2872,950,1256,3,395,1185
2873,950,1298,3,320,960
2874,950,1036,1,99,99
2875,950,1254,2,182,364
2876,951,1417,3,114,342
2877,951,1416,1,338,338
2878,952,1312,1,280,280
2879,952,1042,3,424,1272
2880,953,1388,2,239,478
2881,953,1184,3,157,471
2882,953,1448,1,113,113
2883,953,1135,3,307,921
2884,954,1345,2,410,820
2885,954,1188,2,128,256
2886,954,1225,3,264,792
2887,954,1355,2,346,692
2888,954,1117,2,67,134
2889,955,1397,1,152,152
2890,955,1383,1,22,22
2891,955,1118,3,434,1302
2892,955,1020,3,347,1041
2893,956,1383,2,22,44
2894,957,1260,3,168,504
2895,957,1299,2,245,490
2896,957,1255,3,440,1320
2897,958,1207,1,298,298
2898,958,1381,3,286,858
2899,958,1442,3,67,201
2900,958,1424,3,83,249
2901,958,1398,2,199,398
2902,959,1194,2,365,730
2903,959,1220,2,361,722
2904,959,1436,2,210,420
2905,959,1008,2,428,856
2906,959,1431,2,258,516
2907,960,1032,1,244,244
2908,961,1330,2,264,528
2909,962,1289,1,385,385
2910,962,1361,2,149,298
2911,962,1381,2,286,572
2912,962,1492,1,214,214
2913,962,1414,2,302,604
2914,963,1192,2,238,476
2915,964,1377,3,183,549
2916,964,1461,3,301,903
2917,965,1212,2,372,744
2918,965,1151,3,208,624
2919,965,1040,1,225,225
2920,965,1079,2,54,108
2921,966,1393,3,372,1116
2922,966,1301,2,103,206
2923,966,1149,1,257,257
2924,967,1078,3,316,948
2925,967,1421,2,186,372
2926,968,1285,3,120,360
2927,968,1497,2,337,674
2928,968,1110,3,275,825
2929,969,1261,1,303,303
2930,969,1157,3,175,525
2931,969,1223,3,185,555
2932,969,1219,1,317,317
2933,969,1456,3,44,132
2934,970,1491,2,408,816
2935,970,1031,3,167,501
2936,970,1026,1,182,182
2937,970,1182,3,116,348
2938,970,1419,1,112,112
2939,971,1069,2,290,580
2940,972,1025,2,315,630
2941,973,1004,1,272,272
2942,973,1440,3,195,585
2943,973,1183,2,35,70
2944,973,1025,3,315,945
2945,973,1129,3,315,945
2946,974,1163,1,31,31
2947,974,1474,3,21,63
2948,975,1452,2,75,150
2949,975,1044,1,80,80
2950,976,1490,1,232,232
2951,977,1183,3,35,105
2952,977,1465,3,190,570
2953,977,1310,1,164,164
2954,978,1294,3,333,999
2955,978,1044,1,80,80
2956,978,1230,1,309,309
2957,979,1400,1,253,253
2958,979,1041,1,207,207
2959,980,1346,2,375,750
2960,981,1481,3,317,951
2961,981,1234,2,200,400
2962,982,1479,3,334,1002
2963,983,1202,1,303,303
2964,983,1293,2,160,320
2965,983,1243,2,242,484
2966,983,1046,2,368,736
2967,983,1192,2,238,476
2968,984,1279,3,104,312
2969,984,1008,3,428,1284
2970,985,1076,3,180,540
2971,985,1089,1,384,384
2972,985,1295,1,132,132
2973,986,1270,2,145,290
2974,986,1346,3,375,1125
2975,986,1334,2,139,278
2976,987,1208,3,259,777
2977,988,1167,2,151,302
2978,988,1064,3,124,372
2979,989,1040,3,225,675
2980,989,1181,3,51,153
2981,989,1303,3,133,399
2982,989,1029,2,168,336
2983,990,1025,2,315,630
2984,991,1132,2,172,344
2985,991,1123,2,134,268
2986,992,1393,3,372,1116
2987,993,1037,3,338,1014
2988,993,1049,1,323,323
2989,993,1130,2,33,66
2990,994,1499,1,41,41
2991,994,1219,2,317,634
2992,994,1163,3,31,93
2993,994,1430,1,411,411
2994,995,1440,1,195,195
2995,996,1425,2,365,730
2996,996,1211,1,102,102
2997,997,1260,2,168,336
2998,997,1226,1,170,170
2999,997,1044,1,80,80
3000,997,1462,2,349,698
3001,998,1210,1,352,352
3002,998,1253,2,337,674
3003,998,1027,1,376,376
3004,999,1426,1,383,383
3005,999,1478,1,264,264
3006,999,1012,1,445,445
3007,999,1050,3,151,453
3008,1000,1119,3,223,669
3009,1000,1350,3,341,1023
3010,1000,1152,1,301,301
3011,1001,1329,3,145,435
3012,1002,1041,3,207,621
3013,1002,1306,1,24,24
3014,1002,1029,1,168,168
3015,1003,1352,3,353,1059
3016,1003,1078,2,316,632
3017,1003,1424,1,83,83
3018,1004,1405,1,270,270
3019,1005,1060,2,228,456
3020,1005,1132,1,172,172
3021,1005,1285,2,120,240
3022,1005,1138,3,281,843
3023,1006,1472,2,285,570
3024,1006,1301,2,103,206
3025,1006,1025,2,315,630
3026,1006,1474,1,21,21
3027,1007,1127,3,288,864
3028,1007,1490,1,232,232
3029,1008,1291,3,399,1197
3030,1008,1362,1,182,182
3031,1008,1257,3,75,225
3032,1008,1310,3,164,492
3033,1008,1340,2,256,512
3034,1009,1099,1,287,287
3035,1009,1096,2,67,134
3036,1009,1107,1,397,397
3037,1009,1236,3,197,591
3038,1010,1272,3,400,1200
3039,1011,1453,2,283,566
3040,1011,1347,2,418,836
3041,1011,1082,3,40,120
3042,1011,1376,3,254,762
3043,1011,1297,3,50,150
3044,1012,1108,3,243,729
3045,1012,1256,3,395,1185
3046,1012,1253,1,337,337
3047,1013,1401,2,189,378
3048,1013,1202,3,303,909
3049,1013,1235,3,309,927
3050,1013,1035,2,382,764
3051,1013,1354,3,347,1041
3052,1014,1209,3,114,342
3053,1014,1187,1,98,98
3054,1014,1101,3,247,741
3055,1014,1136,1,342,342
3056,1014,1362,3,182,546
3057,1015,1237,3,417,1251
3058,1015,1206,2,287,574
3059,1015,1411,2,281,562
3060,1016,1457,1,386,386
3061,1016,1151,2,208,416
3062,1016,1085,2,326,652
3063,1016,1001,3,54,162
3064,1017,1467,3,77,231
3065,1018,1378,1,310,310
3066,1018,1178,3,149,447
3067,1018,1458,3,272,816
3068,1018,1025,3,315,945
3069,1019,1348,3,176,528
3070,1019,1254,1,182,182
3071,1020,1260,1,168,168
3072,1020,1337,3,203,609
3073,1021,1035,3,382,1146
3074,1021,1380,2,120,240
3075,1021,1140,1,422,422
3076,1022,1433,3,217,651
3077,1022,1268,3,347,1041
3078,1022,1340,3,256,768
3079,1022,1173,2,328,656
3080,1022,1336,2,363,726
3081,1023,1464,1,139,139
3082,1024,1307,3,339,1017
3083,1024,1305,2,72,144
3084,1024,1181,2,51,102
3085,1024,1022,1,91,91
3086,1025,1340,1,256,256
3087,1025,1109,1,302,302
3088,1025,1131,1,281,281
3089,1026,1272,2,400,800
3090,1027,1175,2,122,244
3091,1027,1301,3,103,309
3092,1027,1060,1,228,228
3093,1028,1492,3,214,642
3094,1029,1375,1,169,169
3095,1029,1063,1,313,313
3096,1029,1383,2,22,44
3097,1030,1158,1,77,77
3098,1030,1270,3,145,435
3099,1030,1427,2,163,326
3100,1030,1274,3,264,792
3101,1030,1048,1,295,295
3102,1031,1133,1,188,188
3103,1032,1421,1,186,186
3104,1033,1044,1,80,80
3105,1033,1089,3,384,1152
3106,1034,1358,1,321,321
3107,1034,1297,1,50,50
3108,1034,1350,2,341,682
3109,1035,1291,1,399,399
3110,1035,1145,1,328,328
3111,1035,1481,2,317,634
3112,1035,1255,1,440,440
3113,1036,1033,1,416,416
3114,1036,1172,3,305,915
3115,1036,1481,2,317,634
3116,1037,1334,1,139,139
3117,1037,1147,1,170,170
3118,1037,1275,3,186,558
3119,1038,1357,1,440,440
3120,1038,1169,1,39,39
3121,1038,1417,3,114,342
3122,1038,1290,1,341,341
3123,1039,1287,1,344,344
3124,1039,1483,3,410,1230
3125,1039,1357,1,440,440
3126,1040,1154,1,405,405
3127,1041,1215,3,412,1236
3128,1041,1227,1,89,89
3129,1041,1329,2,145,290
3130,1041,1148,2,19,38
3131,1041,1099,2,287,574
3132,1042,1363,3,235,705
3133,1043,1268,3,347,1041
3134,1043,1112,1,198,198
3135,1044,1097,2,371,742
3136,1044,1471,1,96,96
3137,1044,1264,3,144,432
3138,1045,1494,1,93,93
3139,1045,1007,1,252,252
3140,1045,1483,1,410,410
3141,1045,1097,3,371,1113
3142,1046,1046,2,368,736
3143,1046,1085,3,326,978
3144,1046,1480,1,351,351
3145,1046,1072,3,387,1161
3146,1047,1349,1,45,45
3147,1047,1266,1,138,138
3148,1047,1077,3,360,1080
3149,1048,1396,2,301,602
3150,1048,1038,1,127,127
3151,1049,1487,2,114,228
3152,1050,1148,1,19,19
3153,1051,1285,1,120,120
3154,1052,1110,1,275,275
3155,1052,1487,1,114,114
3156,1052,1113,1,136,136
3157,1053,1297,3,50,150
3158,1053,1350,2,341,682
3159,1053,1154,3,405,1215
3160,1053,1211,1,102,102
3161,1054,1114,3,55,165
3162,1055,1414,1,302,302
3163,1055,1446,2,73,146
3164,1055,1359,2,47,94
3165,1056,1414,2,302,604
3166,1056,1008,2,428,856
3167,1056,1122,2,278,556
3168,1057,1387,3,252,756
3169,1057,1377,1,183,183
3170,1057,1171,2,225,450
3171,1057,1340,1,256,256
3172,1058,1098,2,153,306
3173,1058,1259,1,304,304
3174,1059,1411,2,281,562
3175,1059,1347,1,418,418
3176,1059,1378,2,310,620
3177,1059,1174,3,200,600
3178,1059,1376,1,254,254
3179,1060,1245,3,176,528
3180,1061,1299,3,245,735
3181,1061,1031,1,167,167
3182,1062,1416,3,338,1014
3183,1063,1232,2,354,708
3184,1063,1250,1,85,85
3185,1064,1335,1,127,127
3186,1065,1275,2,186,372
3187,1066,1391,2,273,546
3188,1066,1292,3,267,801
3189,1066,1403,1,256,256
3190,1066,1197,1,337,337
3191,1067,1315,2,26,52
3192,1067,1033,1,416,416
3193,1068,1271,2,355,710
3194,1068,1155,3,35,105
3195,1069,1459,3,98,294
3196,1069,1285,1,120,120
3197,1069,1199,2,107,214
3198,1070,1028,2,95,190
3199,1071,1496,1,140,140
3200,1071,1347,1,418,418
3201,1071,1085,1,326,326
3202,1071,1405,2,270,540
3203,1072,1155,1,35,35
3204,1073,1379,1,217,217
3205,1073,1224,1,268,268
3206,1073,1313,1,212,212
3207,1073,1127,2,288,576
3208,1074,1487,1,114,114
3209,1075,1493,2,169,338
3210,1075,1057,1,93,93
3211,1075,1410,2,429,858
3212,1075,1071,2,84,168
3213,1076,1245,1,176,176
3214,1076,1414,3,302,906
3215,1076,1311,2,189,378
3216,1077,1413,2,124,248
3217,1077,1473,1,105,105
3218,1077,1067,3,320,960
3219,1078,1129,2,315,630
3220,1079,1425,2,365,730
3221,1079,1013,2,389,778
3222,1079,1160,2,208,416
3223,1079,1319,3,430,1290
3224,1080,1215,2,412,824
3225,1080,1285,3,120,360
3226,1080,1251,1,275,275
3227,1080,1173,3,328,984
3228,1081,1318,1,448,448
3229,1082,1170,1,40,40
3230,1082,1246,2,62,124
3231,1082,1270,3,145,435
3232,1082,1112,1,198,198
3233,1082,1047,3,399,1197
3234,1083,1382,2,76,152
3235,1083,1412,1,22,22
3236,1083,1205,3,445,1335
3237,1083,1456,2,44,88
3238,1084,1242,1,73,73
3239,1084,1411,2,281,562
3240,1084,1188,3,128,384
3241,1084,1022,2,91,182
3242,1085,1418,3,315,945
3243,1085,1059,3,190,570
3244,1085,1441,2,271,542
3245,1085,1063,2,313,626
3246,1086,1031,1,167,167
3247,1087,1075,1,74,74
3248,1087,1344,3,224,672
3249,1088,1041,1,207,207
3250,1088,1412,1,22,22
3251,1088,1192,2,238,476
3252,1088,1263,2,136,272
3253,1088,1032,3,244,732
3254,1089,1497,1,337,337
3255,1089,1469,3,362,1086
3256,1089,1103,3,238,714
3257,1089,1348,2,176,352
3258,1090,1262,1,227,227
3259,1090,1067,1,320,320
3260,1091,1298,3,320,960
3261,1092,1488,2,109,218
3262,1093,1015,2,283,566
3263,1094,1426,3,383,1149
3264,1094,1434,1,231,231
3265,1094,1405,1,270,270
3266,1095,1422,3,356,1068
3267,1096,1446,1,73,73
3268,1097,1469,3,362,1086
3269,1097,1287,1,344,344
3270,1097,1335,3,127,381
3271,1097,1355,1,346,346
3272,1097,1500,3,187,561
3273,1098,1359,3,47,141
3274,1099,1358,3,321,963
3275,1099,1016,2,430,860
3276,1099,1107,2,397,794
3277,1100,1492,1,214,214
3278,1100,1021,1,158,158
3279,1100,1426,1,383,383
3280,1100,1173,2,328,656
3281,1100,1443,2,127,254
3282,1101,1032,2,244,488
3283,1101,1058,2,328,656
3284,1101,1044,2,80,160
3285,1102,1326,2,366,732
3286,1102,1188,2,128,256
3287,1103,1384,2,369,738
3288,1103,1292,3,267,801
3289,1103,1077,1,360,360
3290,1104,1112,2,198,396
3291,1104,1424,1,83,83
3292,1104,1111,2,92,184
3293,1105,1287,2,344,688
3294,1105,1011,3,90,270
3295,1105,1154,3,405,1215
3296,1106,1495,2,173,346
3297,1106,1469,3,362,1086
3298,1107,1306,1,24,24
3299,1108,1115,1,219,219
3300,1108,1077,2,360,720
3301,1108,1388,2,239,478
3302,1108,1337,3,203,609
3303,1108,1156,2,354,708
3304,1109,1126,3,380,1140
3305,1109,1100,2,231,462
3306,1109,1112,1,198,198
3307,1109,1159,3,129,387
3308,1109,1496,3,140,420
3309,1110,1398,1,199,199
3310,1110,1279,1,104,104
3311,1110,1079,3,54,162
3312,1110,1045,2,30,60
3313,1111,1461,2,301,602
3314,1112,1229,2,194,388
3315,1112,1405,2,270,540
3316,1112,1070,1,346,346
3317,1112,1257,1,75,75
3318,1113,1144,3,42,126
3319,1114,1369,2,235,470
3320,1115,1132,2,172,344
3321,1115,1120,1,428,428
3322,1115,1007,3,252,756
3323,1116,1112,3,198,594
3324,1116,1335,1,127,127
3325,1116,1450,1,156,156
3326,1116,1160,1,208,208
3327,1116,1210,2,352,704
3328,1117,1345,3,410,1230
3329,1118,1448,1,113,113
3330,1118,1394,1,246,246
3331,1119,1259,3,304,912
3332,1119,1100,1,231,231
3333,1119,1339,3,88,264
3334,1119,1036,3,99,297
3335,1119,1111,2,92,184
3336,1120,1355,1,346,346
3337,1120,1113,1,136,136
3338,1120,1383,3,22,66
3339,1121,1259,3,304,912
3340,1121,1268,1,347,347
3341,1121,1114,3,55,165
3342,1121,1258,3,448,1344
3343,1121,1045,1,30,30
3344,1122,1177,3,408,1224
3345,1122,1108,2,243,486
3346,1122,1103,2,238,476
3347,1122,1441,2,271,542
3348,1123,1353,2,69,138
3349,1123,1469,2,362,724
3350,1123,1386,2,388,776
3351,1123,1401,2,189,378
3352,1124,1288,1,134,134
3353,1124,1266,2,138,276
3354,1124,1146,3,417,1251
3355,1124,1397,1,152,152
3356,1125,1457,2,386,772
3357,1125,1153,1,336,336
3358,1126,1464,3,139,417
3359,1126,1108,2,243,486
3360,1127,1017,1,231,231
3361,1128,1372,2,435,870
3362,1128,1343,3,116,348
3363,1128,1260,2,168,336
3364,1128,1499,3,41,123
3365,1128,1072,1,387,387
3366,1129,1172,2,305,610
3367,1129,1135,3,307,921
3368,1129,1364,3,125,375
3369,1130,1302,2,336,672
3370,1130,1476,2,354,708
3371,1131,1308,1,359,359
3372,1131,1246,3,62,186
3373,1132,1194,3,365,1095
3374,1132,1097,2,371,742
3375,1133,1283,1,28,28
3376,1134,1172,1,305,305
3377,1134,1458,2,272,544
3378,1134,1435,1,224,224
3379,1134,1245,2,176,352
3380,1134,1141,1,433,433
3381,1135,1109,2,302,604
3382,1135,1224,1,268,268
3383,1135,1334,1,139,139
3384,1135,1033,2,416,832
3385,1136,1272,3,400,1200
3386,1136,1302,3,336,1008
3387,1136,1328,2,213,426
3388,1137,1172,1,305,305
3389,1137,1371,2,75,150
3390,1137,1364,2,125,250
3391,1138,1254,3,182,546
3392,1138,1001,2,54,108
3393,1138,1177,3,408,1224
3394,1138,1151,3,208,624
3395,1138,1167,3,151,453
3396,1139,1288,1,134,134
3397,1139,1129,2,315,630
3398,1139,1175,1,122,122
3399,1139,1055,1,132,132
3400,1140,1257,2,75,150
3401,1140,1500,1,187,187
3402,1140,1219,2,317,634
3403,1140,1201,1,244,244
3404,1140,1126,3,380,1140
3405,1141,1476,3,354,1062
3406,1141,1151,2,208,416
3407,1141,1392,2,212,424
3408,1141,1208,1,259,259
3409,1142,1416,1,338,338
3410,1142,1094,2,231,462
3411,1143,1341,1,102,102
3412,1143,1223,2,185,370
3413,1143,1035,3,382,1146
3414,1143,1367,3,251,753
3415,1144,1395,1,184,184
3416,1144,1373,2,27,54
3417,1144,1237,1,417,417
3418,1145,1163,2,31,62
3419,1146,1049,1,323,323
3420,1146,1377,1,183,183
3421,1147,1261,1,303,303
3422,1147,1402,2,446,892
3423,1148,1339,1,88,88
3424,1148,1415,2,111,222
3425,1148,1327,1,189,189
3426,1148,1458,1,272,272
3427,1148,1455,2,31,62
3428,1149,1257,3,75,225
3429,1149,1441,2,271,542
3430,1149,1499,1,41,41
3431,1150,1089,1,384,384
3432,1151,1355,1,346,346
3433,1151,1030,2,441,882
3434,1151,1317,3,284,852
3435,1151,1218,2,108,216
3436,1151,1356,2,298,596
3437,1152,1330,1,264,264
3438,1152,1353,1,69,69
3439,1152,1492,1,214,214
3440,1153,1130,3,33,99
3441,1153,1231,3,236,708
3442,1153,1419,2,112,224
3443,1153,1189,2,186,372
3444,1154,1438,1,343,343
3445,1154,1075,3,74,222
3446,1154,1247,1,205,205
3447,1154,1468,1,276,276
3448,1155,1001,1,54,54
3449,1155,1474,2,21,42
3450,1156,1260,3,168,504
3451,1156,1202,1,303,303
3452,1157,1354,3,347,1041
3453,1157,1250,3,85,255
3454,1157,1133,3,188,564
3455,1157,1385,1,371,371
3456,1157,1276,3,22,66
3457,1158,1499,2,41,82
3458,1158,1345,2,410,820
3459,1158,1244,1,282,282
3460,1158,1454,1,131,131
3461,1158,1158,3,77,231
3462,1159,1457,1,386,386
3463,1159,1341,1,102,102
3464,1159,1301,1,103,103
3465,1160,1230,1,309,309
3466,1160,1311,2,189,378
3467,1160,1163,3,31,93
3468,1161,1380,2,120,240
3469,1162,1362,1,182,182
3470,1162,1264,2,144,288
3471,1162,1441,2,271,542
3472,1163,1306,2,24,48
3473,1164,1205,3,445,1335
3474,1164,1329,2,145,290
3475,1164,1030,2,441,882
3476,1164,1065,2,120,240
3477,1165,1003,2,84,168
3478,1165,1352,1,353,353
3479,1165,1093,3,435,1305
3480,1166,1144,1,42,42
3481,1166,1417,2,114,228
3482,1166,1095,1,212,212
3483,1167,1342,2,418,836
3484,1167,1105,2,327,654
3485,1168,1452,2,75,150
3486,1168,1143,3,353,1059
3487,1169,1466,2,336,672
3488,1169,1156,1,354,354
3489,1169,1221,3,273,819
3490,1170,1006,2,445,890
3491,1171,1285,3,120,360
3492,1171,1486,1,444,444
3493,1172,1240,1,204,204
3494,1172,1441,3,271,813
3495,1172,1401,2,189,378
3496,1172,1288,1,134,134
3497,1172,1482,3,205,615
3498,1173,1194,2,365,730
3499,1173,1284,2,109,218
3500,1173,1329,2,145,290
3501,1173,1207,1,298,298
3502,1173,1224,1,268,268
3503,1174,1443,3,127,381
3504,1174,1102,3,38,114
3505,1174,1437,2,308,616
3506,1174,1183,1,35,35
3507,1174,1061,1,55,55
3508,1175,1123,2,134,268
3509,1175,1135,3,307,921
3510,1176,1110,3,275,825
3511,1176,1077,2,360,720
3512,1176,1103,2,238,476
3513,1176,1100,2,231,462
3514,1176,1311,1,189,189
3515,1177,1139,3,157,471
3516,1177,1136,3,342,1026
3517,1177,1277,2,60,120
3518,1177,1007,1,252,252
3519,1177,1253,2,337,674
3520,1178,1137,2,421,842
3521,1178,1201,1,244,244
3522,1178,1362,3,182,546
3523,1178,1182,1,116,116
3524,1178,1462,1,349,349
3525,1179,1106,1,344,344
3526,1179,1060,1,228,228
3527,1179,1019,3,107,321
3528,1180,1052,3,398,1194
3529,1180,1485,3,290,870
3530,1181,1336,2,363,726
3531,1181,1284,2,109,218
3532,1181,1084,3,403,1209
3533,1181,1431,2,258,516
3534,1181,1310,1,164,164
3535,1182,1029,2,168,336
3536,1182,1454,1,131,131
3537,1182,1403,1,256,256
3538,1182,1245,2,176,352
3539,1182,1421,1,186,186
3540,1183,1484,3,345,1035
3541,1183,1350,2,341,682
3542,1184,1046,1,368,368
3543,1184,1091,1,86,86
3544,1184,1354,3,347,1041
3545,1184,1234,2,200,400
3546,1184,1272,2,400,800
3547,1185,1242,3,73,219
3548,1185,1114,2,55,110
3549,1186,1163,2,31,62
3550,1186,1279,2,104,208
3551,1186,1484,2,345,690
3552,1186,1412,1,22,22
3553,1187,1466,3,336,1008
3554,1187,1461,1,301,301
3555,1187,1316,2,374,748
3556,1187,1258,3,448,1344
3557,1187,1374,2,143,286
3558,1188,1247,2,205,410
3559,1188,1099,1,287,287
3560,1188,1376,2,254,508
3561,1188,1406,3,43,129
3562,1189,1115,2,219,438
3563,1189,1319,1,430,430
3564,1189,1499,2,41,82
3565,1190,1487,3,114,342
3566,1190,1167,1,151,151
3567,1190,1178,2,149,298
3568,1190,1257,2,75,150
3569,1190,1146,3,417,1251
3570,1191,1476,1,354,354
3571,1191,1333,3,118,354
3572,1191,1207,1,298,298
3573,1192,1390,2,180,360
3574,1192,1492,1,214,214
3575,1192,1357,1,440,440
3576,1192,1290,1,341,341
3577,1193,1375,2,169,338
3578,1193,1042,2,424,848
3579,1193,1465,1,190,190
3580,1193,1483,3,410,1230
3581,1194,1037,2,338,676
3582,1195,1347,3,418,1254
3583,1196,1500,3,187,561
3584,1196,1342,2,418,836
3585,1196,1491,2,408,816
3586,1197,1128,2,240,480
3587,1197,1220,2,361,722
3588,1198,1325,1,441,441
3589,1198,1381,3,286,858
3590,1199,1074,3,102,306
3591,1199,1352,3,353,1059
3592,1199,1280,1,184,184
3593,1199,1107,1,397,397
3594,1199,1349,1,45,45
3595,1200,1323,2,42,84
3596,1200,1107,3,397,1191
3597,1201,1312,1,280,280
3598,1201,1011,2,90,180
3599,1201,1371,2,75,150
3600,1201,1477,2,170,340
3601,1202,1071,3,84,252
3602,1203,1112,1,198,198
3603,1203,1011,2,90,180
3604,1203,1264,3,144,432
3605,1203,1274,1,264,264
3606,1203,1215,2,412,824
3607,1204,1407,2,65,130
3608,1205,1009,2,46,92
3609,1205,1061,2,55,110
3610,1205,1066,2,54,108
3611,1206,1470,3,438,1314
3612,1206,1247,1,205,205
3613,1206,1173,2,328,656
3614,1206,1420,2,403,806
3615,1207,1404,3,408,1224
3616,1207,1109,3,302,906
3617,1207,1428,2,157,314
3618,1207,1363,3,235,705
3619,1208,1188,3,128,384
3620,1208,1244,2,282,564
3621,1209,1104,3,209,627
3622,1209,1011,2,90,180
3623,1209,1102,1,38,38
3624,1209,1188,3,128,384
3625,1209,1331,2,296,592
3626,1210,1188,3,128,384
3627,1210,1114,2,55,110
3628,1210,1268,3,347,1041
3629,1210,1480,2,351,702
3630,1210,1111,2,92,184
3631,1211,1359,1,47,47
3632,1211,1142,2,124,248
3633,1212,1409,3,346,1038
3634,1212,1331,1,296,296
3635,1212,1094,2,231,462
3636,1213,1067,3,320,960
3637,1213,1173,1,328,328
3638,1214,1289,1,385,385
3639,1214,1038,3,127,381
3640,1214,1295,2,132,264
3641,1214,1353,2,69,138
3642,1214,1345,2,410,820
3643,1215,1109,1,302,302
3644,1215,1194,3,365,1095
3645,1215,1321,2,372,744
3646,1216,1413,2,124,248
3647,1216,1256,3,395,1185
3648,1216,1103,2,238,476
3649,1217,1386,3,388,1164
3650,1217,1464,2,139,278
3651,1218,1195,3,416,1248
3652,1218,1290,3,341,1023
3653,1218,1237,2,417,834
3654,1218,1150,3,191,573
3655,1218,1475,2,260,520
3656,1219,1474,1,21,21
3657,1219,1482,1,205,205
3658,1220,1310,2,164,328
3659,1220,1469,2,362,724
3660,1221,1320,1,192,192
3661,1221,1383,2,22,44
3662,1221,1442,2,67,134
3663,1221,1315,3,26,78
3664,1222,1008,2,428,856
3665,1222,1077,1,360,360
3666,1222,1297,1,50,50
3667,1222,1032,3,244,732
3668,1222,1468,3,276,828
3669,1223,1109,3,302,906
3670,1224,1449,1,234,234
3671,1225,1130,3,33,99
3672,1225,1276,3,22,66
3673,1225,1385,2,371,742
3674,1225,1126,1,380,380
3675,1225,1345,3,410,1230
3676,1226,1241,1,164,164
3677,1226,1345,3,410,1230
3678,1226,1177,1,408,408
3679,1226,1107,3,397,1191
3680,1227,1178,3,149,447
3681,1227,1374,1,143,143
3682,1227,1119,2,223,446
3683,1228,1407,1,65,65
3684,1229,1203,3,271,813
3685,1229,1176,1,132,132
3686,1229,1360,2,31,62
3687,1229,1324,3,202,606
3688,1230,1287,2,344,688
3689,1230,1189,3,186,558
3690,1230,1143,2,353,706
3691,1231,1020,1,347,347
3692,1231,1147,3,170,510
3693,1231,1058,1,328,328
3694,1231,1429,2,347,694
3695,1231,1472,1,285,285
3696,1232,1380,2,120,240
3697,1232,1432,2,133,266
3698,1232,1226,2,170,340
3699,1232,1374,1,143,143
3700,1233,1419,2,112,224
3701,1234,1005,1,355,355
3702,1234,1398,2,199,398
3703,1234,1179,1,335,335
3704,1234,1364,3,125,375
3705,1235,1171,1,225,225
3706,1236,1499,3,41,123
3707,1236,1360,1,31,31
3708,1236,1194,2,365,730
3709,1236,1235,2,309,618
3710,1237,1001,3,54,162
3711,1237,1268,1,347,347
3712,1237,1206,3,287,861
3713,1237,1404,1,408,408
3714,1238,1379,3,217,651
3715,1238,1350,2,341,682
3716,1238,1486,1,444,444
3717,1238,1113,3,136,408
3718,1238,1326,2,366,732
3719,1239,1253,3,337,1011
3720,1240,1133,1,188,188
3721,1240,1073,2,59,118
3722,1240,1155,1,35,35
3723,1241,1288,3,134,402
3724,1242,1244,3,282,846
3725,1242,1233,1,350,350
3726,1243,1404,3,408,1224
3727,1243,1321,2,372,744
3728,1244,1241,2,164,328
3729,1244,1406,2,43,86
3730,1245,1037,3,338,1014
3731,1245,1292,3,267,801
3732,1245,1256,1,395,395
3733,1245,1483,3,410,1230
3734,1245,1369,1,235,235
3735,1246,1220,3,361,1083
3736,1246,1002,3,60,180
3737,1246,1222,1,278,278
3738,1246,1212,1,372,372
3739,1246,1055,2,132,264
3740,1247,1208,3,259,777
3741,1247,1411,1,281,281
3742,1247,1336,1,363,363
3743,1247,1076,3,180,540
3744,1248,1202,3,303,909
3745,1249,1480,2,351,702
3746,1249,1351,1,360,360
3747,1250,1494,1,93,93
3748,1250,1256,2,395,790
3749,1250,1161,1,439,439
3750,1250,1309,3,18,54
3751,1250,1065,1,120,120
3752,1251,1338,2,121,242
3753,1251,1199,1,107,107
3754,1252,1466,1,336,336
3755,1252,1021,1,158,158
3756,1252,1031,1,167,167
3757,1253,1018,2,156,312
3758,1253,1395,1,184,184
3759,1253,1171,3,225,675
3760,1253,1352,1,353,353
3761,1254,1081,3,172,516
3762,1254,1457,1,386,386
3763,1254,1185,3,86,258
3764,1254,1231,3,236,708
3765,1254,1073,3,59,177
3766,1255,1294,2,333,666
3767,1255,1474,3,21,63
3768,1255,1362,3,182,546
3769,1255,1146,3,417,1251
3770,1255,1084,1,403,403
3771,1256,1362,3,182,546
3772,1256,1082,3,40,120
3773,1256,1437,1,308,308
3774,1256,1498,2,159,318
3775,1257,1233,3,350,1050
3776,1257,1313,2,212,424
3777,1257,1484,3,345,1035
3778,1257,1368,2,302,604
3779,1257,1443,3,127,381
3780,1258,1234,2,200,400
3781,1258,1075,1,74,74
3782,1258,1358,1,321,321
3783,1259,1389,3,326,978
3784,1260,1112,2,198,396
3785,1261,1390,1,180,180
3786,1261,1205,2,445,890
3787,1262,1394,3,246,738
3788,1263,1422,3,356,1068
3789,1263,1485,1,290,290
3790,1264,1275,2,186,372
3791,1264,1472,2,285,570
3792,1264,1314,1,274,274
3793,1264,1038,1,127,127
3794,1265,1160,3,208,624
3795,1265,1487,3,114,342
3796,1266,1269,3,357,1071
3797,1266,1413,2,124,248
3798,1266,1002,2,60,120
3799,1266,1180,1,150,150
3800,1267,1181,2,51,102
3801,1267,1212,3,372,1116
3802,1267,1453,3,283,849
3803,1267,1032,3,244,732
3804,1267,1347,2,418,836
3805,1268,1192,2,238,476
3806,1268,1121,2,214,428
3807,1269,1297,1,50,50
3808,1269,1261,2,303,606
3809,1270,1078,1,316,316
3810,1270,1447,1,405,405
3811,1270,1478,3,264,792
3812,1270,1374,3,143,429
3813,1270,1279,3,104,312
3814,1271,1183,3,35,105
3815,1271,1074,2,102,204
3816,1271,1397,3,152,456
3817,1271,1037,1,338,338
3818,1272,1140,2,422,844
3819,1272,1262,3,227,681
3820,1272,1432,2,133,266
3821,1272,1236,1,197,197
3822,1273,1254,1,182,182
3823,1273,1483,2,410,820
3824,1273,1144,2,42,84
3825,1273,1375,3,169,507
3826,1273,1124,1,249,249
3827,1274,1389,2,326,652
3828,1274,1148,1,19,19
3829,1274,1334,1,139,139
3830,1275,1213,2,98,196
3831,1275,1018,1,156,156
3832,1275,1293,2,160,320
3833,1275,1202,1,303,303
3834,1276,1493,3,169,507
3835,1276,1442,1,67,67
3836,1277,1253,3,337,1011
3837,1278,1145,3,328,984
3838,1278,1438,1,343,343
3839,1278,1470,3,438,1314
3840,1278,1345,2,410,820
3841,1279,1018,3,156,468
3842,1279,1210,3,352,1056
3843,1279,1058,3,328,984
3844,1279,1106,2,344,688
3845,1279,1097,2,371,742
3846,1280,1439,1,363,363
3847,1280,1076,3,180,540
3848,1280,1396,2,301,602
3849,1281,1176,2,132,264
3850,1281,1192,1,238,238
3851,1282,1294,1,333,333
3852,1282,1377,3,183,549
3853,1282,1060,2,228,456
3854,1282,1281,3,42,126
3855,1282,1087,1,71,71
3856,1283,1222,3,278,834
3857,1284,1028,2,95,190
3858,1284,1491,3,408,1224
3859,1284,1232,3,354,1062
3860,1285,1356,2,298,596
3861,1285,1375,1,169,169
3862,1285,1042,2,424,848
3863,1285,1256,3,395,1185
3864,1286,1199,2,107,214
3865,1286,1031,1,167,167
3866,1287,1221,1,273,273
3867,1287,1225,2,264,528
3868,1287,1348,3,176,528
3869,1287,1459,3,98,294
3870,1288,1436,2,210,420
3871,1288,1495,2,173,346
3872,1288,1012,1,445,445
3873,1289,1216,3,423,1269
3874,1289,1399,1,347,347
3875,1289,1049,3,323,969
3876,1290,1190,1,182,182
3877,1290,1058,1,328,328
3878,1290,1412,3,22,66
3879,1290,1095,3,212,636
3880,1291,1260,1,168,168
3881,1291,1040,3,225,675
3882,1291,1405,1,270,270
3883,1292,1251,3,275,825
3884,1292,1445,2,312,624
3885,1292,1246,1,62,62
3886,1292,1317,1,284,284
3887,1293,1120,2,428,856
3888,1293,1394,3,246,738
3889,1293,1145,3,328,984
3890,1293,1159,1,129,129
3891,1294,1480,2,351,702
3892,1294,1317,2,284,568
3893,1294,1352,1,353,353
3894,1295,1256,3,395,1185
3895,1295,1095,3,212,636
3896,1295,1419,3,112,336
3897,1295,1325,1,441,441
3898,1296,1034,3,422,1266
3899,1297,1254,2,182,364
3900,1297,1436,2,210,420
3901,1297,1226,3,170,510
3902,1297,1280,3,184,552
3903,1297,1376,1,254,254
3904,1298,1340,3,256,768
3905,1298,1131,1,281,281
3906,1298,1492,2,214,428
3907,1299,1283,2,28,56
3908,1299,1062,2,390,780
3909,1300,1323,1,42,42
3910,1300,1428,1,157,157
3911,1300,1400,3,253,759
3912,1301,1278,2,145,290
3913,1302,1006,1,445,445
3914,1302,1260,1,168,168
3915,1302,1117,3,67,201
3916,1302,1361,2,149,298
3917,1302,1337,3,203,609
3918,1303,1108,1,243,243
3919,1303,1171,2,225,450
3920,1303,1449,3,234,702
3921,1304,1178,2,149,298
3922,1305,1115,3,219,657
3923,1306,1297,2,50,100
3924,1306,1237,1,417,417
3925,1306,1126,2,380,760
3926,1306,1116,2,99,198
3927,1307,1087,2,71,142
3928,1307,1364,3,125,375
3929,1307,1155,2,35,70
3930,1307,1017,3,231,693
3931,1308,1017,2,231,462
3932,1308,1188,1,128,128
3933,1308,1240,2,204,408
3934,1308,1492,2,214,428
3935,1308,1118,3,434,1302
3936,1309,1150,2,191,382
3937,1310,1499,2,41,82
3938,1310,1490,3,232,696
3939,1310,1116,2,99,198
3940,1311,1439,3,363,1089
3941,1312,1450,2,156,312
3942,1313,1090,2,279,558
3943,1313,1441,2,271,542
3944,1313,1404,3,408,1224
3945,1313,1424,3,83,249
3946,1313,1495,3,173,519
3947,1314,1266,3,138,414
3948,1314,1305,3,72,216
3949,1315,1212,1,372,372
3950,1316,1453,2,283,566
3951,1316,1471,1,96,96
3952,1316,1433,1,217,217
3953,1316,1406,2,43,86
3954,1316,1389,2,326,652
3955,1317,1394,1,246,246
3956,1317,1224,3,268,804
3957,1317,1151,1,208,208
3958,1318,1243,1,242,242
3959,1318,1100,2,231,462
3960,1318,1310,2,164,328
3961,1318,1195,3,416,1248
3962,1318,1264,2,144,288
3963,1319,1233,3,350,1050
3964,1319,1055,2,132,264
3965,1319,1292,2,267,534
3966,1320,1396,1,301,301
3967,1321,1366,1,129,129
3968,1321,1121,2,214,428
3969,1321,1036,1,99,99
3970,1321,1091,3,86,258
3971,1322,1016,3,430,1290
3972,1322,1396,3,301,903
3973,1322,1139,2,157,314
3974,1322,1089,2,384,768
3975,1322,1381,2,286,572
3976,1323,1376,3,254,762
3977,1323,1183,3,35,105
3978,1324,1461,3,301,903
3979,1324,1121,3,214,642
3980,1324,1499,2,41,82
3981,1324,1011,3,90,270
3982,1324,1463,1,18,18
3983,1325,1479,3,334,1002
3984,1325,1317,1,284,284
3985,1325,1400,2,253,506
3986,1325,1127,1,288,288
3987,1325,1460,2,182,364
3988,1326,1353,1,69,69
3989,1327,1221,1,273,273
3990,1328,1170,1,40,40
3991,1328,1012,3,445,1335
3992,1328,1075,3,74,222
3993,1328,1192,1,238,238
3994,1328,1087,1,71,71
3995,1329,1460,1,182,182
3996,1330,1021,1,158,158
3997,1330,1040,3,225,675
3998,1330,1240,2,204,408
3999,1331,1048,2,295,590
4000,1331,1298,1,320,320
4001,1331,1069,2,290,580
4002,1331,1012,3,445,1335
4003,1331,1039,1,52,52
4004,1332,1046,2,368,736
4005,1332,1086,2,235,470
4006,1332,1484,2,345,690
4007,1333,1166,1,312,312
4008,1333,1251,1,275,275
4009,1333,1056,2,135,270
4010,1334,1104,3,209,627
4011,1334,1331,1,296,296
4012,1334,1145,1,328,328
4013,1334,1146,2,417,834
4014,1335,1003,3,84,252
4015,1335,1110,3,275,825
4016,1336,1485,3,290,870
4017,1337,1093,1,435,435
4018,1338,1356,2,298,596
4019,1338,1462,1,349,349
4020,1338,1232,2,354,708
4021,1338,1078,1,316,316
4022,1339,1273,1,63,63
4023,1339,1088,2,440,880
4024,1339,1497,3,337,1011
4025,1339,1038,2,127,254
4026,1340,1153,3,336,1008
4027,1340,1066,2,54,108
4028,1340,1377,3,183,549
4029,1340,1230,1,309,309
4030,1341,1097,1,371,371
4031,1341,1027,3,376,1128
4032,1341,1281,1,42,42
4033,1342,1227,1,89,89
4034,1342,1175,3,122,366
4035,1342,1495,1,173,173
4036,1342,1488,3,109,327
4037,1342,1170,1,40,40
4038,1343,1192,2,238,476
4039,1343,1109,3,302,906
4040,1343,1428,3,157,471
4041,1344,1163,2,31,62
4042,1345,1265,3,214,642
4043,1345,1052,1,398,398
4044,1345,1081,2,172,344
4045,1345,1204,3,267,801
4046,1345,1129,2,315,630
4047,1346,1259,3,304,912
4048,1346,1353,3,69,207
4049,1346,1368,3,302,906
4050,1346,1023,1,312,312
4051,1346,1229,3,194,582
4052,1347,1481,1,317,317
4053,1347,1076,3,180,540
4054,1347,1424,3,83,249
4055,1347,1309,3,18,54
4056,1347,1130,1,33,33
4057,1348,1368,2,302,604
4058,1349,1366,3,129,387
4059,1349,1470,3,438,1314
4060,1350,1261,3,303,909
4061,1350,1211,1,102,102
4062,1351,1163,1,31,31
4063,1351,1334,1,139,139
4064,1351,1291,1,399,399
4065,1351,1400,2,253,506
4066,1352,1385,1,371,371
4067,1353,1393,2,372,744
4068,1353,1076,2,180,360
4069,1353,1362,3,182,546
4070,1353,1411,1,281,281
4071,1353,1244,2,282,564
4072,1354,1493,1,169,169
4073,1355,1205,1,445,445
4074,1356,1301,1,103,103
4075,1356,1266,2,138,276
4076,1356,1467,3,77,231
4077,1356,1007,3,252,756
4078,1357,1050,2,151,302
4079,1357,1027,2,376,752
4080,1357,1324,3,202,606
4081,1357,1074,3,102,306
4082,1358,1087,2,71,142
4083,1358,1197,1,337,337
4084,1359,1324,2,202,404
4085,1359,1328,3,213,639
4086,1359,1027,2,376,752
4087,1359,1481,2,317,634
4088,1359,1325,1,441,441
4089,1360,1407,3,65,195
4090,1360,1464,2,139,278
4091,1360,1055,3,132,396
4092,1360,1173,3,328,984
4093,1360,1001,2,54,108
4094,1361,1157,2,175,350
4095,1362,1403,1,256,256
4096,1362,1280,3,184,552
4097,1363,1121,1,214,214
4098,1363,1346,1,375,375
4099,1363,1322,1,187,187
4100,1363,1186,2,223,446
4101,1364,1124,3,249,747
4102,1364,1022,2,91,182
4103,1364,1388,2,239,478
4104,1364,1438,3,343,1029
4105,1364,1168,1,321,321
4106,1365,1478,1,264,264
4107,1365,1313,2,212,424
4108,1365,1439,2,363,726
4109,1365,1271,1,355,355
4110,1366,1224,2,268,536
4111,1367,1149,2,257,514
4112,1367,1145,2,328,656
4113,1367,1008,1,428,428
4114,1368,1112,3,198,594
4115,1368,1141,2,433,866
4116,1368,1034,3,422,1266
4117,1369,1431,2,258,516
4118,1369,1057,3,93,279
4119,1369,1372,3,435,1305
4120,1370,1263,2,136,272
4121,1370,1005,3,355,1065
4122,1370,1497,1,337,337
4123,1371,1494,3,93,279
4124,1371,1253,1,337,337
4125,1371,1251,1,275,275
4126,1372,1083,2,170,340
4127,1373,1050,2,151,302
4128,1373,1025,2,315,630
4129,1374,1178,1,149,149
4130,1374,1004,2,272,544
4131,1374,1120,3,428,1284
4132,1375,1487,2,114,228
4133,1375,1470,1,438,438
4134,1375,1061,2,55,110
4135,1375,1116,3,99,297
4136,1375,1129,1,315,315
4137,1376,1147,2,170,340
4138,1376,1379,1,217,217
4139,1376,1075,3,74,222
4140,1377,1274,3,264,792
4141,1377,1451,3,182,546
4142,1378,1237,3,417,1251
4143,1378,1256,1,395,395
4144,1378,1001,1,54,54
4145,1379,1487,2,114,228
4146,1379,1024,2,21,42
4147,1379,1289,3,385,1155
4148,1379,1306,3,24,72
4149,1380,1298,2,320,640
4150,1380,1002,2,60,120
4151,1380,1237,1,417,417
4152,1380,1369,3,235,705
4153,1380,1347,1,418,418
4154,1381,1154,3,405,1215
4155,1381,1105,3,327,981
4156,1381,1245,3,176,528
4157,1382,1440,3,195,585
4158,1382,1109,2,302,604
4159,1382,1147,2,170,340
4160,1383,1418,3,315,945
4161,1383,1383,2,22,44
4162,1384,1401,3,189,567
4163,1384,1428,2,157,314
4164,1385,1403,3,256,768
4165,1385,1150,2,191,382
4166,1385,1243,3,242,726
4167,1385,1146,2,417,834
4168,1386,1122,3,278,834
4169,1386,1284,1,109,109
4170,1387,1378,3,310,930
4171,1388,1120,2,428,856
4172,1389,1398,1,199,199
4173,1389,1063,1,313,313
4174,1390,1398,3,199,597
4175,1390,1308,2,359,718
4176,1390,1056,3,135,405
4177,1391,1144,1,42,42
4178,1391,1358,2,321,642
4179,1391,1220,2,361,722
4180,1392,1327,1,189,189
4181,1392,1037,3,338,1014
4182,1392,1491,3,408,1224
4183,1392,1314,3,274,822
4184,1392,1361,3,149,447
4185,1393,1222,3,278,834
4186,1394,1377,2,183,366
4187,1394,1216,3,423,1269
4188,1394,1050,2,151,302
4189,1395,1111,3,92,276
4190,1395,1265,3,214,642
4191,1395,1459,2,98,196
4192,1396,1407,3,65,195
4193,1396,1128,2,240,480
4194,1396,1211,1,102,102
4195,1396,1452,1,75,75
4196,1396,1346,1,375,375
4197,1397,1061,2,55,110
4198,1397,1204,2,267,534
4199,1397,1486,1,444,444
4200,1397,1137,1,421,421
4201,1397,1365,2,260,520
4202,1398,1410,3,429,1287
4203,1399,1214,1,113,113
4204,1399,1094,1,231,231
4205,1399,1117,1,67,67
4206,1399,1372,1,435,435
4207,1400,1221,1,273,273
4208,1400,1121,1,214,214
4209,1400,1420,2,403,806
4210,1400,1260,1,168,168
4211,1401,1066,2,54,108
4212,1401,1299,3,245,735
4213,1402,1250,1,85,85
4214,1402,1489,3,149,447
4215,1402,1113,3,136,408
4216,1402,1152,1,301,301
4217,1403,1326,1,366,366
4218,1403,1129,3,315,945
4219,1403,1478,3,264,792
4220,1403,1076,3,180,540
4221,1403,1035,3,382,1146
4222,1404,1316,2,374,748
4223,1404,1466,3,336,1008
4224,1404,1138,2,281,562
4225,1405,1294,2,333,666
4226,1405,1459,2,98,196
4227,1405,1240,3,204,612
4228,1405,1476,2,354,708
4229,1406,1192,1,238,238
4230,1406,1068,1,443,443
4231,1406,1102,3,38,114
4232,1407,1150,2,191,382
4233,1407,1074,1,102,102
4234,1408,1073,1,59,59
4235,1408,1462,3,349,1047
4236,1409,1310,2,164,328
4237,1409,1485,3,290,870
4238,1409,1039,2,52,104
4239,1409,1333,2,118,236
4240,1410,1015,1,283,283
4241,1410,1154,3,405,1215
4242,1411,1179,1,335,335
4243,1411,1234,2,200,400
4244,1411,1387,1,252,252
4245,1411,1069,3,290,870
4246,1412,1130,1,33,33
4247,1413,1125,3,45,135
4248,1413,1411,3,281,843
4249,1413,1226,1,170,170
4250,1414,1215,2,412,824
4251,1414,1428,3,157,471
4252,1414,1280,3,184,552
4253,1415,1184,1,157,157
4254,1416,1087,3,71,213
4255,1417,1011,2,90,180
4256,1417,1138,3,281,843
4257,1418,1184,1,157,157
4258,1418,1098,2,153,306
4259,1419,1299,1,245,245
4260,1419,1477,1,170,170
4261,1419,1191,2,216,432
4262,1420,1058,2,328,656
4263,1420,1227,3,89,267
4264,1420,1229,3,194,582
4265,1420,1441,3,271,813
4266,1421,1412,1,22,22
4267,1422,1101,1,247,247
4268,1423,1263,3,136,408
4269,1423,1189,2,186,372
4270,1423,1150,2,191,382
4271,1423,1334,3,139,417
4272,1423,1158,3,77,231
4273,1424,1144,2,42,84
4274,1424,1186,2,223,446
4275,1424,1087,2,71,142
4276,1424,1020,2,347,694
4277,1424,1213,1,98,98
4278,1425,1371,2,75,150
4279,1425,1035,1,382,382
4280,1426,1240,3,204,612
4281,1426,1129,1,315,315
4282,1426,1176,3,132,396
4283,1427,1295,2,132,264
4284,1428,1245,3,176,528
4285,1428,1056,1,135,135
4286,1428,1194,3,365,1095
4287,1429,1023,3,312,936
4288,1429,1476,3,354,1062
4289,1429,1238,1,222,222
4290,1429,1427,2,163,326
4291,1429,1189,3,186,558
4292,1430,1133,2,188,376
4293,1430,1151,2,208,416
4294,1431,1433,1,217,217
4295,1431,1122,3,278,834
4296,1432,1024,2,21,42
4297,1433,1040,3,225,675
4298,1433,1368,1,302,302
4299,1433,1427,3,163,489
4300,1433,1321,2,372,744
4301,1433,1294,2,333,666
4302,1434,1119,1,223,223
4303,1434,1009,2,46,92
4304,1435,1126,2,380,760
4305,1435,1495,1,173,173
4306,1435,1139,3,157,471
4307,1436,1071,2,84,168
4308,1436,1032,2,244,488
4309,1436,1499,3,41,123
4310,1436,1226,3,170,510
4311,1437,1151,2,208,416
4312,1437,1492,2,214,428
4313,1437,1313,3,212,636
4314,1437,1103,2,238,476
4315,1438,1071,2,84,168
4316,1438,1477,1,170,170
4317,1438,1210,2,352,704
4318,1438,1326,3,366,1098
4319,1439,1401,3,189,567
4320,1439,1399,1,347,347
4321,1440,1147,3,170,510
4322,1440,1385,2,371,742
4323,1441,1466,3,336,1008
4324,1441,1444,2,245,490
4325,1441,1324,2,202,404
4326,1442,1149,3,257,771
4327,1442,1291,1,399,399
4328,1442,1446,3,73,219
4329,1442,1009,2,46,92
4330,1443,1430,2,411,822
4331,1443,1052,2,398,796
4332,1443,1271,1,355,355
4333,1443,1288,2,134,268
4334,1444,1118,2,434,868
4335,1444,1278,1,145,145
4336,1444,1383,1,22,22
4337,1444,1374,2,143,286
4338,1444,1321,3,372,1116
4339,1445,1050,3,151,453
4340,1446,1317,2,284,568
4341,1447,1078,3,316,948
4342,1447,1088,1,440,440
4343,1447,1364,1,125,125
4344,1447,1140,1,422,422
4345,1447,1391,3,273,819
4346,1448,1350,3,341,1023
4347,1448,1241,3,164,492
4348,1448,1335,2,127,254
4349,1448,1402,1,446,446
4350,1449,1465,2,190,380
4351,1449,1281,3,42,126
4352,1449,1030,2,441,882
4353,1449,1087,3,71,213
4354,1450,1074,2,102,204
4355,1450,1270,2,145,290
4356,1450,1117,2,67,134
4357,1450,1047,2,399,798
4358,1450,1071,2,84,168
4359,1451,1272,2,400,800
4360,1451,1066,1,54,54
4361,1451,1121,2,214,428
4362,1452,1270,1,145,145
4363,1452,1076,2,180,360
4364,1452,1262,1,227,227
4365,1453,1438,2,343,686
4366,1453,1463,3,18,54
4367,1453,1147,1,170,170
4368,1454,1338,1,121,121
4369,1454,1401,2,189,378
4370,1454,1243,2,242,484
4371,1454,1256,3,395,1185
4372,1455,1387,1,252,252
4373,1455,1372,3,435,1305
4374,1455,1207,1,298,298
4375,1455,1188,3,128,384
4376,1455,1365,2,260,520
4377,1456,1389,1,326,326
4378,1456,1179,3,335,1005
4379,1456,1160,2,208,416
4380,1456,1214,3,113,339
4381,1457,1169,2,39,78
4382,1458,1217,1,131,131
4383,1458,1488,3,109,327
4384,1458,1321,2,372,744
4385,1459,1460,3,182,546
4386,1459,1428,2,157,314
4387,1459,1354,2,347,694
4388,1459,1006,2,445,890
4389,1459,1136,2,342,684
4390,1460,1335,3,127,381
4391,1460,1002,2,60,120
4392,1460,1126,1,380,380
4393,1460,1353,2,69,138
4394,1460,1057,2,93,186
4395,1461,1013,2,389,778
4396,1461,1279,2,104,208
4397,1461,1196,3,367,1101
4398,1461,1110,2,275,550
4399,1461,1014,3,163,489
4400,1462,1404,1,408,408
4401,1463,1420,2,403,806
4402,1463,1372,1,435,435
4403,1463,1474,1,21,21
4404,1464,1120,3,428,1284
4405,1464,1065,3,120,360
4406,1465,1269,2,357,714
4407,1465,1431,3,258,774
4408,1465,1385,2,371,742
4409,1465,1215,2,412,824
4410,1466,1021,1,158,158
4411,1466,1271,1,355,355
4412,1466,1403,2,256,512
4413,1466,1346,2,375,750
4414,1467,1185,1,86,86
4415,1467,1470,2,438,876
4416,1468,1188,1,128,128
4417,1468,1461,2,301,602
4418,1469,1351,2,360,720
4419,1469,1027,1,376,376
4420,1470,1298,1,320,320
4421,1470,1204,1,267,267
4422,1470,1263,1,136,136
4423,1470,1344,3,224,672
4424,1471,1037,3,338,1014
4425,1471,1106,2,344,688
4426,1471,1135,2,307,614
4427,1472,1230,2,309,618
4428,1472,1154,3,405,1215
4429,1472,1130,3,33,99
4430,1473,1103,3,238,714
4431,1473,1081,1,172,172
4432,1474,1387,2,252,504
4433,1474,1285,3,120,360
4434,1474,1045,1,30,30
4435,1474,1247,3,205,615
4436,1475,1334,3,139,417
4437,1476,1255,2,440,880
4438,1476,1381,1,286,286
4439,1476,1155,1,35,35
4440,1476,1371,1,75,75
4441,1476,1472,3,285,855
4442,1477,1353,1,69,69
4443,1478,1241,3,164,492
4444,1479,1467,1,77,77
4445,1479,1328,3,213,639
4446,1479,1017,1,231,231
4447,1480,1389,3,326,978
4448,1480,1286,1,373,373
4449,1480,1192,1,238,238
4450,1480,1382,3,76,228
4451,1480,1045,1,30,30
4452,1481,1499,2,41,82
4453,1481,1131,3,281,843
4454,1481,1310,1,164,164
4455,1481,1206,3,287,861
4456,1481,1468,2,276,552
4457,1482,1138,1,281,281
4458,1482,1384,1,369,369
4459,1482,1308,3,359,1077
4460,1482,1378,1,310,310
4461,1483,1456,1,44,44
4462,1483,1009,2,46,92
4463,1483,1089,1,384,384
4464,1483,1477,1,170,170
4465,1483,1037,3,338,1014
4466,1484,1093,2,435,870
4467,1485,1066,3,54,162
4468,1485,1229,1,194,194
4469,1485,1351,2,360,720
4470,1485,1422,2,356,712
4471,1486,1278,1,145,145
4472,1486,1034,1,422,422
4473,1486,1181,3,51,153
4474,1486,1024,3,21,63
4475,1487,1107,2,397,794
4476,1488,1478,3,264,792
4477,1488,1128,2,240,480
4478,1489,1249,1,183,183
4479,1489,1037,1,338,338
4480,1489,1369,3,235,705
4481,1489,1032,1,244,244
4482,1489,1348,3,176,528
4483,1490,1418,1,315,315
4484,1490,1041,2,207,414
4485,1490,1421,2,186,372
4486,1490,1453,1,283,283
4487,1490,1306,2,24,48
4488,1491,1409,3,346,1038
4489,1491,1486,3,444,1332
4490,1491,1239,2,224,448
4491,1492,1156,1,354,354
4492,1492,1444,1,245,245
4493,1492,1032,3,244,732
4494,1493,1172,3,305,915
4495,1493,1187,3,98,294
4496,1494,1300,2,56,112
4497,1494,1188,1,128,128
4498,1494,1126,2,380,760
4499,1494,1329,2,145,290
4500,1494,1313,3,212,636
4501,1495,1283,2,28,56
4502,1495,1286,1,373,373
4503,1495,1008,3,428,1284
4504,1495,1389,2,326,652
4505,1496,1141,1,433,433
4506,1496,1444,2,245,490
4507,1496,1394,1,246,246
4508,1496,1006,1,445,445
4509,1496,1211,3,102,306
4510,1497,1070,2,346,692
4511,1497,1457,2,386,772
4512,1497,1269,3,357,1071
4513,1497,1084,3,403,1209
4514,1498,1103,1,238,238
4515,1499,1234,1,200,200
4516,1499,1378,3,310,930
4517,1500,1439,1,363,363
4518,1500,1199,2,107,214
4519,1500,1125,2,45,90
4520,1500,1164,2,61,122
4521,1501,1270,3,145,435
4522,1501,1370,2,300,600
4523,1501,1153,3,336,1008
4524,1501,1474,2,21,42
4525,1502,1145,2,328,656
4526,1502,1317,3,284,852
4527,1503,1422,1,356,356
4528,1503,1180,3,150,450
4529,1503,1492,3,214,642
4530,1503,1466,3,336,1008
4531,1504,1089,1,384,384
4532,1504,1388,2,239,478
4533,1504,1072,2,387,774
4534,1505,1078,2,316,632
4535,1506,1206,3,287,861
4536,1506,1415,2,111,222
4537,1506,1348,1,176,176
4538,1506,1446,2,73,146
4539,1507,1308,3,359,1077
4540,1507,1461,2,301,602
4541,1507,1111,1,92,92
4542,1507,1067,2,320,640
4543,1508,1346,3,375,1125
4544,1508,1064,2,124,248
4545,1508,1433,3,217,651
4546,1508,1419,2,112,224
4547,1509,1334,3,139,417
4548,1510,1250,1,85,85
4549,1510,1210,1,352,352
4550,1510,1423,3,231,693
4551,1511,1094,2,231,462
4552,1511,1007,3,252,756
4553,1511,1486,2,444,888
4554,1512,1361,3,149,447
4555,1512,1473,2,105,210
4556,1512,1372,2,435,870
4557,1512,1104,1,209,209
4558,1513,1009,2,46,92
4559,1513,1014,2,163,326
4560,1514,1343,2,116,232
4561,1514,1371,1,75,75
4562,1514,1431,2,258,516
4563,1514,1488,3,109,327
4564,1514,1439,3,363,1089
4565,1515,1189,1,186,186
4566,1515,1447,3,405,1215
4567,1516,1495,1,173,173
4568,1516,1488,3,109,327
4569,1516,1189,1,186,186
4570,1516,1398,1,199,199
4571,1516,1481,2,317,634
4572,1517,1491,3,408,1224
4573,1517,1119,3,223,669
4574,1517,1194,3,365,1095
4575,1517,1129,3,315,945
4576,1517,1242,3,73,219
4577,1518,1077,3,360,1080
4578,1518,1183,1,35,35
4579,1519,1161,3,439,1317
4580,1519,1321,1,372,372
4581,1519,1232,3,354,1062
4582,1520,1444,3,245,735
4583,1521,1276,1,22,22
4584,1521,1453,2,283,566
4585,1522,1293,3,160,480
4586,1522,1443,1,127,127
4587,1523,1349,2,45,90
4588,1523,1074,3,102,306
4589,1523,1054,1,413,413
4590,1524,1129,1,315,315
4591,1525,1457,3,386,1158
4592,1525,1487,3,114,342
4593,1526,1343,2,116,232
4594,1526,1271,3,355,1065
4595,1526,1423,2,231,462
4596,1526,1431,3,258,774
4597,1527,1479,3,334,1002
4598,1527,1015,1,283,283
4599,1527,1023,2,312,624
4600,1527,1037,1,338,338
4601,1528,1024,1,21,21
4602,1528,1453,3,283,849
4603,1528,1488,3,109,327
4604,1529,1002,1,60,60
4605,1529,1003,1,84,84
4606,1529,1224,1,268,268
4607,1530,1132,3,172,516
4608,1530,1033,3,416,1248
4609,1530,1177,2,408,816
4610,1530,1142,3,124,372
4611,1531,1180,2,150,300
4612,1531,1271,2,355,710
4613,1531,1023,3,312,936
4614,1531,1329,3,145,435
4615,1531,1475,1,260,260
4616,1532,1492,1,214,214
4617,1532,1117,1,67,67
4618,1532,1042,3,424,1272
4619,1532,1318,2,448,896
4620,1533,1300,1,56,56
4621,1533,1259,3,304,912
4622,1534,1444,1,245,245
4623,1534,1437,3,308,924
4624,1534,1069,1,290,290
4625,1534,1155,3,35,105
4626,1535,1212,1,372,372
4627,1535,1423,3,231,693
4628,1536,1256,1,395,395
4629,1536,1293,1,160,160
4630,1536,1276,3,22,66
4631,1537,1389,1,326,326
4632,1537,1176,2,132,264
4633,1537,1286,2,373,746
4634,1537,1144,3,42,126
4635,1538,1089,1,384,384
4636,1539,1190,3,182,546
4637,1539,1409,2,346,692
4638,1540,1140,2,422,844
4639,1541,1424,1,83,83
4640,1541,1003,2,84,168
4641,1541,1005,2,355,710
4642,1541,1015,1,283,283
4643,1541,1465,1,190,190
4644,1542,1376,1,254,254
4645,1542,1498,2,159,318
4646,1542,1271,3,355,1065
4647,1542,1421,3,186,558
4648,1543,1368,1,302,302
4649,1543,1294,3,333,999
4650,1543,1238,2,222,444
4651,1543,1116,1,99,99
4652,1544,1132,2,172,344
4653,1545,1455,2,31,62
4654,1545,1182,3,116,348
4655,1545,1376,2,254,508
4656,1545,1215,1,412,412
4657,1545,1100,2,231,462
4658,1546,1374,2,143,286
4659,1546,1498,1,159,159
4660,1546,1305,1,72,72
4661,1546,1253,2,337,674
4662,1546,1142,1,124,124
4663,1547,1073,1,59,59
4664,1547,1207,1,298,298
4665,1547,1359,3,47,141
4666,1547,1341,3,102,306
4667,1547,1242,2,73,146
4668,1548,1248,3,160,480
4669,1548,1233,3,350,1050
4670,1548,1156,3,354,1062
4671,1549,1025,2,315,630
4672,1550,1182,1,116,116
4673,1551,1088,1,440,440
4674,1551,1400,2,253,506
4675,1551,1058,1,328,328
4676,1551,1211,3,102,306
4677,1552,1033,2,416,832
4678,1552,1063,3,313,939
4679,1552,1006,3,445,1335
4680,1552,1139,1,157,157
4681,1552,1387,2,252,504
4682,1553,1283,2,28,56
4683,1553,1336,2,363,726
4684,1554,1158,3,77,231
4685,1554,1348,2,176,352
4686,1554,1173,1,328,328
4687,1554,1132,1,172,172
4688,1555,1480,1,351,351
4689,1555,1135,3,307,921
4690,1555,1446,2,73,146
4691,1556,1150,1,191,191
4692,1556,1171,2,225,450
4693,1556,1309,1,18,18
4694,1557,1238,3,222,666
4695,1557,1134,1,407,407
4696,1558,1075,3,74,222
4697,1558,1003,3,84,252
4698,1558,1381,2,286,572
4699,1559,1342,2,418,836
4700,1559,1168,3,321,963
4701,1559,1459,1,98,98
4702,1559,1253,1,337,337
4703,1560,1324,2,202,404
4704,1560,1434,3,231,693
4705,1560,1305,2,72,144
4706,1560,1446,3,73,219
4707,1561,1360,3,31,93
4708,1561,1499,3,41,123
4709,1561,1333,3,118,354
4710,1561,1412,2,22,44
4711,1562,1081,2,172,344
4712,1563,1115,1,219,219
4713,1563,1401,2,189,378
4714,1563,1485,1,290,290
4715,1563,1451,1,182,182
4716,1563,1262,1,227,227
4717,1564,1072,1,387,387
4718,1564,1007,1,252,252
4719,1565,1150,2,191,382
4720,1565,1359,3,47,141
4721,1565,1310,1,164,164
4722,1565,1393,2,372,744
4723,1565,1045,2,30,60
4724,1566,1225,1,264,264
4725,1566,1059,3,190,570
4726,1566,1317,1,284,284
4727,1566,1377,3,183,549
4728,1567,1050,2,151,302
4729,1567,1250,3,85,255
4730,1567,1115,1,219,219
4731,1568,1416,1,338,338
4732,1568,1158,3,77,231
4733,1568,1104,2,209,418
4734,1569,1050,3,151,453
4735,1569,1286,2,373,746
4736,1570,1450,2,156,312
4737,1571,1253,1,337,337
4738,1571,1069,2,290,580
4739,1571,1094,3,231,693
4740,1572,1412,3,22,66
4741,1572,1010,3,243,729
4742,1573,1444,3,245,735
4743,1573,1442,3,67,201
4744,1573,1138,1,281,281
4745,1573,1417,2,114,228
4746,1574,1326,1,366,366
4747,1575,1208,1,259,259
4748,1575,1185,1,86,86
4749,1575,1177,2,408,816
4750,1575,1021,3,158,474
4751,1575,1475,3,260,780
4752,1576,1308,1,359,359
4753,1576,1012,3,445,1335
4754,1577,1074,2,102,204
4755,1577,1107,2,397,794
4756,1578,1198,2,356,712
4757,1579,1431,1,258,258
4758,1579,1498,3,159,477
4759,1580,1038,2,127,254
4760,1580,1153,1,336,336
4761,1580,1375,3,169,507
4762,1581,1376,3,254,762
4763,1581,1410,1,429,429
4764,1581,1040,1,225,225
4765,1581,1304,2,411,822
4766,1581,1061,2,55,110
4767,1582,1247,2,205,410
4768,1582,1438,2,343,686
4769,1583,1153,1,336,336
4770,1584,1071,1,84,84
4771,1584,1170,1,40,40
4772,1584,1470,3,438,1314
4773,1584,1155,3,35,105
4774,1585,1482,3,205,615
4775,1585,1345,2,410,820
4776,1586,1338,2,121,242
4777,1587,1129,2,315,630
4778,1588,1448,3,113,339
4779,1588,1163,3,31,93
4780,1588,1030,2,441,882
4781,1589,1444,1,245,245
4782,1589,1434,1,231,231
4783,1589,1313,1,212,212
4784,1589,1448,2,113,226
4785,1589,1068,2,443,886
4786,1590,1085,2,326,652
4787,1591,1095,2,212,424
4788,1592,1280,3,184,552
4789,1592,1145,3,328,984
4790,1592,1106,1,344,344
4791,1593,1311,2,189,378
4792,1593,1045,3,30,90
4793,1594,1100,1,231,231
4794,1594,1499,2,41,82
4795,1595,1184,1,157,157
4796,1595,1360,2,31,62
4797,1596,1077,2,360,720
4798,1596,1410,2,429,858
4799,1596,1446,3,73,219
4800,1596,1341,1,102,102
4801,1596,1046,2,368,736
4802,1597,1136,3,342,1026
4803,1597,1094,3,231,693
4804,1597,1339,1,88,88
4805,1598,1286,2,373,746
4806,1598,1352,1,353,353
4807,1598,1063,2,313,626
4808,1598,1003,2,84,168
4809,1598,1222,3,278,834
4810,1599,1049,1,323,323
4811,1599,1348,1,176,176
4812,1600,1462,1,349,349
4813,1600,1397,2,152,304
4814,1600,1087,3,71,213
4815,1601,1245,1,176,176
4816,1601,1237,3,417,1251
4817,1601,1134,3,407,1221
4818,1601,1315,3,26,78
4819,1602,1477,3,170,510
4820,1602,1215,1,412,412
4821,1602,1173,1,328,328
4822,1602,1197,3,337,1011
4823,1603,1423,3,231,693
4824,1603,1485,3,290,870
4825,1603,1126,2,380,760
4826,1604,1058,2,328,656
4827,1604,1141,2,433,866
4828,1604,1464,2,139,278
4829,1605,1054,3,413,1239
4830,1605,1187,1,98,98
4831,1605,1270,1,145,145
4832,1605,1438,1,343,343
4833,1605,1282,2,175,350
4834,1606,1197,1,337,337
4835,1606,1385,2,371,742
4836,1606,1206,3,287,861
4837,1607,1102,2,38,76
4838,1607,1127,2,288,576
4839,1607,1388,1,239,239
4840,1608,1473,3,105,315
4841,1609,1274,3,264,792
4842,1609,1320,1,192,192
4843,1609,1333,2,118,236
4844,1609,1443,3,127,381
4845,1609,1398,2,199,398
4846,1610,1221,2,273,546
4847,1610,1255,3,440,1320
4848,1610,1478,3,264,792
4849,1611,1206,2,287,574
4850,1611,1432,2,133,266
4851,1611,1487,3,114,342
4852,1612,1014,3,163,489
4853,1612,1037,3,338,1014
4854,1612,1301,1,103,103
4855,1612,1204,3,267,801
4856,1612,1351,1,360,360
4857,1613,1497,1,337,337
4858,1614,1070,2,346,692
4859,1614,1464,2,139,278
4860,1614,1254,1,182,182
4861,1615,1030,1,441,441
4862,1615,1191,1,216,216
4863,1615,1126,3,380,1140
4864,1616,1357,2,440,880
4865,1617,1264,2,144,288
4866,1618,1274,3,264,792
4867,1618,1067,3,320,960
4868,1619,1023,1,312,312
4869,1619,1161,1,439,439
4870,1619,1453,3,283,849
4871,1619,1304,1,411,411
4872,1620,1383,2,22,44
4873,1620,1128,2,240,480
4874,1620,1158,1,77,77
4875,1620,1340,1,256,256
4876,1620,1224,2,268,536
4877,1621,1257,3,75,225
4878,1622,1424,1,83,83
4879,1622,1307,1,339,339
4880,1623,1133,1,188,188
4881,1623,1318,3,448,1344
4882,1623,1121,2,214,428
4883,1624,1088,3,440,1320
4884,1624,1394,2,246,492
4885,1625,1428,1,157,157
4886,1625,1337,3,203,609
4887,1626,1251,2,275,550
4888,1626,1108,2,243,486
4889,1626,1078,1,316,316
4890,1626,1166,3,312,936
4891,1626,1107,2,397,794
4892,1627,1007,1,252,252
4893,1627,1317,3,284,852
4894,1627,1479,2,334,668
4895,1627,1101,1,247,247
4896,1627,1405,1,270,270
4897,1628,1419,1,112,112
4898,1629,1307,2,339,678
4899,1629,1350,3,341,1023
4900,1629,1183,1,35,35
4901,1629,1407,1,65,65
4902,1630,1364,2,125,250
4903,1630,1275,2,186,372
4904,1630,1447,3,405,1215
4905,1631,1069,3,290,870
4906,1631,1234,2,200,400
4907,1631,1230,2,309,618
4908,1632,1470,3,438,1314
4909,1632,1397,1,152,152
4910,1632,1425,3,365,1095
4911,1632,1173,1,328,328
4912,1632,1017,3,231,693
4913,1633,1052,3,398,1194
4914,1633,1375,3,169,507
4915,1633,1063,1,313,313
4916,1634,1225,2,264,528
4917,1634,1042,1,424,424
4918,1634,1196,1,367,367
4919,1634,1023,1,312,312
4920,1635,1001,2,54,108
4921,1635,1461,1,301,301
4922,1635,1375,3,169,507
4923,1635,1169,2,39,78
4924,1635,1256,1,395,395
4925,1636,1303,1,133,133
4926,1636,1036,1,99,99
4927,1637,1087,1,71,71
4928,1637,1058,1,328,328
4929,1637,1443,2,127,254
4930,1638,1102,1,38,38
4931,1638,1201,1,244,244
4932,1638,1192,2,238,476
4933,1638,1227,2,89,178
4934,1638,1213,1,98,98
4935,1639,1370,3,300,900
4936,1640,1242,1,73,73
4937,1640,1428,1,157,157
4938,1640,1142,3,124,372
4939,1641,1284,2,109,218
4940,1641,1441,3,271,813
4941,1641,1250,1,85,85
4942,1641,1245,2,176,352
4943,1642,1035,2,382,764
4944,1642,1499,2,41,82
4945,1642,1334,1,139,139
4946,1642,1351,3,360,1080
4947,1642,1154,2,405,810
4948,1643,1185,3,86,258
4949,1643,1204,1,267,267
4950,1643,1092,3,230,690
4951,1643,1456,3,44,132
4952,1643,1349,1,45,45
4953,1644,1466,3,336,1008
4954,1644,1362,2,182,364
4955,1645,1495,1,173,173
4956,1646,1145,1,328,328
4957,1646,1195,3,416,1248
4958,1646,1396,1,301,301
4959,1646,1358,2,321,642
4960,1646,1303,1,133,133
4961,1647,1341,1,102,102
4962,1647,1123,1,134,134
4963,1647,1304,2,411,822
4964,1648,1114,1,55,55
4965,1648,1098,2,153,306
4966,1648,1285,2,120,240
4967,1648,1389,1,326,326
4968,1648,1387,3,252,756
4969,1649,1419,2,112,224
4970,1649,1366,1,129,129
4971,1649,1059,1,190,190
4972,1649,1443,1,127,127
4973,1649,1390,3,180,540
4974,1650,1417,3,114,342
4975,1650,1442,1,67,67
4976,1650,1465,3,190,570
4977,1651,1058,1,328,328
4978,1651,1354,1,347,347
4979,1651,1364,1,125,125
4980,1651,1394,2,246,492
4981,1652,1435,2,224,448
4982,1652,1168,3,321,963
4983,1652,1346,2,375,750
4984,1653,1407,3,65,195
4985,1653,1202,1,303,303
4986,1653,1241,1,164,164
4987,1653,1329,2,145,290
4988,1654,1189,2,186,372
4989,1654,1177,1,408,408
4990,1654,1367,3,251,753
4991,1654,1088,1,440,440
4992,1654,1129,3,315,945
4993,1655,1203,1,271,271
4994,1655,1471,1,96,96
4995,1655,1380,1,120,120
4996,1655,1412,3,22,66
4997,1656,1241,3,164,492
4998,1656,1361,1,149,149
4999,1656,1121,1,214,214
5000,1657,1085,1,326,326
5001,1658,1363,3,235,705
5002,1658,1090,2,279,558
5003,1658,1102,3,38,114
5004,1659,1042,3,424,1272
5005,1659,1025,1,315,315
5006,1659,1447,1,405,405
5007,1659,1354,2,347,694
5008,1660,1360,1,31,31
5009,1660,1333,2,118,236
5010,1661,1112,2,198,396
5011,1661,1314,3,274,822
5012,1661,1233,1,350,350
5013,1662,1436,2,210,420
5014,1662,1352,3,353,1059
5015,1662,1078,1,316,316
5016,1663,1110,1,275,275
5017,1663,1151,2,208,416
5018,1663,1081,3,172,516
5019,1664,1486,3,444,1332
5020,1664,1095,3,212,636
5021,1664,1091,2,86,172
5022,1665,1224,2,268,536
5023,1665,1107,2,397,794
5024,1665,1149,3,257,771
5025,1665,1144,3,42,126
5026,1665,1068,2,443,886
5027,1666,1233,1,350,350
5028,1666,1264,3,144,432
5029,1666,1199,2,107,214
5030,1666,1434,1,231,231
5031,1666,1231,3,236,708
5032,1667,1470,1,438,438
5033,1667,1006,3,445,1335
5034,1668,1130,3,33,99
5035,1668,1337,1,203,203
5036,1668,1257,1,75,75
5037,1669,1001,3,54,162
5038,1670,1486,3,444,1332
5039,1670,1154,2,405,810
5040,1670,1005,3,355,1065
5041,1670,1223,3,185,555
5042,1670,1365,1,260,260
5043,1671,1006,3,445,1335
5044,1672,1381,3,286,858
5045,1672,1420,3,403,1209
5046,1672,1125,3,45,135
5047,1672,1354,3,347,1041
5048,1673,1389,2,326,652
5049,1673,1442,2,67,134
5050,1673,1032,1,244,244
5051,1674,1253,1,337,337
5052,1675,1318,2,448,896
5053,1675,1238,1,222,222
5054,1675,1329,1,145,145
5055,1675,1367,3,251,753
5056,1676,1025,3,315,945
5057,1676,1150,2,191,382
5058,1676,1158,1,77,77
5059,1676,1121,3,214,642
5060,1676,1167,1,151,151
5061,1677,1364,2,125,250
5062,1677,1395,2,184,368
5063,1677,1149,2,257,514
5064,1677,1091,3,86,258
5065,1677,1476,2,354,708
5066,1678,1111,3,92,276
5067,1678,1158,3,77,231
5068,1678,1189,3,186,558
5069,1679,1248,1,160,160
5070,1680,1449,1,234,234
5071,1680,1156,3,354,1062
5072,1680,1019,1,107,107
5073,1680,1120,2,428,856
5074,1680,1331,3,296,888
5075,1681,1463,1,18,18
5076,1682,1196,2,367,734
5077,1682,1466,1,336,336
5078,1682,1389,2,326,652
5079,1683,1281,3,42,126
5080,1683,1319,2,430,860
5081,1683,1458,2,272,544
5082,1684,1034,1,422,422
5083,1684,1426,3,383,1149
5084,1685,1425,2,365,730
5085,1685,1385,1,371,371
5086,1685,1173,1,328,328
5087,1685,1296,1,439,439
5088,1685,1495,2,173,346
5089,1686,1411,1,281,281
5090,1687,1202,1,303,303
5091,1687,1075,3,74,222
5092,1688,1308,3,359,1077
5093,1688,1389,2,326,652
5094,1689,1442,3,67,201
5095,1689,1105,3,327,981
5096,1690,1396,1,301,301
5097,1690,1098,2,153,306
5098,1690,1085,3,326,978
5099,1691,1058,1,328,328
5100,1692,1291,3,399,1197
5101,1692,1011,1,90,90
5102,1692,1341,3,102,306
5103,1693,1030,1,441,441
5104,1693,1251,3,275,825
5105,1694,1201,2,244,488
5106,1694,1444,1,245,245
5107,1694,1305,1,72,72
5108,1694,1044,2,80,160
5109,1695,1286,2,373,746
5110,1695,1469,2,362,724
5111,1695,1186,1,223,223
5112,1696,1130,1,33,33
5113,1696,1177,1,408,408
5114,1696,1221,2,273,546
5115,1696,1262,3,227,681
5116,1696,1328,1,213,213
5117,1697,1124,3,249,747
5118,1697,1106,3,344,1032
5119,1697,1206,2,287,574
5120,1697,1342,1,418,418
5121,1697,1362,3,182,546
5122,1698,1337,2,203,406
5123,1698,1483,1,410,410
5124,1698,1050,1,151,151
5125,1698,1236,1,197,197
5126,1699,1016,2,430,860
5127,1700,1036,3,99,297
5128,1700,1108,2,243,486
5129,1700,1001,2,54,108
5130,1700,1163,2,31,62
5131,1700,1068,1,443,443
5132,1701,1337,2,203,406
5133,1701,1216,3,423,1269
5134,1701,1388,1,239,239
5135,1701,1291,1,399,399
5136,1702,1116,1,99,99
5137,1703,1491,3,408,1224
5138,1703,1495,1,173,173
5139,1703,1019,1,107,107
5140,1703,1025,1,315,315
5141,1704,1449,2,234,468
5142,1704,1084,1,403,403
5143,1704,1143,3,353,1059
5144,1704,1364,1,125,125
5145,1705,1492,1,214,214
5146,1705,1130,3,33,99
5147,1706,1077,1,360,360
5148,1706,1023,2,312,624
5149,1706,1208,2,259,518
5150,1706,1301,1,103,103
5151,1706,1041,3,207,621
5152,1707,1126,2,380,760
5153,1707,1441,1,271,271
5154,1708,1250,3,85,255
5155,1708,1089,2,384,768
5156,1708,1129,2,315,630
5157,1708,1067,3,320,960
5158,1708,1445,1,312,312
5159,1709,1283,3,28,84
5160,1709,1246,2,62,124
5161,1709,1488,2,109,218
5162,1709,1070,3,346,1038
5163,1709,1042,3,424,1272
5164,1710,1188,2,128,256
5165,1710,1091,3,86,258
5166,1711,1472,2,285,570
5167,1711,1239,3,224,672
5168,1712,1478,1,264,264
5169,1712,1049,1,323,323
5170,1712,1315,1,26,26
5171,1712,1424,2,83,166
5172,1713,1038,3,127,381
5173,1713,1287,3,344,1032
5174,1713,1386,1,388,388
5175,1713,1197,1,337,337
5176,1714,1086,3,235,705
5177,1715,1162,1,250,250
5178,1715,1259,2,304,608
5179,1715,1208,3,259,777
5180,1715,1154,1,405,405
5181,1715,1454,1,131,131
5182,1716,1006,2,445,890
5183,1717,1200,2,370,740
5184,1717,1112,3,198,594
5185,1718,1302,2,336,672
5186,1718,1254,2,182,364
5187,1718,1415,2,111,222
5188,1719,1238,2,222,444
5189,1719,1334,3,139,417
5190,1719,1337,2,203,406
5191,1719,1125,2,45,90
5192,1720,1173,1,328,328
5193,1721,1242,2,73,146
5194,1721,1363,3,235,705
5195,1722,1485,3,290,870
5196,1723,1258,3,448,1344
5197,1723,1082,2,40,80
5198,1723,1038,1,127,127
5199,1723,1101,2,247,494
5200,1724,1116,1,99,99
5201,1724,1269,1,357,357
5202,1725,1126,2,380,760
5203,1725,1155,1,35,35
5204,1725,1300,1,56,56
5205,1725,1357,2,440,880
5206,1726,1484,2,345,690
5207,1726,1046,2,368,736
5208,1726,1295,2,132,264
5209,1727,1363,3,235,705
5210,1727,1345,2,410,820
5211,1728,1278,1,145,145
5212,1728,1437,1,308,308
5213,1729,1420,2,403,806
5214,1729,1061,1,55,55
5215,1729,1260,1,168,168
5216,1729,1243,1,242,242
5217,1730,1461,1,301,301
5218,1730,1253,3,337,1011
5219,1730,1145,3,328,984
5220,1731,1307,1,339,339
5221,1731,1089,1,384,384
5222,1731,1500,3,187,561
5223,1731,1031,1,167,167
5224,1731,1071,2,84,168
5225,1732,1008,1,428,428
5226,1732,1493,3,169,507
5227,1732,1266,2,138,276
5228,1733,1301,2,103,206
5229,1733,1146,2,417,834
5230,1734,1150,3,191,573
5231,1735,1321,3,372,1116
5232,1736,1317,3,284,852
5233,1736,1455,1,31,31
5234,1736,1361,1,149,149
5235,1737,1089,3,384,1152
5236,1737,1306,1,24,24
5237,1737,1325,3,441,1323
5238,1737,1013,3,389,1167
5239,1737,1135,3,307,921
5240,1738,1093,3,435,1305
5241,1738,1396,3,301,903
5242,1738,1337,3,203,609
5243,1738,1108,3,243,729
5244,1739,1325,2,441,882
5245,1739,1294,3,333,999
5246,1739,1353,1,69,69
5247,1740,1273,2,63,126
5248,1740,1189,2,186,372
5249,1740,1174,1,200,200
5250,1740,1424,3,83,249
5251,1741,1192,2,238,476
5252,1741,1413,1,124,124
5253,1741,1098,1,153,153
5254,1741,1449,2,234,468
5255,1742,1323,1,42,42
5256,1742,1206,3,287,861
5257,1743,1391,1,273,273
5258,1743,1151,1,208,208
5259,1743,1328,3,213,639
5260,1743,1500,3,187,561
5261,1744,1026,3,182,546
5262,1744,1347,2,418,836
5263,1745,1088,3,440,1320
5264,1745,1048,1,295,295
5265,1746,1421,3,186,558
5266,1746,1299,2,245,490
5267,1746,1458,2,272,544
5268,1747,1299,1,245,245
5269,1747,1429,3,347,1041
5270,1747,1360,1,31,31
5271,1747,1434,2,231,462
5272,1748,1224,3,268,804
5273,1748,1111,1,92,92
5274,1748,1464,3,139,417
5275,1748,1037,2,338,676
5276,1748,1201,1,244,244
5277,1749,1448,3,113,339
5278,1749,1452,1,75,75
5279,1750,1484,1,345,345
5280,1750,1457,1,386,386
5281,1751,1322,1,187,187
5282,1751,1410,3,429,1287
5283,1751,1447,1,405,405
5284,1751,1313,2,212,424
5285,1752,1270,1,145,145
5286,1752,1298,2,320,640
5287,1752,1129,3,315,945
5288,1753,1228,2,384,768
5289,1753,1295,2,132,264
5290,1753,1436,2,210,420
5291,1753,1281,3,42,126
5292,1754,1410,3,429,1287
5293,1754,1342,1,418,418
5294,1754,1301,2,103,206
5295,1754,1091,2,86,172
5296,1754,1002,2,60,120
5297,1755,1372,1,435,435
5298,1755,1429,2,347,694
5299,1755,1084,3,403,1209
5300,1755,1029,2,168,336
5301,1756,1296,2,439,878
5302,1756,1150,3,191,573
5303,1756,1045,3,30,90
5304,1756,1215,3,412,1236
5305,1757,1362,3,182,546
5306,1757,1113,2,136,272
5307,1758,1314,2,274,548
5308,1759,1047,3,399,1197
5309,1759,1150,3,191,573
5310,1759,1410,1,429,429
5311,1759,1304,1,411,411
5312,1760,1376,2,254,508
5313,1760,1462,2,349,698
5314,1760,1320,1,192,192
5315,1760,1211,1,102,102
5316,1760,1084,2,403,806
5317,1761,1317,1,284,284
5318,1761,1423,2,231,462
5319,1761,1232,3,354,1062
5320,1761,1083,2,170,340
5321,1762,1497,3,337,1011
5322,1762,1273,3,63,189
5323,1763,1500,3,187,561
5324,1764,1322,3,187,561
5325,1764,1071,1,84,84
5326,1764,1021,2,158,316
5327,1765,1034,1,422,422
5328,1765,1398,2,199,398
5329,1765,1094,2,231,462
5330,1765,1016,1,430,430
5331,1766,1178,1,149,149
5332,1766,1077,2,360,720
5333,1767,1140,3,422,1266
5334,1767,1177,2,408,816
5335,1767,1488,3,109,327
5336,1767,1237,1,417,417
5337,1768,1005,1,355,355
5338,1768,1360,2,31,62
5339,1768,1434,1,231,231
5340,1768,1330,1,264,264
5341,1768,1188,3,128,384
5342,1769,1470,2,438,876
5343,1769,1111,1,92,92
5344,1769,1009,2,46,92
5345,1769,1062,1,390,390
5346,1769,1309,2,18,36
5347,1770,1335,2,127,254
5348,1770,1444,2,245,490
5349,1770,1196,2,367,734
5350,1770,1388,1,239,239
5351,1771,1293,2,160,320
5352,1771,1203,1,271,271
5353,1771,1297,2,50,100
5354,1771,1068,2,443,886
5355,1771,1275,2,186,372
5356,1772,1086,3,235,705
5357,1772,1258,2,448,896
5358,1772,1233,1,350,350
5359,1772,1311,2,189,378
5360,1773,1170,1,40,40
5361,1773,1373,3,27,81
5362,1773,1497,3,337,1011
5363,1773,1245,3,176,528
5364,1773,1144,1,42,42
5365,1774,1329,2,145,290
5366,1775,1251,2,275,550
5367,1776,1361,3,149,447
5368,1776,1302,3,336,1008
5369,1777,1151,3,208,624
5370,1777,1058,1,328,328
5371,1777,1200,3,370,1110
5372,1778,1287,1,344,344
5373,1779,1098,3,153,459
5374,1779,1321,1,372,372
5375,1779,1051,1,57,57
5376,1779,1245,3,176,528
5377,1779,1281,3,42,126
5378,1780,1330,1,264,264
5379,1780,1137,3,421,1263
5380,1780,1100,3,231,693
5381,1780,1489,1,149,149
5382,1780,1067,3,320,960
5383,1781,1445,3,312,936
5384,1782,1460,1,182,182
5385,1783,1284,2,109,218
5386,1783,1407,3,65,195
5387,1784,1462,2,349,698
5388,1785,1142,1,124,124
5389,1786,1272,1,400,400
5390,1786,1374,2,143,286
5391,1786,1461,2,301,602
5392,1786,1462,2,349,698
5393,1787,1041,1,207,207
5394,1787,1033,2,416,832
5395,1787,1454,3,131,393
5396,1787,1003,1,84,84
5397,1788,1327,2,189,378
5398,1789,1425,3,365,1095
5399,1789,1082,3,40,120
5400,1789,1014,1,163,163
5401,1789,1410,2,429,858
5402,1790,1157,1,175,175
5403,1790,1289,2,385,770
5404,1790,1190,2,182,364
5405,1791,1164,3,61,183
5406,1791,1393,3,372,1116
5407,1791,1449,3,234,702
5408,1791,1328,1,213,213
5409,1792,1454,1,131,131
5410,1792,1216,3,423,1269
5411,1792,1405,1,270,270
5412,1792,1418,2,315,630
5413,1793,1216,2,423,846
5414,1793,1399,2,347,694
5415,1793,1024,3,21,63
5416,1793,1011,2,90,180
5417,1793,1195,2,416,832
5418,1794,1089,1,384,384
5419,1794,1449,2,234,468
5420,1794,1416,2,338,676
5421,1794,1218,2,108,216
5422,1795,1431,3,258,774
5423,1795,1447,3,405,1215
5424,1795,1333,1,118,118
5425,1795,1429,2,347,694
5426,1796,1231,3,236,708
5427,1796,1176,1,132,132
5428,1796,1438,3,343,1029
5429,1797,1193,2,414,828
5430,1797,1184,2,157,314
5431,1797,1455,1,31,31
5432,1797,1488,1,109,109
5433,1797,1335,3,127,381
5434,1798,1101,2,247,494
5435,1798,1374,1,143,143
5436,1798,1363,2,235,470
5437,1798,1016,1,430,430
5438,1799,1183,3,35,105
5439,1799,1109,1,302,302
5440,1799,1389,3,326,978
5441,1799,1132,3,172,516
5442,1799,1206,3,287,861
5443,1800,1207,1,298,298
5444,1800,1329,3,145,435
5445,1800,1255,3,440,1320
5446,1800,1321,3,372,1116
5447,1801,1224,3,268,804
5448,1802,1050,3,151,453
5449,1802,1441,3,271,813
5450,1802,1395,2,184,368
5451,1803,1149,1,257,257
5452,1803,1478,2,264,528
5453,1803,1415,2,111,222
5454,1804,1146,3,417,1251
5455,1804,1218,1,108,108
5456,1804,1244,3,282,846
5457,1804,1377,3,183,549
5458,1804,1256,3,395,1185
5459,1805,1363,2,235,470
5460,1805,1369,2,235,470
5461,1805,1309,1,18,18
5462,1805,1102,3,38,114
5463,1805,1185,1,86,86
5464,1806,1017,3,231,693
5465,1806,1431,2,258,516
5466,1807,1060,1,228,228
5467,1807,1144,2,42,84
5468,1807,1186,3,223,669
5469,1808,1209,3,114,342
5470,1808,1094,2,231,462
5471,1808,1192,1,238,238
5472,1808,1461,3,301,903
5473,1809,1223,1,185,185
5474,1809,1196,3,367,1101
5475,1810,1377,3,183,549
5476,1810,1446,1,73,73
5477,1810,1289,1,385,385
5478,1810,1194,1,365,365
5479,1810,1476,2,354,708
5480,1811,1408,3,353,1059
5481,1811,1114,2,55,110
5482,1812,1480,3,351,1053
5483,1812,1383,1,22,22
5484,1813,1494,3,93,279
5485,1813,1021,3,158,474
5486,1813,1331,2,296,592
5487,1814,1231,3,236,708
5488,1814,1070,3,346,1038
5489,1815,1010,2,243,486
5490,1815,1252,1,272,272
5491,1815,1022,3,91,273
5492,1815,1479,2,334,668
5493,1815,1333,2,118,236
5494,1816,1325,3,441,1323
5495,1816,1106,2,344,688
5496,1816,1169,3,39,117
5497,1816,1098,2,153,306
5498,1816,1019,2,107,214
5499,1817,1379,3,217,651
5500,1817,1195,3,416,1248
5501,1817,1175,1,122,122
5502,1817,1150,2,191,382
5503,1817,1124,3,249,747
5504,1818,1117,3,67,201
5505,1818,1185,1,86,86
5506,1818,1282,1,175,175
5507,1818,1322,3,187,561
5508,1819,1392,2,212,424
5509,1819,1049,2,323,646
5510,1820,1481,2,317,634
5511,1821,1388,3,239,717
5512,1821,1295,1,132,132
5513,1822,1344,1,224,224
5514,1823,1490,1,232,232
5515,1824,1489,3,149,447
5516,1825,1265,1,214,214
5517,1825,1157,3,175,525
5518,1825,1464,2,139,278
5519,1826,1496,2,140,280
5520,1826,1007,1,252,252
5521,1826,1271,3,355,1065
5522,1827,1118,1,434,434
5523,1827,1347,2,418,836
5524,1828,1364,1,125,125
5525,1828,1422,2,356,712
5526,1828,1104,3,209,627
5527,1828,1426,1,383,383
5528,1828,1387,1,252,252
5529,1829,1459,3,98,294
5530,1829,1126,1,380,380
5531,1829,1113,3,136,408
5532,1829,1258,2,448,896
5533,1830,1142,1,124,124
5534,1830,1386,1,388,388
5535,1830,1278,1,145,145
5536,1830,1400,2,253,506
5537,1831,1373,3,27,81
5538,1831,1297,3,50,150
5539,1831,1037,2,338,676
5540,1831,1390,2,180,360
5541,1832,1379,2,217,434
5542,1832,1466,1,336,336
5543,1833,1072,1,387,387
5544,1833,1206,1,287,287
5545,1833,1171,2,225,450
5546,1834,1299,1,245,245
5547,1834,1240,1,204,204
5548,1835,1174,2,200,400
5549,1835,1404,1,408,408
5550,1835,1208,1,259,259
5551,1835,1294,2,333,666
5552,1836,1464,2,139,278
5553,1836,1495,2,173,346
5554,1837,1207,3,298,894
5555,1838,1265,2,214,428
5556,1838,1144,2,42,84
5557,1838,1452,1,75,75
5558,1838,1134,2,407,814
5559,1839,1418,2,315,630
5560,1839,1121,3,214,642
5561,1840,1264,3,144,432
5562,1841,1328,3,213,639
5563,1841,1163,3,31,93
5564,1841,1425,2,365,730
5565,1841,1295,3,132,396
5566,1841,1245,2,176,352
5567,1842,1476,2,354,708
5568,1842,1483,2,410,820
5569,1842,1168,2,321,642
5570,1843,1208,1,259,259
5571,1843,1021,3,158,474
5572,1843,1106,2,344,688
5573,1843,1239,2,224,448
5574,1844,1062,3,390,1170
5575,1844,1220,1,361,361
5576,1844,1093,3,435,1305
5577,1844,1271,2,355,710
5578,1845,1175,2,122,244
5579,1846,1341,3,102,306
5580,1846,1421,1,186,186
5581,1846,1029,3,168,504
5582,1847,1377,3,183,549
5583,1847,1057,1,93,93
5584,1848,1322,1,187,187
5585,1848,1270,1,145,145
5586,1848,1454,1,131,131
5587,1849,1297,3,50,150
5588,1849,1305,1,72,72
5589,1849,1417,1,114,114
5590,1849,1308,3,359,1077
5591,1849,1325,1,441,441
5592,1850,1295,3,132,396
5593,1850,1433,3,217,651
5594,1850,1248,2,160,320
5595,1850,1311,2,189,378
5596,1850,1465,3,190,570
5597,1851,1405,1,270,270
5598,1851,1251,3,275,825
5599,1851,1480,1,351,351
5600,1851,1155,2,35,70
5601,1852,1428,1,157,157
5602,1852,1341,3,102,306
5603,1852,1280,1,184,184
5604,1852,1282,2,175,350
5605,1853,1351,2,360,720
5606,1854,1425,2,365,730
5607,1854,1180,3,150,450
5608,1855,1381,3,286,858
5609,1855,1067,2,320,640
5610,1855,1113,2,136,272
5611,1855,1056,2,135,270
5612,1855,1435,1,224,224
5613,1856,1362,1,182,182
5614,1856,1261,1,303,303
5615,1857,1308,2,359,718
5616,1857,1411,2,281,562
5617,1857,1394,2,246,492
5618,1858,1333,2,118,236
5619,1858,1485,3,290,870
5620,1858,1318,3,448,1344
5621,1859,1204,3,267,801
5622,1859,1436,3,210,630
5623,1860,1383,3,22,66
5624,1860,1298,3,320,960
5625,1860,1378,2,310,620
5626,1860,1157,1,175,175
5627,1860,1351,1,360,360
5628,1861,1429,2,347,694
5629,1861,1176,2,132,264
5630,1861,1231,1,236,236
5631,1862,1087,3,71,213
5632,1863,1325,1,441,441
5633,1863,1429,1,347,347
5634,1863,1117,3,67,201
5635,1863,1096,2,67,134
5636,1863,1401,2,189,378
5637,1864,1258,2,448,896
5638,1864,1078,2,316,632
5639,1865,1099,3,287,861
5640,1865,1400,3,253,759
5641,1865,1020,2,347,694
5642,1865,1096,2,67,134
5643,1866,1353,1,69,69
5644,1866,1077,1,360,360
5645,1866,1022,1,91,91
5646,1866,1001,3,54,162
5647,1866,1198,3,356,1068
5648,1867,1463,3,18,54
5649,1867,1388,2,239,478
5650,1867,1177,3,408,1224
5651,1867,1220,1,361,361
5652,1868,1370,3,300,900
5653,1869,1367,1,251,251
5654,1869,1256,1,395,395
5655,1870,1274,1,264,264
5656,1870,1463,3,18,54
5657,1870,1016,3,430,1290
5658,1870,1429,1,347,347
5659,1871,1190,3,182,546
5660,1872,1126,3,380,1140
5661,1872,1080,1,278,278
5662,1873,1432,2,133,266
5663,1873,1156,1,354,354
5664,1874,1346,2,375,750
5665,1874,1152,1,301,301
5666,1874,1194,3,365,1095
5667,1874,1143,1,353,353
5668,1875,1226,2,170,340
5669,1875,1009,2,46,92
5670,1875,1084,3,403,1209
5671,1876,1121,2,214,428
5672,1876,1340,1,256,256
5673,1876,1458,2,272,544
5674,1876,1234,1,200,200
5675,1877,1188,1,128,128
5676,1877,1133,3,188,564
5677,1877,1304,3,411,1233
5678,1877,1197,3,337,1011
5679,1878,1072,1,387,387
5680,1878,1096,2,67,134
5681,1878,1119,3,223,669
5682,1878,1307,1,339,339
5683,1879,1237,1,417,417
5684,1879,1018,1,156,156
5685,1879,1494,2,93,186
5686,1879,1191,2,216,432
5687,1880,1331,1,296,296
5688,1880,1139,3,157,471
5689,1880,1230,1,309,309
5690,1880,1121,1,214,214
5691,1881,1352,1,353,353
5692,1881,1485,2,290,580
5693,1882,1432,2,133,266
5694,1882,1428,2,157,314
5695,1882,1386,1,388,388
5696,1883,1401,1,189,189
5697,1884,1407,2,65,130
5698,1884,1068,1,443,443
5699,1884,1394,3,246,738
5700,1884,1303,1,133,133
5701,1884,1380,2,120,240
5702,1885,1470,2,438,876
5703,1885,1219,1,317,317
5704,1885,1354,2,347,694
5705,1885,1471,3,96,288
5706,1885,1372,3,435,1305
5707,1886,1294,2,333,666
5708,1886,1397,2,152,304
5709,1887,1104,2,209,418
5710,1888,1297,1,50,50
5711,1889,1014,2,163,326
5712,1889,1146,3,417,1251
5713,1889,1041,3,207,621
5714,1889,1351,3,360,1080
5715,1890,1396,1,301,301
5716,1891,1055,3,132,396
5717,1892,1148,2,19,38
5718,1892,1152,2,301,602
5719,1892,1150,1,191,191
5720,1893,1461,2,301,602
5721,1894,1157,2,175,350
5722,1894,1224,2,268,536
5723,1894,1440,3,195,585
5724,1894,1211,1,102,102
5725,1895,1348,1,176,176
5726,1896,1372,1,435,435
5727,1897,1063,3,313,939
5728,1898,1166,3,312,936
5729,1899,1218,1,108,108
5730,1899,1007,2,252,504
5731,1899,1393,1,372,372
5732,1899,1432,2,133,266
5733,1899,1459,2,98,196
5734,1900,1100,2,231,462
5735,1901,1404,3,408,1224
5736,1901,1011,3,90,270
5737,1902,1326,1,366,366
5738,1902,1314,3,274,822
5739,1902,1078,1,316,316
5740,1902,1119,2,223,446
5741,1903,1496,3,140,420
5742,1903,1262,3,227,681
5743,1904,1138,3,281,843
5744,1904,1374,2,143,286
5745,1904,1116,3,99,297
5746,1904,1135,3,307,921
5747,1904,1171,3,225,675
5748,1905,1311,2,189,378
5749,1906,1158,1,77,77
5750,1906,1116,1,99,99
5751,1906,1356,2,298,596
5752,1907,1452,3,75,225
5753,1907,1212,2,372,744
5754,1908,1300,2,56,112
5755,1909,1375,3,169,507
5756,1910,1019,3,107,321
5757,1911,1170,3,40,120
5758,1911,1230,2,309,618
5759,1911,1439,1,363,363
5760,1911,1315,1,26,26
5761,1912,1034,2,422,844
5762,1912,1039,2,52,104
5763,1912,1422,1,356,356
5764,1912,1386,1,388,388
5765,1913,1464,1,139,139
5766,1913,1202,1,303,303
5767,1913,1235,1,309,309
5768,1913,1199,2,107,214
5769,1913,1266,1,138,138
5770,1914,1207,1,298,298
5771,1914,1369,2,235,470
5772,1914,1100,3,231,693
5773,1914,1354,3,347,1041
5774,1914,1140,3,422,1266
5775,1915,1007,3,252,756
5776,1915,1247,3,205,615
5777,1915,1205,1,445,445
5778,1916,1187,2,98,196
5779,1916,1121,1,214,214
5780,1916,1024,2,21,42
5781,1916,1301,2,103,206
5782,1917,1063,3,313,939
5783,1917,1315,3,26,78
5784,1917,1046,2,368,736
5785,1917,1258,1,448,448
5786,1917,1218,3,108,324
5787,1918,1356,2,298,596
5788,1918,1336,1,363,363
5789,1919,1015,3,283,849
5790,1919,1081,3,172,516
5791,1920,1422,1,356,356
5792,1921,1041,3,207,621
5793,1921,1343,1,116,116
5794,1921,1105,1,327,327
5795,1921,1230,1,309,309
5796,1921,1493,1,169,169
5797,1922,1018,3,156,468
5798,1922,1424,2,83,166
5799,1922,1245,2,176,352
5800,1922,1080,1,278,278
5801,1922,1347,3,418,1254
5802,1923,1403,1,256,256
5803,1924,1242,3,73,219
5804,1924,1061,2,55,110
5805,1924,1263,2,136,272
5806,1924,1381,3,286,858
5807,1924,1474,1,21,21
5808,1925,1469,2,362,724
5809,1925,1363,3,235,705
5810,1926,1213,3,98,294
5811,1926,1334,1,139,139
5812,1927,1034,1,422,422
5813,1927,1355,3,346,1038
5814,1927,1496,1,140,140
5815,1927,1248,3,160,480
5816,1927,1238,2,222,444
5817,1928,1268,3,347,1041
5818,1928,1032,3,244,732
5819,1928,1017,1,231,231
5820,1929,1183,2,35,70
5821,1929,1445,2,312,624
5822,1929,1469,3,362,1086
5823,1930,1019,2,107,214
5824,1930,1057,1,93,93
5825,1930,1486,2,444,888
5826,1930,1461,1,301,301
5827,1931,1181,2,51,102
5828,1932,1352,3,353,1059
5829,1932,1178,1,149,149
5830,1933,1361,3,149,447
5831,1933,1166,2,312,624
5832,1933,1290,3,341,1023
5833,1934,1230,2,309,618
5834,1934,1462,1,349,349
5835,1935,1054,1,413,413
5836,1935,1362,1,182,182
5837,1935,1263,1,136,136
5838,1936,1185,2,86,172
5839,1937,1081,2,172,344
5840,1937,1443,1,127,127
5841,1938,1249,1,183,183
5842,1939,1143,3,353,1059
5843,1939,1485,1,290,290
5844,1939,1135,1,307,307
5845,1939,1444,3,245,735
5846,1940,1051,3,57,171
5847,1940,1310,1,164,164
5848,1941,1477,1,170,170
5849,1941,1245,2,176,352
5850,1941,1460,2,182,364
5851,1941,1435,1,224,224
5852,1941,1047,2,399,798
5853,1942,1481,2,317,634
5854,1942,1387,1,252,252
5855,1942,1152,1,301,301
5856,1942,1229,1,194,194
5857,1943,1092,3,230,690
5858,1944,1202,1,303,303
5859,1944,1184,2,157,314
5860,1944,1242,1,73,73
5861,1944,1349,2,45,90
5862,1945,1117,1,67,67
5863,1945,1386,2,388,776
5864,1945,1045,1,30,30
5865,1945,1207,1,298,298
5866,1946,1301,3,103,309
5867,1946,1202,1,303,303
5868,1947,1352,1,353,353
5869,1947,1111,1,92,92
5870,1948,1046,2,368,736
5871,1948,1492,3,214,642
5872,1948,1404,3,408,1224
5873,1948,1441,2,271,542
5874,1948,1305,3,72,216
5875,1949,1359,2,47,94
5876,1950,1217,2,131,262
5877,1950,1388,2,239,478
5878,1951,1216,1,423,423
5879,1951,1275,1,186,186
5880,1952,1470,2,438,876
5881,1953,1206,3,287,861
5882,1954,1120,1,428,428
5883,1955,1258,1,448,448
5884,1955,1479,1,334,334
5885,1955,1228,1,384,384
5886,1955,1146,2,417,834
5887,1956,1328,3,213,639
5888,1956,1088,3,440,1320
5889,1956,1069,1,290,290
5890,1956,1351,3,360,1080
5891,1956,1119,3,223,669
5892,1957,1238,3,222,666
5893,1957,1199,2,107,214
5894,1957,1360,2,31,62
5895,1957,1469,3,362,1086
5896,1957,1002,2,60,120
5897,1958,1422,1,356,356
5898,1958,1431,3,258,774
5899,1958,1320,2,192,384
5900,1958,1211,2,102,204
5901,1958,1457,3,386,1158
5902,1959,1433,3,217,651
5903,1960,1015,2,283,566
5904,1960,1431,3,258,774
5905,1961,1339,2,88,176
5906,1962,1128,2,240,480
5907,1962,1168,1,321,321
5908,1962,1251,2,275,550
5909,1962,1136,3,342,1026
5910,1963,1202,1,303,303
5911,1963,1150,2,191,382
5912,1963,1219,1,317,317
5913,1963,1402,1,446,446
5914,1963,1500,3,187,561
5915,1964,1089,1,384,384
5916,1964,1314,1,274,274
5917,1965,1092,2,230,460
5918,1966,1050,3,151,453
5919,1966,1477,1,170,170
5920,1966,1237,2,417,834
5921,1966,1003,2,84,168
5922,1967,1367,3,251,753
5923,1968,1328,2,213,426
5924,1968,1046,1,368,368
5925,1969,1295,3,132,396
5926,1969,1307,2,339,678
5927,1969,1158,1,77,77
5928,1970,1325,1,441,441
5929,1970,1411,2,281,562
5930,1970,1058,1,328,328
5931,1970,1329,1,145,145
5932,1970,1354,2,347,694
5933,1971,1262,3,227,681
5934,1972,1174,3,200,600
5935,1972,1159,1,129,129
5936,1972,1498,2,159,318
5937,1972,1443,3,127,381
5938,1973,1235,2,309,618
5939,1973,1063,3,313,939
5940,1974,1471,3,96,288
5941,1975,1405,3,270,810
5942,1975,1062,3,390,1170
5943,1976,1448,2,113,226
5944,1976,1035,2,382,764
5945,1976,1457,2,386,772
5946,1976,1183,3,35,105
5947,1976,1184,2,157,314
5948,1977,1126,3,380,1140
5949,1977,1306,1,24,24
5950,1978,1182,3,116,348
5951,1978,1110,3,275,825
5952,1978,1274,1,264,264
5953,1978,1107,1,397,397
5954,1978,1018,1,156,156
5955,1979,1485,1,290,290
5956,1979,1393,3,372,1116
5957,1980,1446,2,73,146
5958,1980,1434,3,231,693
5959,1980,1310,2,164,328
5960,1981,1084,3,403,1209
5961,1981,1281,3,42,126
5962,1981,1465,3,190,570
5963,1981,1421,2,186,372
5964,1982,1403,1,256,256
5965,1982,1354,2,347,694
5966,1982,1221,2,273,546
5967,1982,1423,2,231,462
5968,1983,1179,2,335,670
5969,1983,1064,3,124,372
5970,1983,1265,1,214,214
5971,1983,1408,2,353,706
5972,1983,1088,1,440,440
5973,1984,1323,3,42,126
5974,1984,1025,2,315,630
5975,1984,1289,2,385,770
5976,1985,1310,1,164,164
5977,1985,1313,1,212,212
5978,1985,1403,1,256,256
5979,1985,1013,1,389,389
5980,1985,1304,3,411,1233
5981,1986,1083,3,170,510
5982,1987,1437,3,308,924
5983,1988,1181,2,51,102
5984,1988,1004,1,272,272
5985,1988,1328,1,213,213
5986,1989,1124,3,249,747
5987,1989,1044,2,80,160
5988,1989,1466,2,336,672
5989,1990,1435,2,224,448
5990,1990,1171,3,225,675
5991,1990,1337,1,203,203
5992,1990,1102,3,38,114
5993,1991,1462,2,349,698
5994,1991,1026,1,182,182
5995,1992,1182,2,116,232
5996,1992,1291,2,399,798
5997,1992,1110,2,275,550
5998,1992,1460,3,182,546
5999,1992,1353,2,69,138
6000,1993,1410,1,429,429
6001,1994,1321,1,372,372
6002,1994,1416,2,338,676
6003,1994,1005,3,355,1065
6004,1994,1183,1,35,35
6005,1994,1449,1,234,234
6006,1995,1314,1,274,274
6007,1995,1168,2,321,642
6008,1996,1047,1,399,399
6009,1996,1423,2,231,462
6010,1996,1340,2,256,512
6011,1996,1440,2,195,390
6012,1997,1498,2,159,318
6013,1997,1296,1,439,439
6014,1997,1027,2,376,752
6015,1997,1271,3,355,1065
6016,1998,1449,2,234,468
6017,1998,1327,1,189,189
6018,1998,1492,3,214,642
6019,1999,1055,3,132,396
6020,1999,1254,3,182,546
6021,1999,1008,3,428,1284
6022,2000,1126,1,380,380
6023,2000,1346,3,375,1125
6024,2001,1316,1,374,374
6025,2001,1329,3,145,435
6026,2001,1430,2,411,822
6027,2002,1362,1,182,182
6028,2002,1007,2,252,504
6029,2002,1200,1,370,370
6030,2002,1194,2,365,730
6031,2002,1316,2,374,748
6032,2003,1128,1,240,240
6033,2003,1080,2,278,556
6034,2003,1095,1,212,212
6035,2003,1031,2,167,334
6036,2003,1395,3,184,552
6037,2004,1339,3,88,264
6038,2005,1150,2,191,382
6039,2005,1128,3,240,720
6040,2005,1484,1,345,345
6041,2005,1123,1,134,134
6042,2005,1407,3,65,195
6043,2006,1255,2,440,880
6044,2006,1270,2,145,290
6045,2006,1350,2,341,682
6046,2007,1385,3,371,1113
6047,2007,1173,3,328,984
6048,2007,1207,1,298,298
6049,2007,1468,3,276,828
6050,2007,1021,2,158,316
6051,2008,1227,1,89,89
6052,2008,1205,2,445,890
6053,2008,1300,2,56,112
6054,2009,1256,1,395,395
6055,2009,1167,3,151,453
6056,2009,1121,2,214,428
6057,2009,1160,3,208,624
6058,2009,1161,2,439,878
6059,2010,1220,1,361,361
6060,2010,1023,3,312,936
6061,2010,1374,2,143,286
6062,2010,1409,1,346,346
6063,2010,1094,3,231,693
6064,2011,1041,2,207,414
6065,2011,1024,2,21,42
6066,2012,1397,3,152,456
6067,2012,1052,2,398,796
6068,2013,1218,1,108,108
6069,2014,1298,2,320,640
6070,2014,1013,3,389,1167
6071,2015,1411,3,281,843
6072,2015,1091,2,86,172
6073,2016,1122,3,278,834
6074,2016,1479,2,334,668
6075,2016,1295,2,132,264
6076,2016,1419,1,112,112
6077,2017,1276,3,22,66
6078,2017,1353,1,69,69
6079,2017,1494,2,93,186
6080,2017,1016,2,430,860
6081,2018,1075,3,74,222
6082,2018,1072,3,387,1161
6083,2018,1428,2,157,314
6084,2018,1171,2,225,450
6085,2019,1206,1,287,287
6086,2019,1260,1,168,168
6087,2019,1410,2,429,858
6088,2019,1171,2,225,450
6089,2019,1270,1,145,145
6090,2020,1291,3,399,1197
6091,2020,1038,1,127,127
6092,2020,1237,3,417,1251
6093,2020,1127,2,288,576
6094,2020,1419,3,112,336
6095,2021,1159,2,129,258
6096,2021,1205,2,445,890
6097,2021,1164,3,61,183
6098,2021,1142,3,124,372
6099,2022,1256,3,395,1185
6100,2022,1232,2,354,708
6101,2022,1181,1,51,51
6102,2022,1290,3,341,1023
6103,2022,1102,2,38,76
6104,2023,1396,3,301,903
6105,2023,1044,2,80,160
6106,2023,1056,3,135,405
6107,2024,1203,2,271,542
6108,2024,1189,1,186,186
6109,2024,1386,2,388,776
6110,2024,1443,2,127,254
6111,2024,1121,2,214,428
6112,2025,1324,3,202,606
6113,2025,1489,2,149,298
6114,2026,1357,3,440,1320
6115,2027,1055,2,132,264
6116,2027,1416,2,338,676
6117,2027,1485,3,290,870
6118,2028,1060,2,228,456
6119,2028,1215,3,412,1236
6120,2028,1107,3,397,1191
6121,2029,1491,3,408,1224
6122,2029,1036,2,99,198
6123,2029,1373,1,27,27
6124,2029,1059,2,190,380
6125,2030,1281,1,42,42
6126,2030,1041,2,207,414
6127,2031,1115,2,219,438
6128,2031,1028,1,95,95
6129,2032,1403,2,256,512
6130,2032,1133,1,188,188
6131,2032,1426,1,383,383
6132,2032,1069,3,290,870
6133,2032,1361,2,149,298
6134,2033,1361,3,149,447
6135,2034,1333,2,118,236
6136,2034,1137,2,421,842
6137,2034,1372,2,435,870
6138,2034,1496,1,140,140
6139,2034,1132,3,172,516
6140,2035,1304,3,411,1233
6141,2035,1409,1,346,346
6142,2035,1175,1,122,122
6143,2035,1260,3,168,504
6144,2035,1214,1,113,113
6145,2036,1229,2,194,388
6146,2036,1315,1,26,26
6147,2036,1383,2,22,44
6148,2037,1251,1,275,275
6149,2037,1218,1,108,108
6150,2038,1361,3,149,447
6151,2038,1105,3,327,981
6152,2038,1464,2,139,278
6153,2038,1252,3,272,816
6154,2039,1183,2,35,70
6155,2039,1262,2,227,454
6156,2039,1136,3,342,1026
6157,2040,1257,1,75,75
6158,2040,1273,2,63,126
6159,2040,1053,3,39,117
6160,2041,1339,2,88,176
6161,2041,1148,1,19,19
6162,2041,1157,3,175,525
6163,2041,1467,2,77,154
6164,2042,1023,3,312,936
6165,2042,1383,1,22,22
6166,2043,1124,1,249,249
6167,2044,1015,3,283,849
6168,2045,1036,2,99,198
6169,2045,1317,2,284,568
6170,2045,1169,2,39,78
6171,2045,1046,3,368,1104
6172,2046,1346,2,375,750
6173,2046,1222,3,278,834
6174,2046,1328,3,213,639
6175,2046,1202,2,303,606
6176,2046,1096,3,67,201
6177,2047,1078,2,316,632
6178,2047,1247,2,205,410
6179,2048,1126,3,380,1140
6180,2048,1095,1,212,212
6181,2048,1105,1,327,327
6182,2048,1131,1,281,281
6183,2048,1144,2,42,84
6184,2049,1222,2,278,556
6185,2050,1252,1,272,272
6186,2050,1035,2,382,764
6187,2050,1004,3,272,816
6188,2051,1091,2,86,172
6189,2051,1219,2,317,634
6190,2052,1411,3,281,843
6191,2052,1464,1,139,139
6192,2053,1155,1,35,35
6193,2053,1374,1,143,143
6194,2053,1482,3,205,615
6195,2053,1471,1,96,96
6196,2054,1392,2,212,424
6197,2054,1287,1,344,344
6198,2054,1499,3,41,123
6199,2054,1052,3,398,1194
6200,2055,1375,3,169,507
6201,2055,1042,1,424,424
6202,2056,1256,1,395,395
6203,2056,1254,3,182,546
6204,2056,1179,1,335,335
6205,2057,1150,1,191,191
6206,2057,1378,3,310,930
6207,2057,1026,2,182,364
6208,2057,1328,3,213,639
6209,2057,1141,3,433,1299
6210,2058,1143,1,353,353
6211,2058,1372,3,435,1305
6212,2058,1101,3,247,741
6213,2058,1455,2,31,62
6214,2059,1202,3,303,909
6215,2059,1030,2,441,882
6216,2059,1108,3,243,729
6217,2059,1100,1,231,231
6218,2060,1408,3,353,1059
6219,2060,1459,2,98,196
6220,2061,1143,1,353,353
6221,2061,1472,2,285,570
6222,2061,1379,2,217,434
6223,2061,1300,1,56,56
6224,2061,1457,3,386,1158
6225,2062,1035,2,382,764
6226,2062,1008,1,428,428
6227,2062,1353,2,69,138
6228,2062,1478,1,264,264
6229,2063,1173,1,328,328
6230,2063,1485,3,290,870
6231,2064,1332,2,70,140
6232,2065,1030,3,441,1323
6233,2065,1498,3,159,477
6234,2066,1058,2,328,656
6235,2066,1482,3,205,615
6236,2066,1210,1,352,352
6237,2067,1248,1,160,160
6238,2067,1404,1,408,408
6239,2067,1339,3,88,264
6240,2067,1264,3,144,432
6241,2067,1311,1,189,189
6242,2068,1263,3,136,408
6243,2068,1416,1,338,338
6244,2068,1194,3,365,1095
6245,2068,1407,1,65,65
6246,2068,1429,1,347,347
6247,2069,1013,1,389,389
6248,2069,1160,1,208,208
6249,2069,1287,3,344,1032
6250,2069,1007,2,252,504
6251,2070,1174,1,200,200
6252,2070,1217,1,131,131
6253,2070,1438,3,343,1029
6254,2070,1393,3,372,1116
6255,2070,1339,2,88,176
6256,2071,1230,3,309,927
6257,2071,1441,1,271,271
6258,2071,1008,1,428,428
6259,2072,1071,3,84,252
6260,2072,1470,2,438,876
6261,2073,1088,1,440,440
6262,2073,1416,1,338,338
6263,2074,1045,3,30,90
6264,2074,1478,2,264,528
6265,2074,1084,3,403,1209
6266,2075,1139,1,157,157
6267,2075,1029,3,168,504
6268,2076,1208,2,259,518
6269,2076,1494,2,93,186
6270,2076,1408,2,353,706
6271,2076,1003,3,84,252
6272,2077,1009,2,46,92
6273,2077,1457,3,386,1158
6274,2077,1373,2,27,54
6275,2077,1311,2,189,378
6276,2077,1187,1,98,98
6277,2078,1002,2,60,120
6278,2078,1123,3,134,402
6279,2078,1232,2,354,708
6280,2078,1365,2,260,520
6281,2079,1454,1,131,131
6282,2079,1280,1,184,184
6283,2080,1218,2,108,216
6284,2080,1318,1,448,448
6285,2080,1302,1,336,336
6286,2081,1181,2,51,102
6287,2081,1329,1,145,145
6288,2082,1277,2,60,120
6289,2082,1085,1,326,326
6290,2082,1132,3,172,516
6291,2082,1218,2,108,216
6292,2082,1354,3,347,1041
6293,2083,1308,3,359,1077
6294,2083,1033,2,416,832
6295,2083,1245,2,176,352
6296,2083,1059,2,190,380
6297,2083,1442,1,67,67
6298,2084,1059,3,190,570
6299,2085,1499,1,41,41
6300,2085,1492,1,214,214
6301,2086,1346,1,375,375
6302,2087,1406,2,43,86
6303,2087,1036,2,99,198
6304,2088,1122,2,278,556
6305,2088,1141,2,433,866
6306,2088,1368,1,302,302
6307,2088,1293,3,160,480
6308,2088,1056,3,135,405
6309,2089,1033,3,416,1248
6310,2089,1173,1,328,328
6311,2089,1377,2,183,366
6312,2089,1163,2,31,62
6313,2089,1211,2,102,204
6314,2090,1060,2,228,456
6315,2090,1082,3,40,120
6316,2091,1467,2,77,154
6317,2091,1117,2,67,134
6318,2091,1353,1,69,69
6319,2091,1060,3,228,684
6320,2091,1439,2,363,726
6321,2092,1387,2,252,504
6322,2092,1329,3,145,435
6323,2092,1287,1,344,344
6324,2092,1134,2,407,814
6325,2093,1242,3,73,219
6326,2093,1113,2,136,272
6327,2093,1484,2,345,690
6328,2094,1152,1,301,301
6329,2094,1265,3,214,642
6330,2094,1489,3,149,447
6331,2095,1085,2,326,652
6332,2095,1148,3,19,57
6333,2095,1140,3,422,1266
6334,2095,1078,1,316,316
6335,2095,1477,2,170,340
6336,2096,1033,1,416,416
6337,2096,1355,3,346,1038
6338,2096,1447,2,405,810
6339,2097,1488,3,109,327
6340,2097,1283,3,28,84
6341,2098,1415,2,111,222
6342,2098,1485,1,290,290
6343,2098,1396,1,301,301
6344,2098,1443,3,127,381
6345,2098,1076,1,180,180
6346,2099,1155,3,35,105
6347,2099,1134,1,407,407
6348,2099,1043,3,18,54
6349,2099,1375,3,169,507
6350,2099,1022,3,91,273
6351,2100,1383,1,22,22
6352,2100,1488,3,109,327
6353,2100,1009,1,46,46
6354,2101,1295,1,132,132
6355,2101,1241,1,164,164
6356,2102,1145,3,328,984
6357,2102,1175,1,122,122
6358,2102,1255,2,440,880
6359,2102,1354,1,347,347
6360,2102,1234,2,200,400
6361,2103,1397,2,152,304
6362,2103,1193,2,414,828
6363,2104,1216,1,423,423
6364,2104,1263,3,136,408
6365,2105,1274,3,264,792
6366,2105,1138,2,281,562
6367,2106,1160,2,208,416
6368,2107,1469,1,362,362
6369,2107,1395,1,184,184
6370,2107,1133,3,188,564
6371,2107,1221,2,273,546
6372,2107,1210,1,352,352
6373,2108,1255,2,440,880
6374,2108,1360,3,31,93
6375,2108,1313,2,212,424
6376,2108,1305,2,72,144
6377,2109,1413,2,124,248
6378,2110,1361,2,149,298
6379,2111,1272,1,400,400
6380,2112,1119,3,223,669
6381,2112,1052,1,398,398
6382,2113,1314,1,274,274
6383,2113,1204,3,267,801
6384,2113,1333,3,118,354
6385,2113,1382,1,76,76
6386,2113,1258,2,448,896
6387,2114,1148,2,19,38
6388,2114,1244,1,282,282
6389,2114,1230,3,309,927
6390,2114,1393,1,372,372
6391,2114,1189,3,186,558
6392,2115,1483,3,410,1230
6393,2115,1317,1,284,284
6394,2116,1387,1,252,252
6395,2117,1381,2,286,572
6396,2117,1382,2,76,152
6397,2117,1441,2,271,542
6398,2117,1315,1,26,26
6399,2117,1477,2,170,340
6400,2118,1319,1,430,430
6401,2118,1032,2,244,488
6402,2118,1466,3,336,1008
6403,2118,1116,2,99,198
6404,2118,1128,1,240,240
6405,2119,1072,3,387,1161
6406,2119,1350,2,341,682
6407,2119,1059,2,190,380
6408,2120,1265,3,214,642
6409,2120,1201,3,244,732
6410,2120,1247,2,205,410
6411,2120,1239,3,224,672
6412,2120,1082,2,40,80
6413,2121,1021,1,158,158
6414,2121,1263,3,136,408
6415,2121,1414,3,302,906
6416,2121,1187,2,98,196
6417,2122,1344,2,224,448
6418,2122,1255,3,440,1320
6419,2122,1377,1,183,183
6420,2122,1476,3,354,1062
6421,2122,1168,3,321,963
6422,2123,1038,3,127,381
6423,2123,1434,3,231,693
6424,2123,1187,2,98,196
6425,2123,1374,2,143,286
6426,2123,1458,2,272,544
6427,2124,1348,3,176,528
6428,2124,1091,3,86,258
6429,2124,1176,1,132,132
6430,2124,1008,3,428,1284
6431,2124,1446,1,73,73
6432,2125,1332,2,70,140
6433,2125,1360,3,31,93
6434,2125,1112,2,198,396
6435,2125,1133,1,188,188
6436,2126,1035,1,382,382
6437,2126,1271,2,355,710
6438,2126,1255,3,440,1320
6439,2126,1195,3,416,1248
6440,2127,1315,3,26,78
6441,2127,1193,3,414,1242
6442,2127,1264,3,144,432
6443,2127,1183,2,35,70
6444,2128,1031,3,167,501
6445,2128,1229,1,194,194
6446,2129,1168,3,321,963
6447,2129,1468,3,276,828
6448,2129,1482,2,205,410
6449,2130,1229,3,194,582
6450,2130,1432,1,133,133
6451,2130,1169,2,39,78
6452,2131,1464,1,139,139
6453,2131,1429,1,347,347
6454,2132,1142,2,124,248
6455,2132,1432,2,133,266
6456,2132,1329,2,145,290
6457,2132,1155,1,35,35
6458,2132,1457,3,386,1158
6459,2133,1009,2,46,92
6460,2133,1367,3,251,753
6461,2133,1207,1,298,298
6462,2133,1283,3,28,84
6463,2134,1226,3,170,510
6464,2134,1125,1,45,45
6465,2135,1160,2,208,416
6466,2135,1002,3,60,180
6467,2135,1317,1,284,284
6468,2135,1147,1,170,170
6469,2135,1498,2,159,318
6470,2136,1116,1,99,99
6471,2136,1494,1,93,93
6472,2136,1307,1,339,339
6473,2136,1176,2,132,264
6474,2136,1291,3,399,1197
6475,2137,1396,3,301,903
6476,2137,1045,2,30,60
6477,2138,1253,2,337,674
6478,2138,1334,1,139,139
6479,2138,1075,2,74,148
6480,2139,1395,1,184,184
6481,2139,1310,3,164,492
6482,2139,1229,3,194,582
6483,2139,1085,1,326,326
6484,2140,1097,1,371,371
6485,2140,1359,2,47,94
6486,2140,1360,2,31,62
6487,2140,1443,3,127,381
6488,2140,1269,2,357,714
6489,2141,1131,1,281,281
6490,2141,1152,3,301,903
6491,2142,1264,2,144,288
6492,2142,1278,1,145,145
6493,2142,1311,2,189,378
6494,2143,1056,1,135,135
6495,2144,1154,2,405,810
6496,2144,1021,1,158,158
6497,2144,1130,3,33,99
6498,2145,1008,3,428,1284
6499,2145,1215,2,412,824
6500,2145,1475,3,260,780
6501,2146,1360,2,31,62
6502,2146,1151,2,208,416
6503,2146,1089,2,384,768
6504,2146,1425,1,365,365
6505,2147,1084,3,403,1209
6506,2147,1239,2,224,448
6507,2147,1334,1,139,139
6508,2147,1272,1,400,400
6509,2148,1494,1,93,93
6510,2148,1486,2,444,888
6511,2148,1047,3,399,1197
6512,2148,1319,2,430,860
6513,2148,1398,3,199,597
6514,2149,1118,3,434,1302
6515,2150,1222,1,278,278
6516,2150,1287,1,344,344
6517,2150,1384,2,369,738
6518,2150,1410,2,429,858
6519,2150,1330,1,264,264
6520,2151,1297,2,50,100
6521,2151,1389,2,326,652
6522,2152,1141,1,433,433
6523,2153,1206,1,287,287
6524,2153,1203,3,271,813
6525,2153,1446,3,73,219
6526,2153,1149,2,257,514
6527,2154,1368,2,302,604
6528,2154,1387,1,252,252
6529,2154,1022,3,91,273
6530,2154,1463,2,18,36
6531,2154,1008,2,428,856
6532,2155,1234,2,200,400
6533,2155,1173,2,328,656
6534,2155,1398,2,199,398
6535,2155,1264,1,144,144
6536,2155,1449,3,234,702
6537,2156,1014,2,163,326
6538,2156,1345,2,410,820
6539,2156,1280,1,184,184
6540,2156,1149,1,257,257
6541,2157,1333,1,118,118
6542,2157,1101,2,247,494
6543,2158,1165,3,282,846
6544,2159,1103,1,238,238
6545,2160,1342,2,418,836
6546,2160,1283,3,28,84
6547,2160,1295,3,132,396
6548,2160,1105,1,327,327
6549,2161,1050,2,151,302
6550,2161,1129,1,315,315
6551,2161,1398,3,199,597
6552,2161,1355,1,346,346
6553,2161,1124,1,249,249
6554,2162,1126,2,380,760
6555,2162,1207,2,298,596
6556,2162,1007,2,252,504
6557,2162,1422,1,356,356
6558,2162,1376,1,254,254
6559,2163,1409,3,346,1038
6560,2163,1264,1,144,144
6561,2164,1164,1,61,61
6562,2164,1084,2,403,806
6563,2164,1104,2,209,418
6564,2165,1286,3,373,1119
6565,2165,1222,3,278,834
6566,2165,1084,1,403,403
6567,2165,1294,1,333,333
6568,2165,1376,3,254,762
6569,2166,1054,3,413,1239
6570,2166,1257,2,75,150
6571,2166,1412,1,22,22
6572,2166,1400,1,253,253
6573,2166,1124,1,249,249
6574,2167,1051,1,57,57
6575,2167,1319,1,430,430
6576,2167,1445,1,312,312
6577,2167,1096,1,67,67
6578,2168,1285,1,120,120
6579,2169,1118,1,434,434
6580,2169,1461,3,301,903
6581,2169,1077,1,360,360
6582,2170,1359,1,47,47
6583,2170,1403,2,256,512
6584,2171,1063,3,313,939
6585,2171,1246,3,62,186
6586,2171,1111,2,92,184
6587,2171,1019,1,107,107
6588,2172,1169,2,39,78
6589,2172,1257,3,75,225
6590,2172,1496,3,140,420
6591,2172,1062,1,390,390
6592,2172,1473,3,105,315
6593,2173,1017,1,231,231
6594,2174,1167,2,151,302
6595,2174,1438,3,343,1029
6596,2174,1188,3,128,384
6597,2174,1499,1,41,41
6598,2175,1368,1,302,302
6599,2175,1206,3,287,861
6600,2175,1248,3,160,480
6601,2175,1400,3,253,759
6602,2176,1256,2,395,790
6603,2177,1075,2,74,148
6604,2177,1435,1,224,224
6605,2178,1303,1,133,133
6606,2178,1463,1,18,18
6607,2179,1102,2,38,76
6608,2179,1188,1,128,128
6609,2179,1360,2,31,62
6610,2179,1353,1,69,69
6611,2179,1406,1,43,43
6612,2180,1035,2,382,764
6613,2180,1102,1,38,38
6614,2181,1201,3,244,732
6615,2182,1144,3,42,126
6616,2183,1368,3,302,906
6617,2183,1208,2,259,518
6618,2183,1115,2,219,438
6619,2183,1346,2,375,750
6620,2183,1306,3,24,72
6621,2184,1462,2,349,698
6622,2184,1438,2,343,686
6623,2184,1105,2,327,654
6624,2185,1227,1,89,89
6625,2185,1291,2,399,798
6626,2185,1262,1,227,227
6627,2185,1029,3,168,504
6628,2185,1135,2,307,614
6629,2186,1412,1,22,22
6630,2186,1349,1,45,45
6631,2186,1045,2,30,60
6632,2186,1438,3,343,1029
6633,2187,1369,2,235,470
6634,2187,1177,2,408,816
6635,2188,1438,1,343,343
6636,2188,1238,1,222,222
6637,2189,1423,3,231,693
6638,2189,1146,1,417,417
6639,2189,1304,1,411,411
6640,2189,1200,3,370,1110
6641,2190,1307,1,339,339
6642,2190,1118,1,434,434
6643,2191,1418,3,315,945
6644,2191,1475,1,260,260
6645,2191,1087,2,71,142
6646,2191,1377,2,183,366
6647,2192,1475,3,260,780
6648,2192,1202,3,303,909
6649,2193,1198,3,356,1068
6650,2193,1077,3,360,1080
6651,2193,1419,1,112,112
6652,2193,1114,3,55,165
6653,2193,1358,2,321,642
6654,2194,1453,1,283,283
6655,2194,1109,2,302,604
6656,2194,1263,1,136,136
6657,2195,1290,3,341,1023
6658,2195,1240,1,204,204
6659,2195,1499,3,41,123
6660,2195,1182,2,116,232
6661,2195,1322,1,187,187
6662,2196,1322,1,187,187
6663,2196,1264,2,144,288
6664,2196,1135,2,307,614
6665,2197,1143,1,353,353
6666,2197,1354,3,347,1041
6667,2197,1205,1,445,445
6668,2197,1166,1,312,312
6669,2198,1078,2,316,632
6670,2198,1469,1,362,362
6671,2198,1296,2,439,878
6672,2199,1190,2,182,364
6673,2199,1430,1,411,411
6674,2199,1016,2,430,860
6675,2200,1408,2,353,706
6676,2200,1188,3,128,384
6677,2200,1183,2,35,70
6678,2201,1390,1,180,180
6679,2201,1023,1,312,312
6680,2202,1199,1,107,107
6681,2202,1137,2,421,842
6682,2202,1438,3,343,1029
6683,2202,1094,2,231,462
6684,2202,1442,1,67,67
6685,2203,1118,1,434,434
6686,2203,1160,2,208,416
6687,2203,1213,1,98,98
6688,2203,1374,2,143,286
6689,2203,1225,1,264,264
6690,2204,1280,1,184,184
6691,2205,1157,3,175,525
6692,2205,1499,3,41,123
6693,2205,1227,2,89,178
6694,2206,1213,1,98,98
6695,2207,1442,1,67,67
6696,2207,1449,3,234,702
6697,2208,1395,1,184,184
6698,2208,1062,3,390,1170
6699,2208,1209,3,114,342
6700,2208,1182,2,116,232
6701,2208,1338,1,121,121
6702,2209,1280,3,184,552
6703,2209,1202,2,303,606
6704,2209,1010,1,243,243
6705,2209,1317,1,284,284
6706,2210,1390,2,180,360
6707,2210,1485,1,290,290
6708,2211,1017,1,231,231
6709,2211,1007,2,252,504
6710,2212,1217,1,131,131
6711,2212,1229,1,194,194
6712,2212,1001,1,54,54
6713,2212,1111,3,92,276
6714,2213,1127,2,288,576
6715,2214,1130,1,33,33
6716,2215,1167,1,151,151
6717,2215,1155,1,35,35
6718,2216,1146,1,417,417
6719,2217,1300,2,56,112
6720,2217,1195,1,416,416
6721,2217,1373,3,27,81
6722,2217,1065,3,120,360
6723,2217,1143,3,353,1059
6724,2218,1408,3,353,1059
6725,2218,1016,1,430,430
6726,2218,1209,1,114,114
6727,2218,1312,3,280,840
6728,2218,1035,1,382,382
6729,2219,1373,3,27,81
6730,2219,1061,1,55,55
6731,2220,1251,2,275,550
6732,2221,1062,1,390,390
6733,2222,1400,3,253,759
6734,2222,1071,1,84,84
6735,2222,1352,3,353,1059
6736,2222,1452,1,75,75
6737,2223,1029,3,168,504
6738,2223,1064,2,124,248
6739,2223,1451,3,182,546
6740,2223,1090,2,279,558
6741,2224,1369,1,235,235
6742,2224,1277,2,60,120
6743,2224,1358,3,321,963
6744,2225,1301,1,103,103
6745,2226,1237,2,417,834
6746,2226,1290,1,341,341
6747,2226,1305,3,72,216
6748,2227,1459,2,98,196
6749,2227,1483,2,410,820
6750,2227,1231,3,236,708
6751,2228,1226,1,170,170
6752,2228,1275,2,186,372
6753,2229,1094,1,231,231
6754,2229,1425,2,365,730
6755,2229,1236,1,197,197
6756,2229,1084,1,403,403
6757,2229,1496,3,140,420
6758,2230,1042,1,424,424
6759,2230,1490,2,232,464
6760,2230,1426,1,383,383
6761,2231,1139,1,157,157
6762,2231,1484,3,345,1035
6763,2231,1076,1,180,180
6764,2231,1500,3,187,561
6765,2232,1002,2,60,120
6766,2232,1008,2,428,856
6767,2232,1485,3,290,870
6768,2233,1365,2,260,520
6769,2233,1288,3,134,402
6770,2234,1001,3,54,162
6771,2235,1364,3,125,375
6772,2236,1144,1,42,42
6773,2237,1005,3,355,1065
6774,2237,1362,1,182,182
6775,2237,1381,1,286,286
6776,2237,1121,2,214,428
6777,2237,1444,3,245,735
6778,2238,1498,1,159,159
6779,2238,1427,1,163,163
6780,2238,1218,2,108,216
6781,2238,1302,2,336,672
6782,2239,1320,1,192,192
6783,2239,1451,1,182,182
6784,2239,1301,2,103,206
6785,2240,1195,2,416,832
6786,2240,1150,2,191,382
6787,2240,1355,2,346,692
6788,2240,1271,1,355,355
6789,2240,1180,3,150,450
6790,2241,1012,1,445,445
6791,2241,1392,3,212,636
6792,2241,1351,1,360,360
6793,2241,1488,1,109,109
6794,2241,1299,1,245,245
6795,2242,1476,2,354,708
6796,2242,1105,3,327,981
6797,2243,1309,2,18,36
6798,2243,1493,2,169,338
6799,2243,1164,1,61,61
6800,2244,1157,3,175,525
6801,2244,1149,3,257,771
6802,2245,1402,3,446,1338
6803,2246,1447,1,405,405
6804,2246,1362,2,182,364
6805,2246,1195,1,416,416
6806,2246,1445,3,312,936
6807,2247,1435,2,224,448
6808,2248,1406,1,43,43
6809,2249,1111,1,92,92
6810,2250,1472,2,285,570
6811,2250,1454,3,131,393
6812,2250,1013,3,389,1167
6813,2251,1073,1,59,59
6814,2251,1260,2,168,336
6815,2251,1372,2,435,870
6816,2252,1018,3,156,468
6817,2252,1450,1,156,156
6818,2252,1227,1,89,89
6819,2252,1243,3,242,726
6820,2253,1352,1,353,353
6821,2253,1080,2,278,556
6822,2253,1341,1,102,102
6823,2254,1192,1,238,238
6824,2254,1280,2,184,368
6825,2255,1200,2,370,740
6826,2256,1320,2,192,384
6827,2256,1106,3,344,1032
6828,2257,1269,2,357,714
6829,2257,1068,2,443,886
6830,2258,1225,1,264,264
6831,2258,1120,3,428,1284
6832,2259,1420,2,403,806
6833,2259,1195,2,416,832
6834,2259,1447,2,405,810
6835,2259,1404,3,408,1224
6836,2259,1046,2,368,736
6837,2260,1139,3,157,471
6838,2261,1092,1,230,230
6839,2261,1105,3,327,981
6840,2261,1164,3,61,183
6841,2261,1359,1,47,47
6842,2262,1350,2,341,682
6843,2262,1065,1,120,120
6844,2262,1397,3,152,456
6845,2262,1306,2,24,48
6846,2263,1391,2,273,546
6847,2263,1181,1,51,51
6848,2264,1421,1,186,186
6849,2264,1192,2,238,476
6850,2264,1113,3,136,408
6851,2264,1316,1,374,374
6852,2265,1336,2,363,726
6853,2265,1143,2,353,706
6854,2265,1145,3,328,984
6855,2265,1318,1,448,448
6856,2266,1340,1,256,256
6857,2267,1370,1,300,300
6858,2267,1120,2,428,856
6859,2267,1205,2,445,890
6860,2268,1030,2,441,882
6861,2268,1498,3,159,477
6862,2269,1404,2,408,816
6863,2269,1129,3,315,945
6864,2269,1055,2,132,264
6865,2269,1105,1,327,327
6866,2270,1468,2,276,552
6867,2270,1151,1,208,208
6868,2271,1053,2,39,78
6869,2271,1494,3,93,279
6870,2272,1029,2,168,336
6871,2273,1001,2,54,108
6872,2274,1195,1,416,416
6873,2274,1324,1,202,202
6874,2274,1273,2,63,126
6875,2274,1427,1,163,163
6876,2274,1409,3,346,1038
6877,2275,1044,3,80,240
6878,2275,1369,1,235,235
6879,2275,1091,3,86,258
6880,2275,1421,1,186,186
6881,2275,1132,1,172,172
6882,2276,1373,3,27,81
6883,2276,1492,1,214,214
6884,2276,1111,2,92,184
6885,2276,1209,2,114,228
6886,2277,1318,2,448,896
6887,2277,1254,1,182,182
6888,2277,1275,1,186,186
6889,2277,1173,2,328,656
6890,2278,1350,3,341,1023
6891,2278,1051,2,57,114
6892,2278,1388,3,239,717
6893,2279,1158,2,77,154
6894,2279,1195,2,416,832
6895,2279,1461,1,301,301
6896,2279,1133,2,188,376
6897,2280,1050,3,151,453
6898,2280,1042,3,424,1272
6899,2280,1025,3,315,945
6900,2280,1344,1,224,224
6901,2280,1007,1,252,252
6902,2281,1415,1,111,111
6903,2281,1480,2,351,702
6904,2281,1403,2,256,512
6905,2281,1092,1,230,230
6906,2281,1307,2,339,678
6907,2282,1457,2,386,772
6908,2282,1237,1,417,417
6909,2282,1012,1,445,445
6910,2282,1086,1,235,235
6911,2282,1234,1,200,200
6912,2283,1246,2,62,124
6913,2283,1409,2,346,692
6914,2283,1205,2,445,890
6915,2283,1026,2,182,364
6916,2284,1309,2,18,36
6917,2285,1081,2,172,344
6918,2285,1010,1,243,243
6919,2285,1166,1,312,312
6920,2285,1132,1,172,172
6921,2286,1159,1,129,129
6922,2287,1064,1,124,124
6923,2287,1201,2,244,488
6924,2287,1072,2,387,774
6925,2287,1312,2,280,560
6926,2287,1107,1,397,397
6927,2288,1480,1,351,351
6928,2289,1236,1,197,197
6929,2289,1045,2,30,60
6930,2290,1268,3,347,1041
6931,2290,1295,3,132,396
6932,2290,1041,1,207,207
6933,2290,1297,3,50,150
6934,2291,1353,1,69,69
6935,2292,1183,3,35,105
6936,2292,1464,1,139,139
6937,2292,1035,1,382,382
6938,2293,1412,3,22,66
6939,2293,1010,1,243,243
6940,2293,1394,2,246,492
6941,2293,1049,2,323,646
6942,2294,1306,3,24,72
6943,2294,1174,1,200,200
6944,2295,1357,2,440,880
6945,2295,1050,1,151,151
6946,2295,1204,1,267,267
6947,2295,1141,2,433,866
6948,2296,1476,2,354,708
6949,2296,1024,1,21,21
6950,2296,1498,3,159,477
6951,2297,1045,1,30,30
6952,2298,1045,3,30,90
6953,2298,1322,1,187,187
6954,2299,1383,1,22,22
6955,2299,1141,3,433,1299
6956,2299,1377,2,183,366
6957,2299,1048,3,295,885
6958,2300,1110,2,275,550
6959,2301,1359,2,47,94
6960,2301,1119,2,223,446
6961,2301,1091,1,86,86
6962,2301,1181,1,51,51
6963,2302,1066,1,54,54
6964,2303,1087,2,71,142
6965,2303,1483,1,410,410
6966,2303,1252,3,272,816
6967,2304,1293,2,160,320
6968,2304,1209,2,114,228
6969,2304,1373,2,27,54
6970,2304,1499,2,41,82
6971,2305,1486,3,444,1332
6972,2306,1193,1,414,414
6973,2307,1244,3,282,846
6974,2307,1483,3,410,1230
6975,2307,1041,1,207,207
6976,2307,1158,1,77,77
6977,2307,1193,2,414,828
6978,2308,1182,2,116,232
6979,2308,1033,2,416,832
6980,2309,1293,1,160,160
6981,2309,1228,1,384,384
6982,2309,1385,2,371,742
6983,2309,1022,2,91,182
6984,2309,1204,3,267,801
6985,2310,1134,3,407,1221
6986,2311,1399,3,347,1041
6987,2311,1294,3,333,999
6988,2311,1068,1,443,443
6989,2312,1418,1,315,315
6990,2312,1376,2,254,508
6991,2312,1210,2,352,704
6992,2313,1379,2,217,434
6993,2313,1369,3,235,705
6994,2313,1252,3,272,816
6995,2313,1027,3,376,1128
6996,2313,1139,3,157,471
6997,2314,1370,2,300,600
6998,2314,1088,3,440,1320
6999,2315,1443,1,127,127
7000,2315,1212,2,372,744
7001,2315,1194,3,365,1095
7002,2316,1165,2,282,564
7003,2316,1364,3,125,375
7004,2316,1228,2,384,768
7005,2316,1162,2,250,500
7006,2317,1118,1,434,434
7007,2317,1311,3,189,567
7008,2317,1082,1,40,40
7009,2317,1109,3,302,906
7010,2317,1038,3,127,381
7011,2318,1236,1,197,197
7012,2319,1182,2,116,232
7013,2320,1370,1,300,300
7014,2320,1278,1,145,145
7015,2320,1485,1,290,290
7016,2321,1442,3,67,201
7017,2321,1174,3,200,600
7018,2321,1101,3,247,741
7019,2321,1351,1,360,360
7020,2321,1416,3,338,1014
7021,2322,1482,3,205,615
7022,2323,1219,1,317,317
7023,2323,1228,2,384,768
7024,2323,1285,3,120,360
7025,2324,1313,2,212,424
7026,2325,1379,2,217,434
7027,2325,1279,3,104,312
7028,2325,1486,3,444,1332
7029,2326,1325,3,441,1323
7030,2326,1262,3,227,681
7031,2326,1016,2,430,860
7032,2327,1400,3,253,759
7033,2327,1171,2,225,450
7034,2327,1480,3,351,1053
7035,2328,1492,3,214,642
7036,2328,1009,3,46,138
7037,2328,1441,2,271,542
7038,2329,1078,2,316,632
7039,2329,1203,2,271,542
7040,2329,1295,3,132,396
7041,2329,1175,2,122,244
7042,2329,1094,3,231,693
7043,2330,1485,1,290,290
7044,2330,1324,3,202,606
7045,2330,1058,3,328,984
7046,2330,1341,2,102,204
7047,2330,1008,3,428,1284
7048,2331,1279,1,104,104
7049,2332,1219,2,317,634
7050,2332,1065,1,120,120
7051,2332,1393,1,372,372
7052,2333,1040,3,225,675
7053,2333,1312,3,280,840
7054,2333,1232,1,354,354
7055,2333,1110,3,275,825
7056,2334,1263,1,136,136
7057,2335,1004,1,272,272
7058,2335,1316,3,374,1122
7059,2335,1370,1,300,300
7060,2335,1301,3,103,309
7061,2336,1158,3,77,231
7062,2336,1126,1,380,380
7063,2336,1311,2,189,378
7064,2337,1368,2,302,604
7065,2337,1457,1,386,386
7066,2337,1004,1,272,272
7067,2338,1112,1,198,198
7068,2338,1203,3,271,813
7069,2339,1122,1,278,278
7070,2339,1189,1,186,186
7071,2340,1391,3,273,819
7072,2341,1446,1,73,73
7073,2342,1486,2,444,888
7074,2342,1112,2,198,396
7075,2342,1263,1,136,136
7076,2342,1016,1,430,430
7077,2343,1053,2,39,78
7078,2344,1435,2,224,448
7079,2344,1062,1,390,390
7080,2345,1144,2,42,84
7081,2345,1146,3,417,1251
7082,2345,1109,3,302,906
7083,2345,1270,3,145,435
7084,2346,1057,3,93,279
7085,2346,1401,3,189,567
7086,2346,1081,1,172,172
7087,2347,1276,1,22,22
7088,2347,1446,3,73,219
7089,2348,1293,2,160,320
7090,2348,1481,3,317,951
7091,2348,1155,3,35,105
7092,2348,1025,1,315,315
7093,2348,1135,1,307,307
7094,2349,1119,2,223,446
7095,2349,1085,2,326,652
7096,2350,1012,3,445,1335
7097,2350,1195,1,416,416
7098,2350,1162,2,250,500
7099,2351,1302,3,336,1008
7100,2351,1442,1,67,67
7101,2352,1469,3,362,1086
7102,2352,1169,3,39,117
7103,2352,1337,3,203,609
7104,2353,1436,3,210,630
7105,2353,1441,3,271,813
7106,2353,1462,1,349,349
7107,2353,1102,1,38,38
7108,2354,1331,2,296,592
7109,2355,1301,1,103,103
7110,2355,1102,1,38,38
7111,2355,1200,3,370,1110
7112,2355,1044,3,80,240
7113,2355,1008,2,428,856
7114,2356,1100,1,231,231
7115,2356,1248,2,160,320
7116,2356,1295,2,132,264
7117,2356,1138,1,281,281
7118,2357,1310,2,164,328
7119,2357,1236,1,197,197
7120,2357,1493,3,169,507
7121,2358,1051,1,57,57
7122,2358,1017,3,231,693
7123,2358,1240,1,204,204
7124,2358,1014,2,163,326
7125,2358,1242,1,73,73
7126,2359,1482,1,205,205
7127,2360,1346,2,375,750
7128,2361,1197,3,337,1011
7129,2361,1215,2,412,824
7130,2361,1135,2,307,614
7131,2361,1418,3,315,945
7132,2362,1184,1,157,157
7133,2362,1476,3,354,1062
7134,2362,1233,2,350,700
7135,2362,1343,2,116,232
7136,2363,1025,2,315,630
7137,2363,1263,2,136,272
7138,2363,1116,3,99,297
7139,2364,1474,3,21,63
7140,2364,1150,1,191,191
7141,2365,1004,2,272,544
7142,2365,1199,1,107,107
7143,2366,1002,3,60,180
7144,2367,1197,2,337,674
7145,2367,1436,1,210,210
7146,2367,1339,1,88,88
7147,2368,1114,3,55,165
7148,2368,1005,2,355,710
7149,2368,1064,3,124,372
7150,2369,1384,2,369,738
7151,2369,1141,2,433,866
7152,2369,1348,1,176,176
7153,2370,1005,2,355,710
7154,2370,1036,3,99,297
7155,2370,1227,1,89,89
7156,2370,1047,3,399,1197
7157,2371,1388,3,239,717
7158,2371,1012,3,445,1335
7159,2371,1469,1,362,362
7160,2371,1408,3,353,1059
7161,2372,1424,3,83,249
7162,2372,1133,3,188,564
7163,2372,1226,1,170,170
7164,2373,1378,2,310,620
7165,2373,1247,1,205,205
7166,2373,1032,3,244,732
7167,2374,1447,1,405,405
7168,2374,1449,2,234,468
7169,2374,1499,1,41,41
7170,2374,1200,1,370,370
7171,2374,1096,1,67,67
7172,2375,1184,1,157,157
7173,2375,1208,1,259,259
7174,2376,1451,1,182,182
7175,2376,1203,2,271,542
7176,2376,1316,3,374,1122
7177,2376,1357,1,440,440
7178,2377,1280,1,184,184
7179,2377,1427,1,163,163
7180,2377,1051,1,57,57
7181,2378,1367,2,251,502
7182,2379,1084,2,403,806
7183,2379,1338,1,121,121
7184,2380,1135,1,307,307
7185,2380,1269,3,357,1071
7186,2380,1187,2,98,196
7187,2380,1327,3,189,567
7188,2380,1016,3,430,1290
7189,2381,1419,1,112,112
7190,2381,1406,2,43,86
7191,2381,1260,1,168,168
7192,2381,1250,3,85,255
7193,2382,1257,2,75,150
7194,2382,1248,2,160,320
7195,2382,1357,3,440,1320
7196,2383,1246,2,62,124
7197,2384,1425,1,365,365
7198,2384,1151,2,208,416
7199,2384,1341,2,102,204
7200,2384,1468,3,276,828
7201,2385,1108,3,243,729
7202,2385,1091,2,86,172
7203,2385,1370,3,300,900
7204,2385,1098,1,153,153
7205,2386,1081,1,172,172
7206,2386,1136,1,342,342
7207,2386,1123,2,134,268
7208,2386,1061,2,55,110
7209,2387,1333,1,118,118
7210,2388,1243,2,242,484
7211,2388,1420,3,403,1209
7212,2388,1123,2,134,268
7213,2389,1455,2,31,62
7214,2390,1382,2,76,152
7215,2390,1087,1,71,71
7216,2390,1261,1,303,303
7217,2390,1363,3,235,705
7218,2390,1102,3,38,114
7219,2391,1206,3,287,861
7220,2391,1120,1,428,428
7221,2392,1395,2,184,368
7222,2392,1052,3,398,1194
7223,2392,1007,2,252,504
7224,2392,1071,2,84,168
7225,2392,1336,2,363,726
7226,2393,1398,2,199,398
7227,2393,1094,2,231,462
7228,2393,1164,2,61,122
7229,2394,1466,2,336,672
7230,2394,1247,3,205,615
7231,2394,1095,2,212,424
7232,2394,1352,3,353,1059
7233,2394,1090,1,279,279
7234,2395,1050,2,151,302
7235,2395,1016,2,430,860
7236,2395,1093,3,435,1305
7237,2395,1214,2,113,226
7238,2395,1359,1,47,47
7239,2396,1109,2,302,604
7240,2397,1060,2,228,456
7241,2397,1382,1,76,76
7242,2397,1059,3,190,570
7243,2397,1416,1,338,338
7244,2397,1163,3,31,93
7245,2398,1282,1,175,175
7246,2398,1405,2,270,540
7247,2399,1316,3,374,1122
7248,2399,1110,2,275,550
7249,2400,1002,2,60,120
7250,2400,1236,1,197,197
7251,2400,1183,2,35,70
7252,2400,1218,1,108,108
7253,2400,1311,2,189,378
7254,2401,1345,2,410,820
7255,2401,1245,1,176,176
7256,2401,1417,1,114,114
7257,2401,1460,1,182,182
7258,2402,1426,3,383,1149
7259,2402,1462,1,349,349
7260,2402,1290,1,341,341
7261,2403,1115,3,219,657
7262,2403,1233,3,350,1050
7263,2403,1434,1,231,231
7264,2403,1051,2,57,114
7265,2404,1477,2,170,340
7266,2404,1457,1,386,386
7267,2404,1098,2,153,306
7268,2404,1297,3,50,150
7269,2405,1354,2,347,694
7270,2405,1236,2,197,394
7271,2405,1314,3,274,822
7272,2405,1220,3,361,1083
7273,2406,1168,3,321,963
7274,2407,1002,2,60,120
7275,2408,1254,2,182,364
7276,2408,1477,2,170,340
7277,2408,1217,2,131,262
7278,2409,1254,1,182,182
7279,2409,1126,3,380,1140
7280,2410,1374,3,143,429
7281,2411,1312,2,280,560
7282,2411,1005,3,355,1065
7283,2411,1389,3,326,978
7284,2412,1116,3,99,297
7285,2412,1102,3,38,114
7286,2412,1350,2,341,682
7287,2412,1489,1,149,149
7288,2412,1188,1,128,128
7289,2413,1015,2,283,566
7290,2413,1277,2,60,120
7291,2413,1335,3,127,381
7292,2413,1304,3,411,1233
7293,2413,1270,2,145,290
7294,2414,1193,2,414,828
7295,2414,1484,3,345,1035
7296,2414,1315,2,26,52
7297,2414,1174,1,200,200
7298,2414,1245,2,176,352
7299,2415,1083,2,170,340
7300,2415,1426,2,383,766
7301,2415,1118,2,434,868
7302,2415,1126,1,380,380
7303,2415,1274,1,264,264
7304,2416,1197,1,337,337
7305,2417,1472,3,285,855
7306,2417,1166,2,312,624
7307,2417,1208,2,259,518
7308,2417,1216,2,423,846
7309,2418,1244,3,282,846
7310,2418,1048,2,295,590
7311,2418,1064,2,124,248
7312,2418,1125,1,45,45
7313,2419,1126,1,380,380
7314,2419,1139,1,157,157
7315,2419,1254,2,182,364
7316,2420,1406,2,43,86
7317,2420,1208,3,259,777
7318,2421,1147,3,170,510
7319,2421,1342,2,418,836
7320,2422,1035,2,382,764
7321,2422,1278,2,145,290
7322,2423,1447,2,405,810
7323,2424,1088,3,440,1320
7324,2424,1441,3,271,813
7325,2424,1275,1,186,186
7326,2424,1422,1,356,356
7327,2425,1109,3,302,906
7328,2425,1207,2,298,596
7329,2425,1067,3,320,960
7330,2425,1415,1,111,111
7331,2425,1297,2,50,100
7332,2426,1462,1,349,349
7333,2426,1356,3,298,894
7334,2427,1346,1,375,375
7335,2428,1142,3,124,372
7336,2428,1320,2,192,384
7337,2428,1236,3,197,591
7338,2428,1270,2,145,290
7339,2428,1185,3,86,258
7340,2429,1456,2,44,88
7341,2429,1227,3,89,267
7342,2430,1089,1,384,384
7343,2430,1160,2,208,416
7344,2431,1104,2,209,418
7345,2431,1478,1,264,264
7346,2432,1268,2,347,694
7347,2432,1171,1,225,225
7348,2432,1328,1,213,213
7349,2433,1039,1,52,52
7350,2433,1250,2,85,170
7351,2434,1004,3,272,816
7352,2434,1243,3,242,726
7353,2434,1064,3,124,372
7354,2435,1301,1,103,103
7355,2435,1319,2,430,860
7356,2435,1485,1,290,290
7357,2435,1106,3,344,1032
7358,2436,1398,3,199,597
7359,2436,1365,1,260,260
7360,2436,1001,2,54,108
7361,2436,1195,2,416,832
7362,2437,1274,3,264,792
7363,2438,1091,3,86,258
7364,2438,1421,3,186,558
7365,2438,1416,3,338,1014
7366,2439,1170,2,40,80
7367,2439,1191,3,216,648
7368,2440,1280,3,184,552
7369,2440,1228,3,384,1152
7370,2440,1246,2,62,124
7371,2440,1129,2,315,630
7372,2440,1127,3,288,864
7373,2441,1268,2,347,694
7374,2441,1286,3,373,1119
7375,2441,1261,3,303,909
7376,2442,1458,1,272,272
7377,2443,1104,1,209,209
7378,2443,1316,3,374,1122
7379,2443,1426,1,383,383
7380,2443,1465,2,190,380
7381,2444,1340,1,256,256
7382,2444,1404,2,408,816
7383,2444,1219,1,317,317
7384,2444,1296,2,439,878
7385,2444,1495,2,173,346
7386,2445,1081,2,172,344
7387,2446,1402,3,446,1338
7388,2446,1210,2,352,704
7389,2447,1271,3,355,1065
7390,2447,1297,3,50,150
7391,2447,1431,2,258,516
7392,2448,1076,2,180,360
7393,2448,1193,1,414,414
7394,2448,1109,3,302,906
7395,2448,1040,3,225,675
7396,2449,1470,2,438,876
7397,2449,1334,2,139,278
7398,2449,1286,1,373,373
7399,2449,1496,3,140,420
7400,2449,1212,2,372,744
7401,2450,1326,1,366,366
7402,2451,1278,3,145,435
7403,2452,1111,1,92,92
7404,2452,1480,3,351,1053
7405,2453,1337,1,203,203
7406,2453,1405,1,270,270
7407,2454,1353,3,69,207
7408,2454,1288,1,134,134
7409,2454,1486,1,444,444
7410,2455,1320,2,192,384
7411,2455,1248,3,160,480
7412,2455,1463,1,18,18
7413,2456,1201,1,244,244
7414,2456,1156,1,354,354
7415,2456,1287,3,344,1032
7416,2456,1086,3,235,705
7417,2456,1421,1,186,186
7418,2457,1130,3,33,99
7419,2457,1183,3,35,105
7420,2457,1478,2,264,528
7421,2457,1399,1,347,347
7422,2458,1053,2,39,78
7423,2458,1045,1,30,30
7424,2459,1151,2,208,416
7425,2459,1411,1,281,281
7426,2459,1168,1,321,321
7427,2460,1029,2,168,336
7428,2461,1317,3,284,852
7429,2461,1478,2,264,528
7430,2461,1063,2,313,626
7431,2461,1002,2,60,120
7432,2462,1169,1,39,39
7433,2462,1410,1,429,429
7434,2462,1203,2,271,542
7435,2463,1366,3,129,387
7436,2464,1021,1,158,158
7437,2464,1160,3,208,624
7438,2464,1435,3,224,672
7439,2464,1434,1,231,231
7440,2464,1047,2,399,798
7441,2465,1372,3,435,1305
7442,2466,1023,3,312,936
7443,2466,1183,2,35,70
7444,2466,1110,2,275,550
7445,2467,1061,3,55,165
7446,2467,1054,3,413,1239
7447,2467,1481,2,317,634
7448,2468,1309,3,18,54
7449,2468,1097,1,371,371
7450,2468,1140,3,422,1266
7451,2468,1398,3,199,597
7452,2469,1263,1,136,136
7453,2469,1425,3,365,1095
7454,2469,1371,2,75,150
7455,2469,1322,1,187,187
7456,2469,1068,2,443,886
7457,2470,1203,3,271,813
7458,2470,1290,1,341,341
7459,2471,1462,3,349,1047
7460,2471,1079,3,54,162
7461,2472,1103,3,238,714
7462,2472,1234,3,200,600
7463,2472,1021,2,158,316
7464,2473,1292,1,267,267
7465,2473,1189,2,186,372
7466,2473,1101,1,247,247
7467,2473,1491,1,408,408
7468,2474,1162,1,250,250
7469,2474,1411,1,281,281
7470,2474,1056,2,135,270
7471,2474,1454,2,131,262
7472,2474,1110,1,275,275
7473,2475,1042,1,424,424
7474,2475,1492,1,214,214
7475,2475,1180,3,150,450
7476,2476,1462,2,349,698
7477,2476,1468,3,276,828
7478,2476,1256,3,395,1185
7479,2477,1478,2,264,528
7480,2477,1344,1,224,224
7481,2478,1089,3,384,1152
7482,2478,1139,1,157,157
7483,2479,1491,1,408,408
7484,2479,1357,1,440,440
7485,2479,1275,3,186,558
7486,2480,1394,2,246,492
7487,2481,1185,3,86,258
7488,2481,1017,2,231,462
7489,2481,1089,1,384,384
7490,2482,1458,1,272,272
7491,2482,1286,3,373,1119
7492,2482,1390,1,180,180
7493,2482,1126,3,380,1140
7494,2483,1182,1,116,116
7495,2483,1064,2,124,248
7496,2483,1107,1,397,397
7497,2483,1089,3,384,1152
7498,2484,1453,1,283,283
7499,2484,1032,1,244,244
7500,2484,1396,2,301,602
7501,2485,1217,2,131,262
7502,2485,1267,1,415,415
7503,2485,1279,2,104,208
7504,2485,1091,1,86,86
7505,2486,1102,3,38,114
7506,2487,1241,1,164,164
7507,2487,1210,3,352,1056
7508,2487,1001,1,54,54
7509,2487,1269,2,357,714
7510,2488,1420,1,403,403
7511,2488,1212,3,372,1116
7512,2489,1451,1,182,182
7513,2489,1109,3,302,906
7514,2490,1197,3,337,1011
7515,2490,1124,2,249,498
7516,2490,1199,2,107,214
7517,2491,1329,3,145,435
7518,2491,1142,2,124,248
7519,2491,1291,1,399,399
7520,2491,1066,3,54,162
7521,2491,1093,1,435,435
7522,2492,1026,2,182,364
7523,2492,1324,2,202,404
7524,2492,1474,2,21,42
7525,2492,1165,3,282,846
7526,2493,1114,1,55,55
7527,2493,1189,2,186,372
7528,2493,1039,1,52,52
7529,2493,1236,3,197,591
7530,2494,1112,1,198,198
7531,2494,1446,3,73,219
7532,2494,1104,3,209,627
7533,2494,1421,2,186,372
7534,2495,1408,1,353,353
7535,2495,1170,2,40,80
7536,2495,1378,3,310,930
7537,2495,1029,1,168,168
7538,2496,1003,1,84,84
7539,2496,1108,2,243,486
7540,2496,1253,3,337,1011
7541,2496,1206,2,287,574
7542,2496,1418,3,315,945
7543,2497,1210,2,352,704
7544,2497,1060,1,228,228
7545,2497,1013,2,389,778
7546,2497,1482,2,205,410
7547,2498,1259,2,304,608
7548,2498,1498,2,159,318
7549,2499,1481,2,317,634
7550,2499,1433,3,217,651
7551,2499,1356,2,298,596
7552,2499,1120,2,428,856
7553,2499,1102,3,38,114
7554,2500,1247,1,205,205
7555,2501,1296,1,439,439
7556,2501,1265,3,214,642
7557,2501,1269,3,357,1071
7558,2501,1136,3,342,1026
7559,2501,1472,2,285,570
7560,2502,1344,2,224,448
7561,2503,1338,2,121,242
7562,2504,1469,1,362,362
7563,2505,1236,2,197,394
7564,2505,1492,3,214,642
7565,2506,1464,1,139,139
7566,2506,1054,3,413,1239
7567,2506,1070,2,346,692
7568,2507,1100,3,231,693
7569,2507,1485,1,290,290
7570,2507,1204,3,267,801
7571,2507,1474,3,21,63
7572,2507,1162,1,250,250
7573,2508,1330,1,264,264
7574,2508,1172,3,305,915
7575,2508,1133,1,188,188
7576,2508,1191,3,216,648
7577,2509,1162,3,250,750
7578,2509,1260,3,168,504
7579,2510,1445,3,312,936
7580,2510,1193,3,414,1242
7581,2510,1363,1,235,235
7582,2510,1221,1,273,273
7583,2510,1032,3,244,732
7584,2511,1406,3,43,129
7585,2511,1066,2,54,108
7586,2512,1152,3,301,903
7587,2512,1150,3,191,573
7588,2512,1358,2,321,642
7589,2512,1119,3,223,669
7590,2513,1488,2,109,218
7591,2513,1300,1,56,56
7592,2514,1340,3,256,768
7593,2514,1273,2,63,126
7594,2514,1047,1,399,399
7595,2514,1097,2,371,742
7596,2515,1094,2,231,462
7597,2516,1244,3,282,846
7598,2517,1385,2,371,742
7599,2517,1321,2,372,744
7600,2517,1270,2,145,290
7601,2518,1395,3,184,552
7602,2518,1258,1,448,448
7603,2518,1471,3,96,288
7604,2518,1059,3,190,570
7605,2518,1479,1,334,334
7606,2519,1494,2,93,186
7607,2519,1357,3,440,1320
7608,2519,1111,2,92,184
7609,2519,1147,2,170,340
7610,2519,1220,3,361,1083
7611,2520,1242,3,73,219
7612,2520,1132,2,172,344
7613,2520,1096,3,67,201
7614,2520,1371,1,75,75
7615,2521,1215,1,412,412
7616,2521,1439,3,363,1089
7617,2521,1096,1,67,67
7618,2521,1222,2,278,556
7619,2522,1402,3,446,1338
7620,2522,1235,2,309,618
7621,2522,1087,2,71,142
7622,2522,1148,1,19,19
7623,2523,1018,2,156,312
7624,2524,1406,2,43,86
7625,2524,1427,2,163,326
7626,2524,1020,3,347,1041
7627,2524,1405,2,270,540
7628,2525,1496,2,140,280
7629,2525,1222,3,278,834
7630,2525,1004,2,272,544
7631,2526,1014,1,163,163
7632,2527,1295,3,132,396
7633,2527,1225,3,264,792
7634,2527,1146,3,417,1251
7635,2527,1271,3,355,1065
7636,2528,1487,1,114,114
7637,2528,1045,3,30,90
7638,2528,1035,3,382,1146
7639,2529,1467,1,77,77
7640,2529,1443,2,127,254
7641,2529,1284,1,109,109
7642,2529,1118,2,434,868
7643,2529,1042,2,424,848
7644,2530,1320,1,192,192
7645,2531,1194,1,365,365
7646,2531,1176,2,132,264
7647,2532,1078,3,316,948
7648,2532,1019,3,107,321
7649,2532,1382,2,76,152
7650,2532,1384,1,369,369
7651,2532,1280,2,184,368
7652,2533,1060,2,228,456
7653,2534,1325,3,441,1323
7654,2534,1148,1,19,19
7655,2534,1154,3,405,1215
7656,2534,1400,2,253,506
7657,2534,1410,3,429,1287
7658,2535,1271,1,355,355
7659,2536,1358,3,321,963
7660,2536,1227,2,89,178
7661,2537,1484,3,345,1035
7662,2537,1480,3,351,1053
7663,2537,1349,1,45,45
7664,2538,1412,3,22,66
7665,2538,1029,1,168,168
7666,2539,1367,2,251,502
7667,2539,1335,1,127,127
7668,2539,1152,2,301,602
7669,2539,1232,3,354,1062
7670,2540,1166,2,312,624
7671,2540,1077,2,360,720
7672,2540,1403,3,256,768
7673,2541,1384,1,369,369
7674,2541,1380,1,120,120
7675,2541,1027,3,376,1128
7676,2542,1064,2,124,248
7677,2543,1057,1,93,93
7678,2543,1435,2,224,448
7679,2543,1028,3,95,285
7680,2543,1253,2,337,674
7681,2544,1015,3,283,849
7682,2545,1465,1,190,190
7683,2545,1462,2,349,698
7684,2545,1488,1,109,109
7685,2545,1416,2,338,676
7686,2545,1379,3,217,651
7687,2546,1306,2,24,48
7688,2546,1375,3,169,507
7689,2546,1135,2,307,614
7690,2547,1414,1,302,302
7691,2548,1096,3,67,201
7692,2548,1238,1,222,222
7693,2549,1231,3,236,708
7694,2549,1090,3,279,837
7695,2549,1163,2,31,62
7696,2550,1172,2,305,610
7697,2551,1489,1,149,149
7698,2551,1062,1,390,390
7699,2552,1393,1,372,372
7700,2552,1379,2,217,434
7701,2552,1291,3,399,1197
7702,2552,1278,2,145,290
7703,2553,1087,1,71,71
7704,2554,1036,2,99,198
7705,2554,1311,2,189,378
7706,2554,1244,1,282,282
7707,2554,1389,1,326,326
7708,2555,1092,1,230,230
7709,2555,1272,1,400,400
7710,2555,1104,2,209,418
7711,2556,1403,3,256,768
7712,2556,1169,1,39,39
7713,2556,1398,3,199,597
7714,2556,1084,1,403,403
7715,2556,1391,2,273,546
7716,2557,1385,1,371,371
7717,2557,1161,3,439,1317
7718,2558,1256,1,395,395
7719,2558,1463,3,18,54
7720,2558,1267,1,415,415
7721,2558,1492,1,214,214
7722,2558,1387,2,252,504
7723,2559,1364,1,125,125
7724,2560,1421,3,186,558
7725,2560,1490,1,232,232
7726,2560,1233,1,350,350
7727,2560,1085,2,326,652
7728,2561,1452,2,75,150
7729,2561,1320,1,192,192
7730,2561,1134,3,407,1221
7731,2562,1240,1,204,204
7732,2563,1432,3,133,399
7733,2563,1109,2,302,604
7734,2564,1428,2,157,314
7735,2565,1238,3,222,666
7736,2565,1306,2,24,48
7737,2565,1178,2,149,298
7738,2565,1141,2,433,866
7739,2566,1235,1,309,309
7740,2566,1284,3,109,327
7741,2566,1165,1,282,282
7742,2567,1125,2,45,90
7743,2567,1150,2,191,382
7744,2567,1325,1,441,441
7745,2567,1445,2,312,624
7746,2567,1366,3,129,387
7747,2568,1435,1,224,224
7748,2568,1414,2,302,604
7749,2568,1470,2,438,876
7750,2568,1245,2,176,352
7751,2569,1486,3,444,1332
7752,2569,1262,3,227,681
7753,2569,1098,3,153,459
7754,2570,1430,3,411,1233
7755,2570,1052,2,398,796
7756,2570,1388,2,239,478
7757,2570,1036,2,99,198
7758,2571,1498,2,159,318
7759,2571,1015,1,283,283
7760,2572,1239,1,224,224
7761,2573,1142,1,124,124
7762,2573,1376,1,254,254
7763,2573,1254,2,182,364
7764,2573,1438,3,343,1029
7765,2573,1227,2,89,178
7766,2574,1185,3,86,258
7767,2574,1071,3,84,252
7768,2574,1198,3,356,1068
7769,2574,1174,2,200,400
7770,2574,1260,1,168,168
7771,2575,1388,3,239,717
7772,2575,1269,2,357,714
7773,2575,1407,1,65,65
7774,2575,1078,1,316,316
7775,2576,1236,2,197,394
7776,2577,1241,1,164,164
7777,2577,1356,3,298,894
7778,2578,1494,2,93,186
7779,2578,1253,2,337,674
7780,2578,1318,1,448,448
7781,2578,1320,1,192,192
7782,2578,1143,1,353,353
7783,2579,1029,1,168,168
7784,2579,1121,3,214,642
7785,2579,1127,3,288,864
7786,2579,1431,2,258,516
7787,2579,1342,2,418,836
7788,2580,1414,2,302,604
7789,2580,1308,2,359,718
7790,2580,1470,3,438,1314
7791,2580,1365,1,260,260
7792,2581,1048,3,295,885
7793,2581,1032,2,244,488
7794,2581,1046,3,368,1104
7795,2581,1227,2,89,178
7796,2581,1169,1,39,39
7797,2582,1033,3,416,1248
7798,2582,1304,3,411,1233
7799,2583,1288,1,134,134
7800,2583,1120,3,428,1284
7801,2583,1112,3,198,594
7802,2584,1234,3,200,600
7803,2585,1174,2,200,400
7804,2585,1374,3,143,429
7805,2586,1370,2,300,600
7806,2586,1290,3,341,1023
7807,2586,1097,3,371,1113
7808,2586,1124,3,249,747
7809,2586,1305,2,72,144
7810,2587,1482,2,205,410
7811,2587,1298,1,320,320
7812,2587,1192,3,238,714
7813,2588,1118,2,434,868
7814,2588,1318,3,448,1344
7815,2588,1362,3,182,546
7816,2589,1339,3,88,264
7817,2589,1405,2,270,540
7818,2589,1047,2,399,798
7819,2590,1068,3,443,1329
7820,2591,1230,3,309,927
7821,2592,1228,1,384,384
7822,2592,1183,2,35,70
7823,2593,1454,2,131,262
7824,2593,1252,1,272,272
7825,2593,1244,1,282,282
7826,2594,1111,3,92,276
7827,2594,1439,3,363,1089
7828,2595,1168,2,321,642
7829,2595,1380,3,120,360
7830,2595,1373,3,27,81
7831,2596,1175,2,122,244
7832,2596,1137,1,421,421
7833,2597,1451,1,182,182
7834,2597,1247,2,205,410
7835,2598,1336,3,363,1089
7836,2598,1311,1,189,189
7837,2598,1384,3,369,1107
7838,2599,1417,2,114,228
7839,2599,1127,3,288,864
7840,2599,1490,3,232,696
7841,2600,1240,1,204,204
7842,2600,1402,2,446,892
7843,2600,1148,2,19,38
7844,2601,1261,3,303,909
7845,2601,1206,1,287,287
7846,2602,1413,1,124,124
7847,2602,1350,1,341,341
7848,2602,1146,3,417,1251
7849,2602,1013,2,389,778
7850,2603,1169,3,39,117
7851,2603,1108,3,243,729
7852,2603,1294,1,333,333
7853,2604,1344,2,224,448
7854,2605,1301,3,103,309
7855,2605,1166,1,312,312
7856,2605,1043,1,18,18
7857,2606,1111,3,92,276
7858,2606,1048,1,295,295
7859,2607,1497,2,337,674
7860,2607,1314,3,274,822
7861,2608,1119,1,223,223
7862,2608,1152,1,301,301
7863,2609,1389,3,326,978
7864,2609,1312,1,280,280
7865,2609,1374,1,143,143
7866,2609,1066,1,54,54
7867,2610,1484,3,345,1035
7868,2610,1136,3,342,1026
7869,2610,1336,1,363,363
7870,2610,1200,3,370,1110
7871,2610,1384,1,369,369
7872,2611,1333,3,118,354
7873,2611,1335,3,127,381
7874,2612,1180,2,150,300
7875,2613,1355,3,346,1038
7876,2613,1496,3,140,420
7877,2613,1267,2,415,830
7878,2613,1127,1,288,288
7879,2614,1034,2,422,844
7880,2614,1253,2,337,674
7881,2615,1474,2,21,42
7882,2615,1094,2,231,462
7883,2616,1069,1,290,290
7884,2616,1398,1,199,199
7885,2617,1103,3,238,714
7886,2617,1185,1,86,86
7887,2617,1330,1,264,264
7888,2618,1435,1,224,224
7889,2618,1396,3,301,903
7890,2618,1393,1,372,372
7891,2618,1047,1,399,399
7892,2618,1392,2,212,424
7893,2619,1057,2,93,186
7894,2620,1061,3,55,165
7895,2620,1308,1,359,359
7896,2620,1104,2,209,418
7897,2621,1030,1,441,441
7898,2622,1274,2,264,528
7899,2622,1359,1,47,47
7900,2623,1366,2,129,258
7901,2623,1426,2,383,766
7902,2624,1223,1,185,185
7903,2625,1184,1,157,157
7904,2626,1491,3,408,1224
7905,2626,1443,2,127,254
7906,2626,1005,1,355,355
7907,2626,1029,3,168,504
7908,2626,1258,3,448,1344
7909,2627,1176,2,132,264
7910,2627,1035,2,382,764
7911,2627,1097,3,371,1113
7912,2627,1487,2,114,228
7913,2628,1011,3,90,270
7914,2629,1362,3,182,546
7915,2629,1385,2,371,742
7916,2629,1428,3,157,471
7917,2630,1043,3,18,54
7918,2630,1310,3,164,492
7919,2630,1437,2,308,616
7920,2631,1227,3,89,267
7921,2631,1189,3,186,558
7922,2631,1364,3,125,375
7923,2632,1265,1,214,214
7924,2633,1079,1,54,54
7925,2633,1117,3,67,201
7926,2633,1053,1,39,39
7927,2634,1346,2,375,750
7928,2634,1248,1,160,160
7929,2635,1254,3,182,546
7930,2635,1372,3,435,1305
7931,2635,1249,1,183,183
7932,2635,1033,2,416,832
7933,2636,1383,1,22,22
7934,2636,1137,2,421,842
7935,2637,1394,3,246,738
7936,2637,1425,3,365,1095
7937,2637,1377,2,183,366
7938,2638,1012,3,445,1335
7939,2638,1089,2,384,768
7940,2638,1082,1,40,40
7941,2638,1067,2,320,640
7942,2639,1069,1,290,290
7943,2639,1196,1,367,367
7944,2639,1105,2,327,654
7945,2639,1038,2,127,254
7946,2639,1429,3,347,1041
7947,2640,1006,2,445,890
7948,2640,1003,3,84,252
7949,2640,1456,3,44,132
7950,2640,1201,3,244,732
7951,2641,1310,1,164,164
7952,2642,1100,2,231,462
7953,2642,1317,2,284,568
7954,2642,1279,3,104,312
7955,2642,1281,3,42,126
7956,2643,1492,2,214,428
7957,2644,1036,1,99,99
7958,2644,1083,1,170,170
7959,2645,1173,1,328,328
7960,2646,1101,2,247,494
7961,2646,1281,2,42,84
7962,2646,1491,2,408,816
7963,2646,1159,1,129,129
7964,2646,1225,3,264,792
7965,2647,1070,3,346,1038
7966,2647,1151,2,208,416
7967,2647,1422,3,356,1068
7968,2647,1198,2,356,712
7969,2647,1007,3,252,756
7970,2648,1214,3,113,339
7971,2648,1335,3,127,381
7972,2648,1171,1,225,225
7973,2648,1495,3,173,519
7974,2648,1210,3,352,1056
7975,2649,1065,2,120,240
7976,2649,1055,2,132,264
7977,2649,1301,1,103,103
7978,2649,1075,3,74,222
7979,2650,1294,2,333,666
7980,2650,1414,2,302,604
7981,2650,1100,2,231,462
7982,2650,1207,1,298,298
7983,2651,1175,1,122,122
7984,2651,1089,1,384,384
7985,2651,1074,3,102,306
7986,2651,1073,2,59,118
7987,2651,1164,2,61,122
7988,2652,1265,1,214,214
7989,2652,1306,3,24,72
7990,2652,1256,2,395,790
7991,2653,1499,3,41,123
7992,2653,1439,3,363,1089
7993,2653,1412,1,22,22
7994,2653,1237,2,417,834
7995,2653,1372,2,435,870
7996,2654,1217,2,131,262
7997,2654,1463,1,18,18
7998,2654,1308,3,359,1077
7999,2654,1134,2,407,814
8000,2654,1091,1,86,86
8001,2655,1398,2,199,398
8002,2655,1428,1,157,157
8003,2656,1165,3,282,846
8004,2656,1106,1,344,344
8005,2656,1282,3,175,525
8006,2656,1062,2,390,780
8007,2656,1414,2,302,604
8008,2657,1362,1,182,182
8009,2658,1310,2,164,328
8010,2659,1060,2,228,456
8011,2659,1411,2,281,562
8012,2660,1419,3,112,336
8013,2661,1421,3,186,558
8014,2662,1125,3,45,135
8015,2663,1287,2,344,688
8016,2664,1250,3,85,255
8017,2665,1325,1,441,441
8018,2665,1107,3,397,1191
8019,2666,1087,2,71,142
8020,2666,1482,1,205,205
8021,2666,1064,1,124,124
8022,2666,1214,2,113,226
8023,2667,1194,2,365,730
8024,2667,1148,3,19,57
8025,2668,1309,3,18,54
8026,2668,1060,1,228,228
8027,2669,1265,1,214,214
8028,2669,1415,1,111,111
8029,2670,1177,1,408,408
8030,2670,1194,3,365,1095
8031,2670,1488,2,109,218
8032,2671,1266,2,138,276
8033,2671,1371,2,75,150
8034,2671,1377,2,183,366
8035,2672,1184,1,157,157
8036,2672,1013,3,389,1167
8037,2672,1324,3,202,606
8038,2673,1258,2,448,896
8039,2673,1110,2,275,550
8040,2673,1174,3,200,600
8041,2673,1214,1,113,113
8042,2674,1305,2,72,144
8043,2674,1375,1,169,169
8044,2674,1149,2,257,514
8045,2674,1085,1,326,326
8046,2675,1051,3,57,171
8047,2676,1225,3,264,792
8048,2676,1192,1,238,238
8049,2677,1128,3,240,720
8050,2677,1474,1,21,21
8051,2678,1188,2,128,256
8052,2678,1158,1,77,77
8053,2679,1382,2,76,152
8054,2679,1484,1,345,345
8055,2679,1292,1,267,267
8056,2679,1065,2,120,240
8057,2679,1418,2,315,630
8058,2680,1409,2,346,692
8059,2680,1296,2,439,878
8060,2680,1307,3,339,1017
8061,2680,1423,2,231,462
8062,2680,1294,2,333,666
8063,2681,1382,1,76,76
8064,2681,1312,3,280,840
8065,2681,1078,3,316,948
8066,2682,1045,1,30,30
8067,2682,1336,1,363,363
8068,2683,1205,1,445,445
8069,2683,1421,1,186,186
8070,2683,1127,2,288,576
8071,2683,1434,3,231,693
8072,2684,1009,1,46,46
8073,2684,1474,2,21,42
8074,2684,1313,2,212,424
8075,2685,1412,1,22,22
8076,2685,1347,2,418,836
8077,2685,1354,3,347,1041
8078,2686,1156,3,354,1062
8079,2686,1282,3,175,525
8080,2686,1310,2,164,328
8081,2687,1389,2,326,652
8082,2687,1400,2,253,506
8083,2687,1372,1,435,435
8084,2687,1491,3,408,1224
8085,2687,1365,3,260,780
8086,2688,1290,3,341,1023
8087,2689,1351,3,360,1080
8088,2690,1016,1,430,430
8089,2691,1269,2,357,714
8090,2691,1304,2,411,822
8091,2692,1376,2,254,508
8092,2692,1201,3,244,732
8093,2692,1425,1,365,365
8094,2692,1336,1,363,363
8095,2693,1183,3,35,105
8096,2693,1060,1,228,228
8097,2693,1245,3,176,528
8098,2693,1427,2,163,326
8099,2693,1097,3,371,1113
8100,2694,1144,2,42,84
8101,2694,1009,1,46,46
8102,2695,1419,3,112,336
8103,2695,1333,1,118,118
8104,2695,1293,1,160,160
8105,2695,1199,2,107,214
8106,2696,1147,3,170,510
8107,2696,1485,2,290,580
8108,2696,1057,1,93,93
8109,2697,1132,2,172,344
8110,2697,1380,1,120,120
8111,2697,1057,3,93,279
8112,2698,1083,1,170,170
8113,2698,1278,1,145,145
8114,2699,1193,3,414,1242
8115,2700,1481,1,317,317
8116,2700,1196,2,367,734
8117,2700,1274,2,264,528
8118,2701,1470,2,438,876
8119,2701,1042,2,424,848
8120,2702,1053,3,39,117
8121,2702,1489,3,149,447
8122,2702,1352,1,353,353
8123,2703,1249,1,183,183
8124,2704,1416,2,338,676
8125,2704,1028,3,95,285
8126,2704,1339,2,88,176
8127,2704,1042,2,424,848
8128,2704,1091,3,86,258
8129,2705,1021,2,158,316
8130,2705,1001,3,54,162
8131,2706,1114,2,55,110
8132,2707,1243,1,242,242
8133,2707,1161,3,439,1317
8134,2708,1126,3,380,1140
8135,2708,1362,1,182,182
8136,2708,1087,3,71,213
8137,2708,1401,3,189,567
8138,2709,1057,2,93,186
8139,2709,1127,3,288,864
8140,2710,1162,1,250,250
8141,2710,1211,3,102,306
8142,2710,1136,2,342,684
8143,2711,1223,3,185,555
8144,2711,1316,2,374,748
8145,2712,1160,1,208,208
8146,2712,1124,3,249,747
8147,2712,1054,3,413,1239
8148,2712,1294,3,333,999
8149,2713,1370,1,300,300
8150,2713,1368,2,302,604
8151,2713,1469,2,362,724
8152,2713,1261,1,303,303
8153,2714,1238,1,222,222
8154,2715,1223,1,185,185
8155,2715,1206,3,287,861
8156,2715,1457,2,386,772
8157,2716,1390,1,180,180
8158,2716,1076,2,180,360
8159,2717,1333,1,118,118
8160,2717,1298,3,320,960
8161,2718,1376,1,254,254
8162,2718,1286,2,373,746
8163,2718,1018,3,156,468
8164,2718,1010,1,243,243
8165,2718,1288,1,134,134
8166,2719,1227,1,89,89
8167,2719,1152,1,301,301
8168,2719,1173,1,328,328
8169,2720,1187,1,98,98
8170,2721,1095,3,212,636
8171,2721,1344,2,224,448
8172,2721,1279,2,104,208
8173,2721,1212,1,372,372
8174,2721,1129,1,315,315
8175,2722,1452,1,75,75
8176,2722,1454,2,131,262
8177,2722,1404,3,408,1224
8178,2722,1335,2,127,254
8179,2722,1315,3,26,78
8180,2723,1020,2,347,694
8181,2723,1453,3,283,849
8182,2723,1055,1,132,132
8183,2723,1105,1,327,327
8184,2723,1297,3,50,150
8185,2724,1127,2,288,576
8186,2724,1494,2,93,186
8187,2724,1387,2,252,504
8188,2724,1364,2,125,250
8189,2724,1464,3,139,417
8190,2725,1081,2,172,344
8191,2725,1307,1,339,339
8192,2725,1135,3,307,921
8193,2725,1179,3,335,1005
8194,2725,1245,2,176,352
8195,2726,1450,2,156,312
8196,2727,1086,1,235,235
8197,2727,1064,1,124,124
8198,2728,1486,2,444,888
8199,2728,1347,2,418,836
8200,2728,1056,2,135,270
8201,2729,1409,1,346,346
8202,2730,1222,3,278,834
8203,2730,1132,1,172,172
8204,2731,1221,3,273,819
8205,2731,1049,3,323,969
8206,2731,1493,1,169,169
8207,2731,1350,2,341,682
8208,2731,1145,2,328,656
8209,2732,1164,3,61,183
8210,2732,1289,2,385,770
8211,2732,1399,2,347,694
8212,2733,1366,3,129,387
8213,2734,1490,1,232,232
8214,2735,1083,1,170,170
8215,2735,1167,1,151,151
8216,2736,1276,3,22,66
8217,2736,1126,2,380,760
8218,2736,1291,3,399,1197
8219,2736,1100,2,231,462
8220,2737,1444,1,245,245
8221,2738,1335,1,127,127
8222,2739,1380,2,120,240
8223,2739,1485,1,290,290
8224,2739,1137,2,421,842
8225,2740,1274,2,264,528
8226,2740,1095,2,212,424
8227,2741,1491,1,408,408
8228,2742,1131,1,281,281
8229,2742,1201,2,244,488
8230,2742,1074,2,102,204
8231,2743,1200,3,370,1110
8232,2743,1478,2,264,528
8233,2743,1057,2,93,186
8234,2743,1199,2,107,214
8235,2744,1236,3,197,591
8236,2744,1012,1,445,445
8237,2744,1386,1,388,388
8238,2744,1352,1,353,353
8239,2744,1024,2,21,42
8240,2745,1205,2,445,890
8241,2746,1445,3,312,936
8242,2747,1441,3,271,813
8243,2747,1195,3,416,1248
8244,2747,1174,3,200,600
8245,2747,1350,2,341,682
8246,2747,1357,3,440,1320
8247,2748,1292,1,267,267
8248,2748,1261,2,303,606
8249,2748,1267,1,415,415
8250,2749,1217,2,131,262
8251,2749,1355,1,346,346
8252,2749,1388,1,239,239
8253,2749,1440,3,195,585
8254,2750,1449,2,234,468
8255,2750,1203,1,271,271
8256,2750,1236,3,197,591
8257,2751,1265,2,214,428
8258,2751,1264,2,144,288
8259,2752,1153,2,336,672
8260,2752,1294,3,333,999
8261,2752,1293,3,160,480
8262,2753,1206,1,287,287
8263,2753,1354,1,347,347
8264,2753,1086,2,235,470
8265,2753,1446,1,73,73
8266,2754,1498,1,159,159
8267,2754,1134,2,407,814
8268,2755,1391,3,273,819
8269,2755,1199,2,107,214
8270,2755,1245,3,176,528
8271,2755,1479,2,334,668
8272,2755,1264,2,144,288
8273,2756,1258,1,448,448
8274,2756,1048,1,295,295
8275,2757,1164,2,61,122
8276,2757,1117,3,67,201
8277,2758,1184,1,157,157
8278,2758,1371,3,75,225
8279,2758,1339,1,88,88
8280,2758,1064,1,124,124
8281,2759,1077,3,360,1080
8282,2759,1417,1,114,114
8283,2759,1319,3,430,1290
8284,2759,1258,2,448,896
8285,2759,1349,1,45,45
8286,2760,1055,2,132,264
8287,2760,1442,1,67,67
8288,2760,1349,2,45,90
8289,2760,1069,1,290,290
8290,2761,1234,3,200,600
8291,2761,1044,1,80,80
8292,2761,1316,3,374,1122
8293,2761,1440,2,195,390
8294,2762,1038,3,127,381
8295,2762,1018,2,156,312
8296,2762,1242,1,73,73
8297,2762,1366,3,129,387
8298,2763,1407,3,65,195
8299,2764,1313,2,212,424
8300,2765,1238,2,222,444
8301,2765,1188,1,128,128
8302,2765,1440,3,195,585
8303,2765,1029,2,168,336
8304,2765,1419,1,112,112
8305,2766,1421,2,186,372
8306,2766,1247,2,205,410
8307,2766,1271,2,355,710
8308,2766,1045,2,30,60
8309,2766,1370,1,300,300
8310,2767,1079,3,54,162
8311,2767,1182,1,116,116
8312,2767,1495,1,173,173
8313,2767,1254,2,182,364
8314,2768,1231,2,236,472
8315,2768,1424,2,83,166
8316,2768,1229,2,194,388
8317,2768,1065,2,120,240
8318,2768,1045,2,30,60
8319,2769,1032,3,244,732
8320,2770,1304,3,411,1233
8321,2771,1040,2,225,450
8322,2771,1293,2,160,320
8323,2771,1285,1,120,120
8324,2772,1323,1,42,42
8325,2772,1302,2,336,672
8326,2773,1358,3,321,963
8327,2773,1461,2,301,602
8328,2774,1055,2,132,264
8329,2775,1249,3,183,549
8330,2776,1291,2,399,798
8331,2776,1353,3,69,207
8332,2777,1165,2,282,564
8333,2777,1340,1,256,256
8334,2777,1462,3,349,1047
8335,2777,1144,3,42,126
8336,2778,1165,1,282,282
8337,2778,1293,3,160,480
8338,2778,1243,2,242,484
8339,2778,1254,3,182,546
8340,2778,1185,1,86,86
8341,2779,1063,1,313,313
8342,2779,1492,2,214,428
8343,2779,1455,3,31,93
8344,2779,1497,3,337,1011
8345,2779,1306,3,24,72
8346,2780,1159,3,129,387
8347,2780,1173,1,328,328
8348,2780,1218,3,108,324
8349,2780,1331,1,296,296
8350,2781,1421,1,186,186
8351,2782,1382,1,76,76
8352,2782,1144,1,42,42
8353,2783,1175,1,122,122
8354,2783,1282,1,175,175
8355,2783,1113,3,136,408
8356,2783,1432,1,133,133
8357,2784,1263,2,136,272
8358,2785,1048,1,295,295
8359,2786,1475,3,260,780
8360,2786,1356,3,298,894
8361,2786,1436,1,210,210
8362,2786,1398,2,199,398
8363,2787,1434,1,231,231
8364,2788,1270,2,145,290
8365,2788,1482,2,205,410
8366,2788,1379,2,217,434
8367,2789,1356,1,298,298
8368,2789,1215,1,412,412
8369,2789,1443,1,127,127
8370,2789,1283,2,28,56
8371,2790,1161,3,439,1317
8372,2790,1144,1,42,42
8373,2790,1230,1,309,309
8374,2790,1454,3,131,393
8375,2790,1127,3,288,864
8376,2791,1092,1,230,230
8377,2791,1476,3,354,1062
8378,2791,1203,1,271,271
8379,2791,1149,2,257,514
8380,2792,1310,2,164,328
8381,2793,1240,3,204,612
8382,2793,1357,2,440,880
8383,2793,1232,2,354,708
8384,2794,1226,2,170,340
8385,2794,1077,3,360,1080
8386,2794,1435,2,224,448
8387,2794,1383,1,22,22
8388,2795,1175,1,122,122
8389,2795,1094,1,231,231
8390,2796,1287,3,344,1032
8391,2797,1313,3,212,636
8392,2798,1297,2,50,100
8393,2798,1461,3,301,903
8394,2798,1038,3,127,381
8395,2798,1138,2,281,562
8396,2799,1410,3,429,1287
8397,2799,1401,3,189,567
8398,2799,1333,2,118,236
8399,2799,1323,2,42,84
8400,2799,1249,1,183,183
8401,2800,1047,2,399,798
8402,2800,1142,3,124,372
8403,2800,1407,1,65,65
8404,2800,1244,3,282,846
8405,2801,1171,3,225,675
8406,2802,1183,3,35,105
8407,2802,1251,1,275,275
8408,2802,1197,3,337,1011
8409,2802,1098,1,153,153
8410,2802,1307,2,339,678
8411,2803,1418,1,315,315
8412,2803,1010,1,243,243
8413,2803,1036,1,99,99
8414,2803,1452,1,75,75
8415,2804,1216,2,423,846
8416,2804,1246,1,62,62
8417,2805,1228,2,384,768
8418,2805,1335,3,127,381
8419,2805,1341,1,102,102
8420,2805,1026,1,182,182
8421,2806,1476,1,354,354
8422,2806,1266,1,138,138
8423,2806,1208,1,259,259
8424,2807,1333,2,118,236
8425,2807,1164,2,61,122
8426,2807,1147,1,170,170
8427,2807,1449,3,234,702
8428,2807,1303,2,133,266
8429,2808,1473,1,105,105
8430,2809,1029,2,168,336
8431,2809,1349,1,45,45
8432,2810,1051,3,57,171
8433,2810,1376,2,254,508
8434,2810,1198,1,356,356
8435,2811,1222,1,278,278
8436,2811,1347,1,418,418
8437,2811,1074,1,102,102
8438,2811,1197,1,337,337
8439,2811,1160,3,208,624
8440,2812,1302,3,336,1008
8441,2813,1258,1,448,448
8442,2814,1031,2,167,334
8443,2814,1127,3,288,864
8444,2815,1242,3,73,219
8445,2815,1323,1,42,42
8446,2815,1248,3,160,480
8447,2815,1186,3,223,669
8448,2816,1262,2,227,454
8449,2816,1304,3,411,1233
8450,2816,1370,1,300,300
8451,2816,1286,2,373,746
8452,2816,1363,3,235,705
8453,2817,1089,2,384,768
8454,2817,1473,1,105,105
8455,2817,1325,2,441,882
8456,2817,1193,3,414,1242
8457,2817,1293,2,160,320
8458,2818,1008,3,428,1284
8459,2818,1075,3,74,222
8460,2818,1046,2,368,736
8461,2818,1100,1,231,231
8462,2818,1201,3,244,732
8463,2819,1191,3,216,648
8464,2819,1040,3,225,675
8465,2819,1193,2,414,828
8466,2819,1386,2,388,776
8467,2820,1430,3,411,1233
8468,2820,1417,2,114,228
8469,2820,1345,2,410,820
8470,2820,1435,1,224,224
8471,2821,1437,2,308,616
8472,2822,1301,2,103,206
8473,2822,1025,2,315,630
8474,2822,1489,3,149,447
8475,2822,1151,1,208,208
8476,2823,1119,3,223,669
8477,2823,1008,3,428,1284
8478,2824,1259,3,304,912
8479,2825,1476,2,354,708
8480,2826,1329,3,145,435
8481,2826,1010,1,243,243
8482,2826,1211,2,102,204
8483,2826,1360,1,31,31
8484,2827,1305,2,72,144
8485,2828,1434,2,231,462
8486,2828,1367,3,251,753
8487,2829,1099,1,287,287
8488,2830,1081,1,172,172
8489,2830,1252,1,272,272
8490,2830,1452,2,75,150
8491,2830,1466,1,336,336
8492,2830,1421,2,186,372
8493,2831,1287,1,344,344
8494,2832,1402,2,446,892
8495,2832,1275,2,186,372
8496,2832,1299,3,245,735
8497,2833,1022,2,91,182
8498,2833,1424,1,83,83
8499,2834,1062,1,390,390
8500,2834,1412,1,22,22
8501,2835,1320,3,192,576
8502,2836,1465,3,190,570
8503,2836,1308,3,359,1077
8504,2836,1130,1,33,33
8505,2837,1376,2,254,508
8506,2837,1010,2,243,486
8507,2837,1364,2,125,250
8508,2837,1042,2,424,848
8509,2837,1158,3,77,231
8510,2838,1487,1,114,114
8511,2838,1432,3,133,399
8512,2838,1263,2,136,272
8513,2838,1418,3,315,945
8514,2839,1029,3,168,504
8515,2839,1153,3,336,1008
8516,2839,1067,3,320,960
8517,2839,1381,1,286,286
8518,2839,1500,1,187,187
8519,2840,1055,2,132,264
8520,2840,1173,3,328,984
8521,2840,1220,3,361,1083
8522,2840,1232,1,354,354
8523,2841,1335,2,127,254
8524,2841,1350,2,341,682
8525,2841,1234,3,200,600
8526,2842,1457,3,386,1158
8527,2842,1362,2,182,364
8528,2842,1268,3,347,1041
8529,2842,1414,3,302,906
8530,2842,1323,1,42,42
8531,2843,1371,2,75,150
8532,2844,1426,1,383,383
8533,2844,1392,1,212,212
8534,2844,1449,3,234,702
8535,2844,1410,3,429,1287
8536,2845,1460,2,182,364
8537,2845,1117,3,67,201
8538,2845,1379,2,217,434
8539,2845,1347,2,418,836
8540,2846,1051,1,57,57
8541,2846,1303,3,133,399
8542,2847,1018,1,156,156
8543,2847,1457,1,386,386
8544,2847,1405,1,270,270
8545,2848,1462,3,349,1047
8546,2848,1158,2,77,154
8547,2848,1285,2,120,240
8548,2848,1084,3,403,1209
8549,2848,1148,1,19,19
8550,2849,1185,2,86,172
8551,2849,1195,3,416,1248
8552,2850,1157,2,175,350
8553,2851,1195,3,416,1248
8554,2851,1424,1,83,83
8555,2851,1352,1,353,353
8556,2851,1323,3,42,126
8557,2852,1051,2,57,114
8558,2852,1500,1,187,187
8559,2852,1073,2,59,118
8560,2852,1158,2,77,154
8561,2853,1242,1,73,73
8562,2853,1007,3,252,756
8563,2853,1464,3,139,417
8564,2854,1265,1,214,214
8565,2854,1320,2,192,384
8566,2854,1346,1,375,375
8567,2854,1142,1,124,124
8568,2854,1396,2,301,602
8569,2855,1083,2,170,340
8570,2856,1301,2,103,206
8571,2856,1445,2,312,624
8572,2857,1050,1,151,151
8573,2857,1124,2,249,498
8574,2857,1342,2,418,836
8575,2858,1130,2,33,66
8576,2858,1140,2,422,844
8577,2859,1372,1,435,435
8578,2860,1494,2,93,186
8579,2860,1397,2,152,304
8580,2860,1105,1,327,327
8581,2860,1460,3,182,546
8582,2861,1083,2,170,340
8583,2861,1446,2,73,146
8584,2861,1205,1,445,445
8585,2861,1448,3,113,339
8586,2862,1267,3,415,1245
8587,2862,1053,2,39,78
8588,2862,1171,2,225,450
8589,2862,1260,2,168,336
8590,2862,1314,2,274,548
8591,2863,1166,2,312,624
8592,2863,1019,2,107,214
8593,2863,1194,1,365,365
8594,2863,1010,2,243,486
8595,2863,1048,3,295,885
8596,2864,1397,1,152,152
8597,2864,1017,3,231,693
8598,2864,1469,1,362,362
8599,2865,1287,1,344,344
8600,2865,1494,3,93,279
8601,2865,1270,3,145,435
8602,2865,1452,1,75,75
8603,2865,1087,1,71,71
8604,2866,1152,1,301,301
8605,2867,1427,1,163,163
8606,2867,1103,2,238,476
8607,2867,1461,1,301,301
8608,2867,1317,1,284,284
8609,2867,1460,3,182,546
8610,2868,1490,1,232,232
8611,2868,1071,3,84,252
8612,2868,1252,3,272,816
8613,2868,1191,3,216,648
8614,2869,1182,2,116,232
8615,2869,1203,1,271,271
8616,2869,1281,1,42,42
8617,2869,1366,3,129,387
8618,2870,1023,1,312,312
8619,2871,1280,3,184,552
8620,2871,1362,3,182,546
8621,2871,1118,3,434,1302
8622,2872,1091,1,86,86
8623,2872,1447,2,405,810
8624,2872,1085,1,326,326
8625,2872,1210,2,352,704
8626,2872,1356,3,298,894
8627,2873,1435,3,224,672
8628,2873,1484,2,345,690
8629,2873,1069,3,290,870
8630,2873,1304,3,411,1233
8631,2874,1249,2,183,366
8632,2874,1477,3,170,510
8633,2874,1189,2,186,372
8634,2874,1416,2,338,676
8635,2874,1458,2,272,544
8636,2875,1357,2,440,880
8637,2875,1075,2,74,148
8638,2876,1352,2,353,706
8639,2876,1216,2,423,846
8640,2876,1295,1,132,132
8641,2876,1269,3,357,1071
8642,2876,1350,3,341,1023
8643,2877,1396,1,301,301
8644,2878,1487,3,114,342
8645,2878,1442,1,67,67
8646,2879,1283,3,28,84
8647,2880,1214,3,113,339
8648,2881,1410,1,429,429
8649,2881,1441,3,271,813
8650,2881,1438,2,343,686
8651,2881,1472,2,285,570
8652,2881,1121,3,214,642
8653,2882,1468,1,276,276
8654,2883,1397,2,152,304
8655,2883,1394,3,246,738
8656,2883,1233,2,350,700
8657,2884,1089,2,384,768
8658,2884,1001,3,54,162
8659,2884,1367,2,251,502
8660,2884,1422,1,356,356
8661,2884,1460,2,182,364
8662,2885,1224,3,268,804
8663,2885,1082,3,40,120
8664,2885,1240,2,204,408
8665,2886,1380,1,120,120
8666,2887,1188,3,128,384
8667,2887,1050,2,151,302
8668,2887,1173,2,328,656
8669,2887,1089,1,384,384
8670,2887,1358,2,321,642
8671,2888,1007,2,252,504
8672,2888,1241,3,164,492
8673,2888,1024,1,21,21
8674,2888,1011,1,90,90
8675,2889,1395,3,184,552
8676,2889,1165,1,282,282
8677,2889,1290,3,341,1023
8678,2889,1445,3,312,936
8679,2890,1208,2,259,518
8680,2890,1366,1,129,129
8681,2890,1433,2,217,434
8682,2891,1411,1,281,281
8683,2892,1208,1,259,259
8684,2892,1138,1,281,281
8685,2892,1305,1,72,72
8686,2893,1136,1,342,342
8687,2893,1101,1,247,247
8688,2893,1111,2,92,184
8689,2894,1186,1,223,223
8690,2894,1283,3,28,84
8691,2894,1361,3,149,447
8692,2894,1109,1,302,302
8693,2895,1104,2,209,418
8694,2895,1123,1,134,134
8695,2895,1308,3,359,1077
8696,2895,1176,1,132,132
8697,2895,1101,3,247,741
8698,2896,1418,2,315,630
8699,2896,1234,2,200,400
8700,2896,1177,2,408,816
8701,2897,1002,1,60,60
8702,2897,1141,1,433,433
8703,2897,1499,1,41,41
8704,2898,1445,2,312,624
8705,2898,1302,1,336,336
8706,2898,1024,1,21,21
8707,2898,1474,1,21,21
8708,2898,1235,2,309,618
8709,2899,1394,1,246,246
8710,2899,1076,1,180,180
8711,2900,1098,3,153,459
8712,2900,1188,2,128,256
8713,2900,1489,1,149,149
8714,2900,1301,2,103,206
8715,2900,1239,1,224,224
8716,2901,1317,2,284,568
8717,2901,1083,1,170,170
8718,2901,1101,1,247,247
8719,2901,1053,1,39,39
8720,2901,1338,2,121,242
8721,2902,1043,2,18,36
8722,2902,1009,2,46,92
8723,2902,1438,1,343,343
8724,2903,1444,1,245,245
8725,2903,1048,3,295,885
8726,2903,1481,1,317,317
8727,2903,1470,1,438,438
8728,2904,1343,2,116,232
8729,2904,1133,3,188,564
8730,2904,1058,3,328,984
8731,2904,1329,3,145,435
8732,2905,1460,1,182,182
8733,2905,1386,2,388,776
8734,2905,1336,1,363,363
8735,2905,1194,3,365,1095
8736,2906,1389,3,326,978
8737,2906,1140,3,422,1266
8738,2906,1450,3,156,468
8739,2906,1104,2,209,418
8740,2907,1349,3,45,135
8741,2907,1389,3,326,978
8742,2908,1145,2,328,656
8743,2908,1163,2,31,62
8744,2909,1449,3,234,702
8745,2909,1278,2,145,290
8746,2910,1016,1,430,430
8747,2910,1166,3,312,936
8748,2910,1262,2,227,454
8749,2910,1100,1,231,231
8750,2910,1121,3,214,642
8751,2911,1071,1,84,84
8752,2912,1258,3,448,1344
8753,2912,1087,3,71,213
8754,2913,1117,2,67,134
8755,2913,1450,3,156,468
8756,2913,1100,3,231,693
8757,2913,1368,1,302,302
8758,2913,1075,1,74,74
8759,2914,1092,3,230,690
8760,2915,1048,3,295,885
8761,2916,1110,1,275,275
8762,2916,1154,1,405,405
8763,2917,1333,1,118,118
8764,2917,1191,1,216,216
8765,2917,1402,2,446,892
8766,2918,1327,3,189,567
8767,2918,1199,1,107,107
8768,2919,1256,2,395,790
8769,2919,1467,3,77,231
8770,2920,1015,1,283,283
8771,2920,1050,1,151,151
8772,2920,1293,2,160,320
8773,2920,1023,2,312,624
8774,2920,1068,2,443,886
8775,2921,1337,1,203,203
8776,2922,1175,2,122,244
8777,2922,1339,3,88,264
8778,2922,1164,2,61,122
8779,2923,1280,1,184,184
8780,2923,1165,3,282,846
8781,2923,1008,2,428,856
8782,2923,1330,3,264,792
8783,2923,1134,1,407,407
8784,2924,1089,3,384,1152
8785,2924,1290,2,341,682
8786,2924,1390,1,180,180
8787,2924,1321,1,372,372
8788,2924,1230,1,309,309
8789,2925,1309,3,18,54
8790,2926,1304,1,411,411
8791,2927,1159,3,129,387
8792,2927,1206,1,287,287
8793,2927,1417,2,114,228
8794,2928,1388,3,239,717
8795,2928,1072,3,387,1161
8796,2929,1383,2,22,44
8797,2930,1480,1,351,351
8798,2930,1136,3,342,1026
8799,2930,1058,2,328,656
8800,2930,1266,3,138,414
8801,2931,1006,1,445,445
8802,2931,1417,3,114,342
8803,2931,1354,1,347,347
8804,2931,1433,2,217,434
8805,2932,1117,3,67,201
8806,2933,1008,3,428,1284
8807,2933,1323,3,42,126
8808,2933,1070,2,346,692
8809,2933,1453,3,283,849
8810,2934,1292,3,267,801
8811,2934,1073,2,59,118
8812,2934,1402,2,446,892
8813,2934,1060,3,228,684
8814,2934,1199,2,107,214
8815,2935,1483,2,410,820
8816,2936,1469,2,362,724
8817,2936,1096,3,67,201
8818,2937,1478,1,264,264
8819,2938,1054,3,413,1239
8820,2938,1145,1,328,328
8821,2938,1024,1,21,21
8822,2938,1338,3,121,363
8823,2938,1192,2,238,476
8824,2939,1225,3,264,792
8825,2939,1489,1,149,149
8826,2940,1168,1,321,321
8827,2941,1499,2,41,82
8828,2941,1133,2,188,376
8829,2942,1409,1,346,346
8830,2943,1055,2,132,264
8831,2943,1195,3,416,1248
8832,2943,1110,1,275,275
8833,2944,1394,1,246,246
8834,2944,1323,1,42,42
8835,2945,1227,3,89,267
8836,2945,1047,1,399,399
8837,2945,1022,1,91,91
8838,2945,1463,2,18,36
8839,2946,1377,3,183,549
8840,2946,1210,3,352,1056
8841,2946,1467,2,77,154
8842,2946,1136,1,342,342
8843,2946,1181,2,51,102
8844,2947,1269,2,357,714
8845,2947,1460,3,182,546
8846,2947,1319,2,430,860
8847,2947,1440,2,195,390
8848,2947,1216,1,423,423
8849,2948,1289,1,385,385
8850,2948,1180,2,150,300
8851,2948,1067,1,320,320
8852,2948,1480,3,351,1053
8853,2949,1289,3,385,1155
8854,2949,1297,3,50,150
8855,2949,1331,3,296,888
8856,2949,1115,3,219,657
8857,2949,1461,2,301,602
8858,2950,1069,1,290,290
8859,2951,1460,2,182,364
8860,2951,1432,3,133,399
8861,2951,1249,1,183,183
8862,2951,1316,1,374,374
8863,2952,1061,1,55,55
8864,2952,1351,2,360,720
8865,2952,1442,2,67,134
8866,2952,1497,2,337,674
8867,2953,1105,3,327,981
8868,2953,1094,1,231,231
8869,2953,1287,3,344,1032
8870,2954,1040,1,225,225
8871,2954,1420,2,403,806
8872,2954,1483,3,410,1230
8873,2954,1356,1,298,298
8874,2955,1133,2,188,376
8875,2955,1444,3,245,735
8876,2955,1061,1,55,55
8877,2955,1284,3,109,327
8878,2956,1484,1,345,345
8879,2956,1466,2,336,672
8880,2956,1039,3,52,156
8881,2957,1374,2,143,286
8882,2957,1251,1,275,275
8883,2957,1209,1,114,114
8884,2958,1268,2,347,694
8885,2958,1134,1,407,407
8886,2958,1496,2,140,280
8887,2959,1298,3,320,960
8888,2960,1237,2,417,834
8889,2960,1272,3,400,1200
8890,2960,1008,1,428,428
8891,2961,1420,3,403,1209
8892,2961,1407,3,65,195
8893,2961,1319,1,430,430
8894,2962,1249,3,183,549
8895,2963,1301,1,103,103
8896,2963,1089,2,384,768
8897,2963,1213,2,98,196
8898,2964,1360,3,31,93
8899,2964,1241,1,164,164
8900,2964,1430,2,411,822
8901,2965,1061,1,55,55
8902,2965,1012,1,445,445
8903,2966,1027,2,376,752
8904,2966,1391,2,273,546
8905,2967,1104,2,209,418
8906,2968,1125,3,45,135
8907,2968,1024,3,21,63
8908,2968,1472,1,285,285
8909,2968,1476,3,354,1062
8910,2968,1080,3,278,834
8911,2969,1301,3,103,309
8912,2969,1071,2,84,168
8913,2969,1405,1,270,270
8914,2969,1433,1,217,217
8915,2970,1276,3,22,66
8916,2970,1426,2,383,766
8917,2970,1141,2,433,866
8918,2970,1418,2,315,630
8919,2970,1047,3,399,1197
8920,2971,1153,3,336,1008
8921,2971,1295,2,132,264
8922,2971,1303,3,133,399
8923,2971,1473,3,105,315
8924,2972,1309,2,18,36
8925,2972,1116,2,99,198
8926,2972,1281,1,42,42
8927,2972,1324,3,202,606
8928,2973,1314,1,274,274
8929,2973,1021,2,158,316
8930,2973,1419,2,112,224
8931,2973,1263,2,136,272
8932,2973,1132,2,172,344
8933,2974,1190,2,182,364
8934,2974,1159,3,129,387
8935,2975,1391,1,273,273
8936,2975,1140,2,422,844
8937,2975,1137,3,421,1263
8938,2976,1447,1,405,405
8939,2976,1421,3,186,558
8940,2977,1085,1,326,326
8941,2978,1277,2,60,120
8942,2978,1038,1,127,127
8943,2979,1077,2,360,720
8944,2979,1297,1,50,50
8945,2980,1376,2,254,508
8946,2980,1213,3,98,294
8947,2980,1313,3,212,636
8948,2980,1370,2,300,600
8949,2981,1450,3,156,468
8950,2982,1487,3,114,342
8951,2982,1410,3,429,1287
8952,2983,1405,1,270,270
8953,2984,1112,2,198,396
8954,2984,1408,3,353,1059
8955,2985,1300,2,56,112
8956,2985,1443,3,127,381
8957,2986,1356,3,298,894
8958,2986,1014,1,163,163
8959,2986,1489,2,149,298
8960,2986,1287,2,344,688
8961,2986,1105,2,327,654
8962,2987,1334,1,139,139
8963,2988,1229,2,194,388
8964,2988,1004,3,272,816
8965,2988,1081,2,172,344
8966,2988,1459,2,98,196
8967,2988,1253,3,337,1011
8968,2989,1212,1,372,372
8969,2989,1105,2,327,654
8970,2989,1206,2,287,574
8971,2990,1028,3,95,285
8972,2990,1150,2,191,382
8973,2990,1331,3,296,888
8974,2990,1227,3,89,267
8975,2990,1261,2,303,606
8976,2991,1413,2,124,248
8977,2991,1434,2,231,462
8978,2991,1212,2,372,744
8979,2991,1132,2,172,344
8980,2992,1262,1,227,227
8981,2992,1011,3,90,270
8982,2993,1485,3,290,870
8983,2993,1391,2,273,546
8984,2994,1172,1,305,305
8985,2994,1233,3,350,1050
8986,2994,1049,1,323,323
8987,2994,1223,3,185,555
8988,2995,1362,1,182,182
8989,2996,1224,3,268,804
8990,2996,1226,3,170,510
8991,2996,1413,3,124,372
8992,2997,1486,3,444,1332
8993,2997,1176,3,132,396
8994,2997,1395,2,184,368
8995,2997,1211,2,102,204
8996,2997,1236,3,197,591
8997,2998,1032,2,244,488
8998,2998,1056,1,135,135
8999,2998,1329,1,145,145
9000,2999,1254,1,182,182
9001,2999,1235,3,309,927
9002,2999,1169,3,39,117
9003,2999,1109,3,302,906
9004,3000,1177,1,408,408
9005,3001,1002,3,60,180
9006,3001,1006,3,445,1335
9007,3001,1164,3,61,183
9008,3001,1326,2,366,732
9009,3001,1395,2,184,368
9010,3002,1172,1,305,305
9011,3002,1038,3,127,381
9012,3003,1358,1,321,321
9013,3003,1291,1,399,399
9014,3004,1412,1,22,22
9015,3004,1018,1,156,156
9016,3004,1428,1,157,157
9017,3005,1461,2,301,602
9018,3006,1378,2,310,620
9019,3006,1339,3,88,264
9020,3006,1280,2,184,368
9021,3006,1167,2,151,302
9022,3007,1251,3,275,825
9023,3008,1431,1,258,258
9024,3008,1035,3,382,1146
9025,3008,1162,3,250,750
9026,3008,1001,2,54,108
9027,3009,1366,3,129,387
9028,3009,1483,3,410,1230
9029,3009,1051,3,57,171
9030,3010,1259,2,304,608
9031,3010,1208,2,259,518
9032,3010,1128,1,240,240
9033,3010,1113,3,136,408
9034,3011,1064,3,124,372
9035,3011,1295,3,132,396
9036,3011,1259,3,304,912
9037,3011,1482,1,205,205
9038,3011,1303,1,133,133
9039,3012,1132,3,172,516
9040,3012,1033,2,416,832
9041,3012,1478,3,264,792
9042,3013,1414,3,302,906
9043,3013,1048,3,295,885
9044,3013,1459,1,98,98
9045,3014,1181,3,51,153
9046,3014,1412,3,22,66
9047,3014,1065,2,120,240
9048,3014,1259,3,304,912
9049,3014,1474,3,21,63
9050,3015,1299,3,245,735
9051,3015,1094,3,231,693
9052,3015,1008,1,428,428
9053,3015,1325,3,441,1323
9054,3015,1442,3,67,201
9055,3016,1413,2,124,248
9056,3016,1103,1,238,238
9057,3016,1328,3,213,639
9058,3016,1023,1,312,312
9059,3016,1110,2,275,550
9060,3017,1345,1,410,410
9061,3017,1492,2,214,428
9062,3017,1142,1,124,124
9063,3017,1399,3,347,1041
9064,3017,1159,3,129,387
9065,3018,1070,2,346,692
9066,3018,1038,3,127,381
9067,3018,1359,3,47,141
9068,3019,1366,3,129,387
9069,3020,1377,2,183,366
9070,3020,1493,3,169,507
9071,3020,1316,3,374,1122
9072,3020,1174,2,200,400
9073,3020,1164,3,61,183
9074,3021,1322,1,187,187
9075,3021,1376,1,254,254
9076,3021,1239,3,224,672
9077,3021,1190,2,182,364
9078,3021,1065,1,120,120
9079,3022,1494,1,93,93
9080,3022,1137,3,421,1263
9081,3022,1453,2,283,566
9082,3022,1360,1,31,31
9083,3022,1032,2,244,488
9084,3023,1422,2,356,712
9085,3023,1477,3,170,510
9086,3023,1289,2,385,770
9087,3023,1083,3,170,510
9088,3023,1008,1,428,428
9089,3024,1301,3,103,309
9090,3024,1411,2,281,562
9091,3024,1424,1,83,83
9092,3025,1053,1,39,39
9093,3025,1341,3,102,306
9094,3025,1142,3,124,372
9095,3025,1425,1,365,365
9096,3025,1151,2,208,416
9097,3026,1104,2,209,418
9098,3027,1327,2,189,378
9099,3027,1451,2,182,364
9100,3027,1082,1,40,40
9101,3027,1500,3,187,561
9102,3027,1022,1,91,91
9103,3028,1307,1,339,339
9104,3029,1230,1,309,309
9105,3029,1213,3,98,294
9106,3029,1052,3,398,1194
9107,3030,1307,1,339,339
9108,3030,1101,2,247,494
9109,3031,1074,3,102,306
9110,3032,1495,3,173,519
9111,3033,1026,1,182,182
9112,3033,1390,3,180,540
9113,3033,1176,2,132,264
9114,3034,1091,3,86,258
9115,3034,1455,3,31,93
9116,3034,1011,2,90,180
9117,3034,1354,1,347,347
9118,3034,1426,1,383,383
9119,3035,1330,3,264,792
9120,3035,1455,3,31,93
9121,3035,1331,2,296,592
9122,3035,1210,3,352,1056
9123,3035,1015,2,283,566
9124,3036,1154,1,405,405
9125,3036,1467,3,77,231
9126,3036,1083,1,170,170
9127,3037,1478,1,264,264
9128,3037,1009,2,46,92
9129,3037,1224,1,268,268
9130,3038,1211,2,102,204
9131,3038,1201,1,244,244
9132,3038,1286,3,373,1119
9133,3039,1228,2,384,768
9134,3039,1053,3,39,117
9135,3039,1483,1,410,410
9136,3039,1009,2,46,92
9137,3039,1411,1,281,281
9138,3040,1072,2,387,774
9139,3040,1239,3,224,672
9140,3041,1449,3,234,702
9141,3041,1239,2,224,448
9142,3041,1340,3,256,768
9143,3041,1452,3,75,225
9144,3042,1215,2,412,824
9145,3043,1372,1,435,435
9146,3044,1490,1,232,232
9147,3044,1217,3,131,393
9148,3045,1342,2,418,836
9149,3045,1294,3,333,999
9150,3045,1086,2,235,470
9151,3045,1136,1,342,342
9152,3046,1288,1,134,134
9153,3046,1062,2,390,780
9154,3046,1157,2,175,350
9155,3047,1355,1,346,346
9156,3047,1429,2,347,694
9157,3048,1267,3,415,1245
9158,3048,1488,2,109,218
9159,3048,1074,3,102,306
9160,3048,1103,2,238,476
9161,3049,1281,3,42,126
9162,3049,1388,2,239,478
9163,3050,1460,1,182,182
9164,3050,1390,1,180,180
9165,3050,1495,2,173,346
9166,3051,1051,1,57,57
9167,3051,1085,1,326,326
9168,3051,1113,2,136,272
9169,3051,1302,3,336,1008
9170,3052,1254,1,182,182
9171,3052,1294,3,333,999
9172,3052,1360,2,31,62
9173,3053,1302,1,336,336
9174,3053,1059,1,190,190
9175,3053,1457,3,386,1158
9176,3053,1328,2,213,426
9177,3054,1404,2,408,816
9178,3054,1122,2,278,556
9179,3054,1012,2,445,890
9180,3054,1258,2,448,896
9181,3055,1192,2,238,476
9182,3055,1013,2,389,778
9183,3055,1246,1,62,62
9184,3056,1204,3,267,801
9185,3056,1074,3,102,306
9186,3056,1112,1,198,198
9187,3056,1230,2,309,618
9188,3057,1362,3,182,546
9189,3057,1045,3,30,90
9190,3057,1385,1,371,371
9191,3057,1151,1,208,208
9192,3058,1415,1,111,111
9193,3058,1455,2,31,62
9194,3059,1195,2,416,832
9195,3059,1323,1,42,42
9196,3059,1434,2,231,462
9197,3059,1398,1,199,199
9198,3060,1075,3,74,222
9199,3060,1115,3,219,657
9200,3060,1245,2,176,352
9201,3060,1066,1,54,54
9202,3060,1147,3,170,510
9203,3061,1131,2,281,562
9204,3061,1295,2,132,264
9205,3061,1230,1,309,309
9206,3062,1369,2,235,470
9207,3062,1480,2,351,702
9208,3062,1166,1,312,312
9209,3062,1499,3,41,123
9210,3063,1496,1,140,140
9211,3063,1308,3,359,1077
9212,3063,1175,2,122,244
9213,3063,1279,3,104,312
9214,3063,1262,3,227,681
9215,3064,1161,3,439,1317
9216,3064,1384,3,369,1107
9217,3065,1294,3,333,999
9218,3065,1338,1,121,121
9219,3065,1135,3,307,921
9220,3066,1021,2,158,316
9221,3066,1226,3,170,510
9222,3066,1400,2,253,506
9223,3067,1277,2,60,120
9224,3068,1056,1,135,135
9225,3068,1163,2,31,62
9226,3068,1497,3,337,1011
9227,3069,1066,2,54,108
9228,3069,1433,3,217,651
9229,3069,1207,1,298,298
9230,3070,1460,2,182,364
9231,3070,1064,2,124,248
9232,3070,1200,2,370,740
9233,3070,1322,2,187,374
9234,3071,1400,1,253,253
9235,3072,1472,2,285,570
9236,3072,1201,1,244,244
9237,3072,1266,2,138,276
9238,3072,1438,2,343,686
9239,3073,1100,1,231,231
9240,3073,1367,2,251,502
9241,3073,1099,1,287,287
9242,3073,1148,1,19,19
9243,3073,1167,3,151,453
9244,3074,1325,2,441,882
9245,3074,1084,3,403,1209
9246,3074,1301,3,103,309
9247,3075,1233,2,350,700
9248,3075,1062,2,390,780
9249,3075,1119,2,223,446
9250,3075,1448,1,113,113
9251,3075,1024,3,21,63
9252,3076,1322,2,187,374
9253,3076,1420,3,403,1209
9254,3077,1265,1,214,214
9255,3077,1285,2,120,240
9256,3077,1340,2,256,512
9257,3078,1441,2,271,542
9258,3078,1396,1,301,301
9259,3078,1238,3,222,666
9260,3078,1475,1,260,260
9261,3078,1220,2,361,722
9262,3079,1089,2,384,768
9263,3079,1101,1,247,247
9264,3079,1014,3,163,489
9265,3079,1412,3,22,66
9266,3080,1435,1,224,224
9267,3080,1298,2,320,640
9268,3080,1018,2,156,312
9269,3081,1314,1,274,274
9270,3082,1352,1,353,353
9271,3082,1403,1,256,256
9272,3082,1236,3,197,591
9273,3083,1265,2,214,428
9274,3083,1304,3,411,1233
9275,3083,1065,1,120,120
9276,3083,1126,1,380,380
9277,3084,1331,1,296,296
9278,3084,1021,3,158,474
9279,3084,1089,3,384,1152
9280,3084,1411,3,281,843
9281,3085,1276,3,22,66
9282,3085,1192,2,238,476
9283,3086,1035,3,382,1146
9284,3086,1385,2,371,742
9285,3087,1465,2,190,380
9286,3088,1035,3,382,1146
9287,3088,1173,2,328,656
9288,3088,1122,1,278,278
9289,3089,1179,1,335,335
9290,3089,1016,3,430,1290
9291,3089,1493,1,169,169
9292,3089,1225,1,264,264
9293,3089,1089,1,384,384
9294,3090,1161,2,439,878
9295,3090,1049,2,323,646
9296,3090,1345,2,410,820
9297,3091,1267,2,415,830
9298,3091,1303,3,133,399
9299,3091,1153,3,336,1008
9300,3091,1339,1,88,88
9301,3091,1055,3,132,396
9302,3092,1286,2,373,746
9303,3092,1027,1,376,376
9304,3092,1287,2,344,688
9305,3092,1396,2,301,602
9306,3092,1369,1,235,235
9307,3093,1182,3,116,348
9308,3093,1122,3,278,834
9309,3093,1253,3,337,1011
9310,3093,1149,3,257,771
9311,3094,1497,1,337,337
9312,3094,1128,1,240,240
9313,3094,1416,2,338,676
9314,3094,1215,2,412,824
9315,3094,1426,1,383,383
9316,3095,1454,2,131,262
9317,3095,1425,2,365,730
9318,3096,1261,2,303,606
9319,3096,1365,2,260,520
9320,3096,1331,2,296,592
9321,3097,1063,3,313,939
9322,3098,1435,3,224,672
9323,3099,1183,1,35,35
9324,3099,1342,3,418,1254
9325,3099,1362,1,182,182
9326,3099,1384,3,369,1107
9327,3099,1269,3,357,1071
9328,3100,1056,1,135,135
9329,3100,1212,2,372,744
9330,3101,1359,3,47,141
9331,3102,1053,2,39,78
9332,3102,1009,1,46,46
9333,3102,1343,2,116,232
9334,3102,1229,2,194,388
9335,3103,1440,2,195,390
9336,3104,1471,1,96,96
9337,3104,1424,1,83,83
9338,3104,1205,1,445,445
9339,3104,1127,1,288,288
9340,3104,1428,3,157,471
9341,3105,1352,1,353,353
9342,3105,1232,3,354,1062
9343,3105,1121,2,214,428
9344,3106,1161,1,439,439
9345,3107,1393,2,372,744
9346,3107,1134,1,407,407
9347,3107,1440,1,195,195
9348,3108,1442,1,67,67
9349,3108,1329,1,145,145
9350,3108,1146,2,417,834
9351,3108,1436,3,210,630
9352,3109,1438,1,343,343
9353,3109,1467,1,77,77
9354,3110,1460,1,182,182
9355,3110,1493,3,169,507
9356,3110,1036,2,99,198
9357,3110,1147,2,170,340
9358,3110,1327,2,189,378
9359,3111,1457,2,386,772
9360,3111,1348,1,176,176
9361,3111,1082,1,40,40
9362,3111,1500,2,187,374
9363,3111,1326,3,366,1098
9364,3112,1337,2,203,406
9365,3112,1236,2,197,394
9366,3112,1211,3,102,306
9367,3113,1187,1,98,98
9368,3113,1113,3,136,408
9369,3113,1075,2,74,148
9370,3113,1269,1,357,357
9371,3114,1205,1,445,445
9372,3114,1030,3,441,1323
9373,3114,1143,3,353,1059
9374,3114,1148,1,19,19
9375,3114,1420,1,403,403
9376,3115,1463,2,18,36
9377,3116,1059,1,190,190
9378,3116,1188,1,128,128
9379,3117,1041,1,207,207
9380,3117,1070,2,346,692
9381,3117,1057,2,93,186
9382,3118,1396,1,301,301
9383,3118,1419,3,112,336
9384,3118,1021,3,158,474
9385,3118,1129,1,315,315
9386,3119,1121,3,214,642
9387,3120,1175,2,122,244
9388,3120,1474,2,21,42
9389,3120,1365,2,260,520
9390,3121,1046,3,368,1104
9391,3121,1246,1,62,62
9392,3122,1034,1,422,422
9393,3122,1073,1,59,59
9394,3123,1480,2,351,702
9395,3124,1117,1,67,67
9396,3125,1374,1,143,143
9397,3125,1063,3,313,939
9398,3126,1277,3,60,180
9399,3126,1006,1,445,445
9400,3126,1079,1,54,54
9401,3127,1390,1,180,180
9402,3127,1236,2,197,394
9403,3128,1149,3,257,771
9404,3129,1086,2,235,470
9405,3129,1491,2,408,816
9406,3129,1454,2,131,262
9407,3129,1049,2,323,646
9408,3130,1236,1,197,197
9409,3130,1457,1,386,386
9410,3130,1290,3,341,1023
9411,3131,1134,3,407,1221
9412,3132,1082,2,40,80
9413,3132,1401,2,189,378
9414,3132,1155,3,35,105
9415,3132,1487,2,114,228
9416,3132,1180,2,150,300
9417,3133,1288,1,134,134
9418,3133,1203,2,271,542
9419,3133,1272,2,400,800
9420,3134,1151,1,208,208
9421,3134,1243,3,242,726
9422,3134,1163,1,31,31
9423,3134,1236,1,197,197
9424,3134,1122,1,278,278
9425,3135,1351,2,360,720
9426,3135,1036,3,99,297
9427,3135,1048,3,295,885
9428,3136,1195,3,416,1248
9429,3136,1105,3,327,981
9430,3136,1372,2,435,870
9431,3137,1009,2,46,92
9432,3137,1268,1,347,347
9433,3138,1408,2,353,706
9434,3138,1321,1,372,372
9435,3139,1129,3,315,945
9436,3139,1160,2,208,416
9437,3139,1452,2,75,150
9438,3140,1063,3,313,939
9439,3140,1135,2,307,614
9440,3140,1147,2,170,340
9441,3140,1215,2,412,824
9442,3141,1405,1,270,270
9443,3141,1315,2,26,52
9444,3141,1356,2,298,596
9445,3141,1130,3,33,99
9446,3142,1115,1,219,219
9447,3142,1257,2,75,150
9448,3142,1478,3,264,792
9449,3143,1078,2,316,632
9450,3144,1464,2,139,278
9451,3144,1358,1,321,321
9452,3144,1500,3,187,561
9453,3144,1411,2,281,562
9454,3144,1209,1,114,114
9455,3145,1038,2,127,254
9456,3145,1167,1,151,151
9457,3145,1296,1,439,439
9458,3146,1364,2,125,250
9459,3146,1012,1,445,445
9460,3146,1427,3,163,489
9461,3146,1351,2,360,720
9462,3147,1104,3,209,627
9463,3147,1475,2,260,520
9464,3147,1176,3,132,396
9465,3148,1055,3,132,396
9466,3148,1076,3,180,540
9467,3149,1007,2,252,504
9468,3149,1351,3,360,1080
9469,3149,1471,1,96,96
9470,3149,1085,2,326,652
9471,3150,1419,3,112,336
9472,3150,1353,1,69,69
9473,3150,1357,1,440,440
9474,3151,1075,2,74,148
9475,3151,1265,3,214,642
9476,3152,1188,2,128,256
9477,3152,1379,2,217,434
9478,3153,1270,1,145,145
9479,3153,1252,2,272,544
9480,3153,1419,3,112,336
9481,3154,1275,3,186,558
9482,3154,1236,1,197,197
9483,3154,1469,3,362,1086
9484,3154,1244,3,282,846
9485,3154,1167,2,151,302
9486,3155,1085,2,326,652
9487,3155,1256,2,395,790
9488,3155,1020,1,347,347
9489,3156,1324,1,202,202
9490,3156,1492,3,214,642
9491,3156,1038,1,127,127
9492,3156,1495,2,173,346
9493,3156,1153,1,336,336
9494,3157,1322,2,187,374
9495,3157,1458,2,272,544
9496,3157,1065,3,120,360
9497,3157,1405,3,270,810
9498,3158,1149,3,257,771
9499,3158,1384,1,369,369
9500,3158,1324,1,202,202
9501,3158,1129,3,315,945
9502,3159,1021,2,158,316
9503,3159,1005,2,355,710
9504,3159,1054,2,413,826
9505,3160,1445,2,312,624
9506,3160,1182,2,116,232
9507,3161,1429,2,347,694
9508,3161,1331,3,296,888
9509,3161,1178,2,149,298
9510,3162,1403,1,256,256
9511,3163,1425,3,365,1095
9512,3163,1497,2,337,674
9513,3163,1407,1,65,65
9514,3164,1125,3,45,135
9515,3165,1352,2,353,706
9516,3165,1409,1,346,346
9517,3165,1129,3,315,945
9518,3165,1151,1,208,208
9519,3165,1184,1,157,157
9520,3166,1177,1,408,408
9521,3166,1148,2,19,38
9522,3167,1098,2,153,306
9523,3167,1305,3,72,216
9524,3167,1412,2,22,44
9525,3167,1065,2,120,240
9526,3168,1443,1,127,127
9527,3168,1327,2,189,378
9528,3168,1385,3,371,1113
9529,3168,1416,3,338,1014
9530,3169,1151,3,208,624
9531,3169,1163,3,31,93
9532,3169,1021,2,158,316
9533,3169,1259,1,304,304
9534,3169,1282,1,175,175
9535,3170,1185,3,86,258
9536,3170,1241,3,164,492
9537,3170,1378,2,310,620
9538,3170,1181,3,51,153
9539,3170,1151,3,208,624
9540,3171,1211,1,102,102
9541,3171,1457,3,386,1158
9542,3171,1212,3,372,1116
9543,3171,1462,2,349,698
9544,3172,1157,3,175,525
9545,3172,1448,1,113,113
9546,3172,1201,3,244,732
9547,3172,1357,2,440,880
9548,3173,1372,1,435,435
9549,3173,1197,3,337,1011
9550,3174,1171,1,225,225
9551,3174,1486,3,444,1332
9552,3174,1437,3,308,924
9553,3174,1196,1,367,367
9554,3174,1235,1,309,309
9555,3175,1170,1,40,40
9556,3176,1005,3,355,1065
9557,3176,1154,1,405,405
9558,3176,1206,1,287,287
9559,3176,1241,2,164,328
9560,3177,1124,1,249,249
9561,3177,1095,3,212,636
9562,3178,1247,2,205,410
9563,3178,1110,3,275,825
9564,3178,1457,3,386,1158
9565,3178,1389,1,326,326
9566,3179,1477,3,170,510
9567,3179,1288,2,134,268
9568,3180,1024,1,21,21
9569,3180,1111,3,92,276
9570,3180,1150,3,191,573
9571,3180,1070,3,346,1038
9572,3181,1157,3,175,525
9573,3182,1253,3,337,1011
9574,3182,1170,2,40,80
9575,3182,1290,3,341,1023
9576,3182,1375,1,169,169
9577,3183,1500,1,187,187
9578,3183,1380,2,120,240
9579,3183,1087,2,71,142
9580,3183,1402,3,446,1338
9581,3183,1088,3,440,1320
9582,3184,1134,1,407,407
9583,3184,1238,3,222,666
9584,3185,1171,3,225,675
9585,3186,1175,2,122,244
9586,3186,1110,2,275,550
9587,3186,1222,2,278,556
9588,3186,1067,2,320,640
9589,3186,1247,1,205,205
9590,3187,1366,1,129,129
9591,3187,1384,3,369,1107
9592,3188,1399,3,347,1041
9593,3188,1123,2,134,268
9594,3188,1121,3,214,642
9595,3189,1409,2,346,692
9596,3190,1295,2,132,264
9597,3190,1283,3,28,84
9598,3190,1493,1,169,169
9599,3191,1477,3,170,510
9600,3191,1059,3,190,570
9601,3192,1324,1,202,202
9602,3192,1347,1,418,418
9603,3193,1174,2,200,400
9604,3193,1245,3,176,528
9605,3194,1159,3,129,387
9606,3195,1230,2,309,618
9607,3195,1356,2,298,596
9608,3196,1359,1,47,47
9609,3196,1135,3,307,921
9610,3196,1021,3,158,474
9611,3196,1353,3,69,207
9612,3197,1135,1,307,307
9613,3197,1202,2,303,606
9614,3197,1196,2,367,734
9615,3198,1160,3,208,624
9616,3198,1064,1,124,124
9617,3199,1089,2,384,768
9618,3199,1250,2,85,170
9619,3200,1293,1,160,160
9620,3200,1443,3,127,381
9621,3200,1278,3,145,435
9622,3200,1485,1,290,290
9623,3200,1002,2,60,120
9624,3201,1404,1,408,408
9625,3202,1457,3,386,1158
9626,3202,1406,2,43,86
9627,3203,1363,2,235,470
9628,3203,1323,1,42,42
9629,3204,1347,1,418,418
9630,3204,1023,1,312,312
9631,3204,1209,2,114,228
9632,3204,1258,1,448,448
9633,3204,1460,2,182,364
9634,3205,1066,2,54,108
9635,3205,1271,3,355,1065
9636,3205,1434,3,231,693
9637,3206,1238,1,222,222
9638,3206,1414,2,302,604
9639,3206,1355,3,346,1038
9640,3207,1328,1,213,213
9641,3207,1431,1,258,258
9642,3207,1161,1,439,439
9643,3208,1298,3,320,960
9644,3208,1225,1,264,264
9645,3208,1191,2,216,432
9646,3208,1101,2,247,494
9647,3209,1041,2,207,414
9648,3210,1339,1,88,88
9649,3210,1251,3,275,825
9650,3211,1047,1,399,399
9651,3211,1045,1,30,30
9652,3212,1298,2,320,640
9653,3212,1445,1,312,312
9654,3212,1077,1,360,360
9655,3212,1486,1,444,444
9656,3213,1302,2,336,672
9657,3213,1454,2,131,262
9658,3213,1294,2,333,666
9659,3214,1003,2,84,168
9660,3214,1416,2,338,676
9661,3214,1179,2,335,670
9662,3215,1216,3,423,1269
9663,3215,1348,2,176,352
9664,3216,1165,1,282,282
9665,3216,1465,3,190,570
9666,3217,1301,1,103,103
9667,3217,1235,3,309,927
9668,3217,1332,1,70,70
9669,3218,1073,3,59,177
9670,3219,1256,3,395,1185
9671,3219,1491,3,408,1224
9672,3219,1344,1,224,224
9673,3220,1017,3,231,693
9674,3220,1176,1,132,132
9675,3221,1408,2,353,706
9676,3222,1082,1,40,40
9677,3222,1332,2,70,140
9678,3222,1150,3,191,573
9679,3223,1220,3,361,1083
9680,3223,1019,3,107,321
9681,3223,1268,3,347,1041
9682,3223,1482,1,205,205
9683,3223,1296,2,439,878
9684,3224,1022,1,91,91
9685,3225,1231,1,236,236
9686,3226,1060,3,228,684
9687,3227,1130,1,33,33
9688,3227,1217,1,131,131
9689,3227,1007,1,252,252
9690,3227,1379,1,217,217
9691,3227,1246,2,62,124
9692,3228,1469,3,362,1086
9693,3229,1486,1,444,444
9694,3229,1114,3,55,165
9695,3230,1179,2,335,670
9696,3230,1011,1,90,90
9697,3230,1440,2,195,390
9698,3230,1063,1,313,313
9699,3231,1319,1,430,430
9700,3231,1472,2,285,570
9701,3231,1222,3,278,834
9702,3231,1355,1,346,346
9703,3231,1366,3,129,387
9704,3232,1336,3,363,1089
9705,3233,1308,3,359,1077
9706,3234,1072,3,387,1161
9707,3234,1259,2,304,608
9708,3234,1318,3,448,1344
9709,3235,1112,3,198,594
9710,3235,1186,3,223,669
9711,3235,1029,3,168,504
9712,3235,1116,1,99,99
9713,3235,1486,3,444,1332
9714,3236,1171,3,225,675
9715,3236,1062,2,390,780
9716,3236,1054,3,413,1239
9717,3236,1015,2,283,566
9718,3236,1284,3,109,327
9719,3237,1437,3,308,924
9720,3237,1118,2,434,868
9721,3238,1082,2,40,80
9722,3238,1118,2,434,868
9723,3238,1002,3,60,180
9724,3238,1487,1,114,114
9725,3238,1324,2,202,404
9726,3239,1099,3,287,861
9727,3239,1231,1,236,236
9728,3239,1292,3,267,801
9729,3239,1267,1,415,415
9730,3240,1390,3,180,540
9731,3241,1420,1,403,403
9732,3241,1241,1,164,164
9733,3241,1239,1,224,224
9734,3241,1003,2,84,168
9735,3242,1173,2,328,656
9736,3242,1038,2,127,254
9737,3242,1285,1,120,120
9738,3242,1049,1,323,323
9739,3242,1394,1,246,246
9740,3243,1328,2,213,426
9741,3243,1471,2,96,192
9742,3243,1282,1,175,175
9743,3244,1259,3,304,912
9744,3244,1018,2,156,312
9745,3244,1433,2,217,434
9746,3245,1306,1,24,24
9747,3245,1149,3,257,771
9748,3245,1240,2,204,408
9749,3245,1370,2,300,600
9750,3245,1442,3,67,201
9751,3246,1492,3,214,642
9752,3246,1450,2,156,312
9753,3246,1264,2,144,288
9754,3247,1254,1,182,182
9755,3247,1206,3,287,861
9756,3247,1014,1,163,163
9757,3247,1425,1,365,365
9758,3247,1334,2,139,278
9759,3248,1198,1,356,356
9760,3248,1439,3,363,1089
9761,3248,1344,2,224,448
9762,3248,1086,2,235,470
9763,3249,1094,2,231,462
9764,3249,1393,1,372,372
9765,3249,1286,2,373,746
9766,3249,1367,3,251,753
9767,3250,1158,3,77,231
9768,3251,1249,3,183,549
9769,3252,1297,3,50,150
9770,3252,1370,2,300,600
9771,3252,1081,1,172,172
9772,3252,1422,2,356,712
9773,3252,1257,3,75,225
9774,3253,1197,1,337,337
9775,3253,1055,1,132,132
9776,3253,1432,3,133,399
9777,3253,1297,2,50,100
9778,3254,1444,2,245,490
9779,3255,1245,3,176,528
9780,3255,1337,1,203,203
9781,3255,1169,3,39,117
9782,3255,1265,3,214,642
9783,3256,1309,3,18,54
9784,3256,1439,3,363,1089
9785,3256,1133,1,188,188
9786,3256,1233,3,350,1050
9787,3256,1430,1,411,411
9788,3257,1355,1,346,346
9789,3257,1495,2,173,346
9790,3258,1317,3,284,852
9791,3258,1112,2,198,396
9792,3258,1388,3,239,717
9793,3258,1351,2,360,720
9794,3259,1425,3,365,1095
9795,3259,1308,2,359,718
9796,3259,1286,2,373,746
9797,3259,1164,1,61,61
9798,3259,1375,3,169,507
9799,3260,1088,2,440,880
9800,3260,1409,3,346,1038
9801,3260,1105,3,327,981
9802,3260,1083,2,170,340
9803,3261,1136,1,342,342
9804,3261,1024,2,21,42
9805,3261,1213,1,98,98
9806,3262,1060,2,228,456
9807,3262,1064,3,124,372
9808,3263,1246,3,62,186
9809,3263,1262,3,227,681
9810,3263,1050,1,151,151
9811,3263,1194,2,365,730
9812,3263,1057,2,93,186
9813,3264,1116,2,99,198
9814,3265,1150,3,191,573
9815,3265,1163,2,31,62
9816,3265,1055,2,132,264
9817,3265,1136,3,342,1026
9818,3266,1099,3,287,861
9819,3266,1247,1,205,205
9820,3266,1022,1,91,91
9821,3266,1125,2,45,90
9822,3267,1052,3,398,1194
9823,3267,1143,1,353,353
9824,3267,1347,2,418,836
9825,3267,1339,1,88,88
9826,3268,1391,2,273,546
9827,3268,1321,1,372,372
9828,3268,1450,3,156,468
9829,3268,1328,1,213,213
9830,3269,1123,2,134,268
9831,3269,1273,1,63,63
9832,3269,1014,1,163,163
9833,3270,1087,1,71,71
9834,3270,1399,2,347,694
9835,3270,1415,1,111,111
9836,3270,1378,1,310,310
9837,3271,1089,2,384,768
9838,3271,1473,3,105,315
9839,3271,1341,3,102,306
9840,3271,1117,3,67,201
9841,3272,1388,3,239,717
9842,3273,1353,3,69,207
9843,3273,1238,2,222,444
9844,3273,1210,3,352,1056
9845,3274,1195,3,416,1248
9846,3274,1179,2,335,670
9847,3274,1009,2,46,92
9848,3274,1021,2,158,316
9849,3274,1454,1,131,131
9850,3275,1480,2,351,702
9851,3275,1171,2,225,450
9852,3275,1198,2,356,712
9853,3275,1332,2,70,140
9854,3275,1283,1,28,28
9855,3276,1064,2,124,248
9856,3277,1079,2,54,108
9857,3277,1118,1,434,434
9858,3277,1143,3,353,1059
9859,3277,1061,1,55,55
9860,3278,1332,2,70,140
9861,3278,1347,2,418,836
9862,3278,1114,1,55,55
9863,3278,1283,3,28,84
9864,3278,1417,1,114,114
9865,3279,1388,2,239,478
9866,3279,1271,3,355,1065
9867,3279,1335,3,127,381
9868,3280,1298,1,320,320
9869,3280,1004,3,272,816
9870,3280,1005,2,355,710
9871,3280,1314,3,274,822
9872,3280,1251,1,275,275
9873,3281,1020,3,347,1041
9874,3281,1248,2,160,320
9875,3282,1482,1,205,205
9876,3282,1015,3,283,849
9877,3283,1473,1,105,105
9878,3283,1054,2,413,826
9879,3283,1092,2,230,460
9880,3283,1457,2,386,772
9881,3283,1446,1,73,73
9882,3284,1272,1,400,400
9883,3284,1357,3,440,1320
9884,3284,1420,3,403,1209
9885,3284,1152,3,301,903
9886,3284,1180,3,150,450
9887,3285,1039,1,52,52
9888,3285,1168,3,321,963
9889,3285,1405,2,270,540
9890,3286,1037,3,338,1014
9891,3286,1361,1,149,149
9892,3287,1091,1,86,86
9893,3287,1222,2,278,556
9894,3287,1452,2,75,150
9895,3287,1472,1,285,285
9896,3287,1053,1,39,39
9897,3288,1439,2,363,726
9898,3289,1403,2,256,512
9899,3289,1124,3,249,747
9900,3289,1210,1,352,352
9901,3289,1024,3,21,63
9902,3290,1299,1,245,245
9903,3290,1016,2,430,860
9904,3291,1251,1,275,275
9905,3291,1103,2,238,476
9906,3291,1428,2,157,314
9907,3292,1274,1,264,264
9908,3292,1163,1,31,31
9909,3293,1319,1,430,430
9910,3294,1056,1,135,135
9911,3294,1284,1,109,109
9912,3294,1239,2,224,448
9913,3295,1295,3,132,396
9914,3295,1244,1,282,282
9915,3295,1240,1,204,204
9916,3295,1305,1,72,72
9917,3295,1166,1,312,312
9918,3296,1023,3,312,936
9919,3296,1075,2,74,148
9920,3296,1232,2,354,708
9921,3297,1326,3,366,1098
9922,3297,1190,3,182,546
9923,3298,1112,1,198,198
9924,3299,1115,1,219,219
9925,3299,1018,1,156,156
9926,3299,1461,1,301,301
9927,3299,1081,3,172,516
9928,3300,1016,3,430,1290
9929,3300,1411,3,281,843
9930,3300,1039,3,52,156
9931,3300,1120,1,428,428
9932,3301,1144,2,42,84
9933,3302,1340,2,256,512
9934,3303,1292,1,267,267
9935,3303,1329,2,145,290
9936,3303,1399,3,347,1041
9937,3303,1449,1,234,234
9938,3304,1440,2,195,390
9939,3305,1128,1,240,240
9940,3305,1241,1,164,164
9941,3305,1359,3,47,141
9942,3305,1401,1,189,189
9943,3305,1020,2,347,694
9944,3306,1443,1,127,127
9945,3306,1122,2,278,556
9946,3307,1389,1,326,326
9947,3307,1269,1,357,357
9948,3307,1453,1,283,283
9949,3307,1385,3,371,1113
9950,3308,1319,3,430,1290
9951,3308,1315,2,26,52
9952,3309,1252,3,272,816
9953,3310,1137,2,421,842
9954,3310,1321,3,372,1116
9955,3310,1338,1,121,121
9956,3311,1153,2,336,672
9957,3311,1041,2,207,414
9958,3312,1091,2,86,172
9959,3313,1244,2,282,564
9960,3313,1278,3,145,435
9961,3314,1221,2,273,546
9962,3314,1170,2,40,80
9963,3315,1479,2,334,668
9964,3316,1119,2,223,446
9965,3316,1435,1,224,224
9966,3316,1297,1,50,50
9967,3316,1131,1,281,281
9968,3316,1480,1,351,351
9969,3317,1234,2,200,400
9970,3317,1123,2,134,268
9971,3317,1201,1,244,244
9972,3317,1387,3,252,756
9973,3317,1022,2,91,182
9974,3318,1022,1,91,91
9975,3318,1465,1,190,190
9976,3318,1341,3,102,306
9977,3318,1020,2,347,694
9978,3319,1224,1,268,268
9979,3319,1269,1,357,357
9980,3319,1392,2,212,424
9981,3320,1379,3,217,651
9982,3320,1435,1,224,224
9983,3320,1350,3,341,1023
9984,3321,1205,2,445,890
9985,3322,1110,3,275,825
9986,3322,1096,3,67,201
9987,3323,1013,2,389,778
9988,3323,1422,2,356,712
9989,3323,1427,3,163,489
9990,3323,1498,2,159,318
9991,3323,1374,1,143,143
9992,3324,1198,2,356,712
9993,3324,1136,1,342,342
9994,3325,1146,3,417,1251
9995,3325,1237,1,417,417
9996,3325,1413,1,124,124
9997,3325,1329,3,145,435
9998,3325,1028,3,95,285
9999,3326,1237,3,417,1251
10000,3326,1055,2,132,264
10001,3326,1425,3,365,1095
10002,3327,1466,2,336,672
10003,3327,1069,2,290,580
10004,3328,1468,3,276,828
10005,3329,1092,3,230,690
10006,3329,1493,1,169,169
10007,3329,1266,2,138,276
10008,3329,1104,3,209,627
10009,3329,1355,2,346,692
10010,3330,1080,1,278,278
10011,3330,1034,3,422,1266
10012,3330,1021,3,158,474
10013,3331,1227,3,89,267
10014,3331,1419,1,112,112
10015,3331,1472,2,285,570
10016,3332,1214,1,113,113
10017,3332,1221,3,273,819
10018,3332,1083,1,170,170
10019,3332,1405,3,270,810
10020,3333,1228,1,384,384
10021,3333,1378,2,310,620
10022,3333,1193,1,414,414
10023,3333,1243,2,242,484
10024,3334,1295,3,132,396
10025,3334,1387,3,252,756
10026,3334,1371,1,75,75
10027,3334,1449,1,234,234
10028,3334,1470,3,438,1314
10029,3335,1306,1,24,24
10030,3336,1411,2,281,562
10031,3337,1032,3,244,732
10032,3337,1347,2,418,836
10033,3337,1111,2,92,184
10034,3338,1209,3,114,342
10035,3339,1233,2,350,700
10036,3339,1079,2,54,108
10037,3339,1451,2,182,364
10038,3339,1440,1,195,195
10039,3340,1270,3,145,435
10040,3341,1144,1,42,42
10041,3341,1175,1,122,122
10042,3342,1083,2,170,340
10043,3343,1146,3,417,1251
10044,3343,1319,2,430,860
10045,3344,1437,3,308,924
10046,3345,1028,3,95,285
10047,3346,1455,1,31,31
10048,3346,1028,3,95,285
10049,3347,1085,1,326,326
10050,3347,1307,3,339,1017
10051,3347,1389,2,326,652
10052,3347,1218,1,108,108
10053,3347,1017,2,231,462
10054,3348,1063,3,313,939
10055,3348,1294,2,333,666
10056,3348,1069,3,290,870
10057,3348,1382,1,76,76
10058,3349,1077,3,360,1080
10059,3350,1279,2,104,208
10060,3350,1339,2,88,176
10061,3350,1122,2,278,556
10062,3350,1400,2,253,506
10063,3351,1454,3,131,393
10064,3352,1003,3,84,252
10065,3352,1186,1,223,223
10066,3353,1322,1,187,187
10067,3353,1023,1,312,312
10068,3353,1462,3,349,1047
10069,3354,1034,1,422,422
10070,3354,1428,2,157,314
10071,3355,1101,1,247,247
10072,3355,1040,3,225,675
10073,3356,1452,2,75,150
10074,3356,1294,2,333,666
10075,3357,1100,2,231,462
10076,3357,1145,3,328,984
10077,3357,1399,1,347,347
10078,3358,1310,1,164,164
10079,3359,1095,1,212,212
10080,3359,1392,2,212,424
10081,3359,1439,1,363,363
10082,3359,1193,2,414,828
10083,3360,1374,3,143,429
10084,3360,1371,1,75,75
10085,3360,1448,1,113,113
10086,3361,1490,3,232,696
10087,3361,1249,1,183,183
10088,3362,1359,1,47,47
10089,3363,1066,3,54,162
10090,3363,1473,1,105,105
10091,3364,1103,3,238,714
10092,3365,1409,2,346,692
10093,3365,1428,2,157,314
10094,3366,1395,1,184,184
10095,3366,1108,1,243,243
10096,3366,1389,3,326,978
10097,3367,1475,3,260,780
10098,3367,1470,1,438,438
10099,3368,1359,2,47,94
10100,3368,1355,1,346,346
10101,3369,1230,2,309,618
10102,3369,1189,2,186,372
10103,3369,1437,2,308,616
10104,3370,1035,2,382,764
10105,3370,1378,1,310,310
10106,3370,1205,1,445,445
10107,3371,1105,3,327,981
10108,3371,1166,2,312,624
10109,3371,1467,1,77,77
10110,3372,1047,2,399,798
10111,3372,1270,3,145,435
10112,3372,1324,1,202,202
10113,3372,1083,1,170,170
10114,3372,1427,1,163,163
10115,3373,1255,3,440,1320
10116,3373,1227,1,89,89
10117,3373,1485,2,290,580
10118,3373,1464,2,139,278
10119,3374,1052,3,398,1194
10120,3374,1270,2,145,290
10121,3374,1422,1,356,356
10122,3375,1470,2,438,876
10123,3376,1347,3,418,1254
10124,3376,1112,1,198,198
10125,3376,1371,3,75,225
10126,3376,1198,1,356,356
10127,3376,1095,3,212,636
10128,3377,1159,1,129,129
10129,3377,1044,1,80,80
10130,3377,1206,2,287,574
10131,3377,1367,3,251,753
10132,3377,1412,2,22,44
10133,3378,1331,1,296,296
10134,3378,1223,1,185,185
10135,3378,1410,1,429,429
10136,3379,1157,2,175,350
10137,3379,1032,3,244,732
10138,3379,1137,1,421,421
10139,3380,1096,3,67,201
10140,3381,1163,1,31,31
10141,3381,1171,3,225,675
10142,3381,1403,3,256,768
10143,3382,1210,2,352,704
10144,3383,1201,1,244,244
10145,3384,1338,3,121,363
10146,3384,1296,3,439,1317
10147,3384,1159,1,129,129
10148,3385,1217,3,131,393
10149,3385,1351,2,360,720
10150,3385,1002,2,60,120
10151,3385,1223,3,185,555
10152,3386,1482,1,205,205
10153,3386,1099,3,287,861
10154,3387,1487,1,114,114
10155,3387,1421,1,186,186
10156,3388,1006,2,445,890
10157,3388,1286,3,373,1119
10158,3388,1159,3,129,387
10159,3388,1484,2,345,690
10160,3389,1321,2,372,744
10161,3389,1454,1,131,131
10162,3389,1043,3,18,54
10163,3389,1268,3,347,1041
10164,3390,1275,2,186,372
10165,3391,1418,3,315,945
10166,3391,1121,2,214,428
10167,3391,1085,2,326,652
10168,3391,1232,2,354,708
10169,3392,1305,1,72,72
10170,3392,1222,1,278,278
10171,3392,1355,3,346,1038
10172,3392,1285,1,120,120
10173,3392,1146,2,417,834
10174,3393,1143,1,353,353
10175,3393,1194,1,365,365
10176,3393,1481,2,317,634
10177,3393,1111,3,92,276
10178,3394,1461,1,301,301
10179,3394,1395,2,184,368
10180,3395,1206,2,287,574
10181,3396,1175,2,122,244
10182,3397,1096,3,67,201
10183,3397,1334,3,139,417
10184,3398,1353,1,69,69
10185,3398,1132,1,172,172
10186,3398,1383,2,22,44
10187,3398,1448,2,113,226
10188,3399,1238,2,222,444
10189,3399,1015,3,283,849
10190,3399,1372,1,435,435
10191,3399,1042,1,424,424
10192,3399,1147,2,170,340
10193,3400,1337,2,203,406
10194,3400,1321,1,372,372
10195,3400,1034,1,422,422
10196,3401,1284,2,109,218
10197,3402,1217,1,131,131
10198,3403,1030,1,441,441
10199,3403,1071,2,84,168
10200,3404,1393,3,372,1116
10201,3404,1163,2,31,62
10202,3404,1477,2,170,340
10203,3404,1498,3,159,477
10204,3404,1206,2,287,574
10205,3405,1474,3,21,63
10206,3406,1283,1,28,28
10207,3406,1196,3,367,1101
10208,3406,1419,1,112,112
10209,3407,1415,2,111,222
10210,3407,1141,2,433,866
10211,3407,1370,1,300,300
10212,3407,1336,3,363,1089
10213,3408,1224,3,268,804
10214,3408,1358,3,321,963
10215,3408,1380,3,120,360
10216,3408,1142,3,124,372
10217,3409,1344,1,224,224
10218,3409,1485,1,290,290
10219,3409,1195,1,416,416
10220,3409,1279,3,104,312
10221,3410,1014,1,163,163
10222,3410,1478,1,264,264
10223,3410,1358,2,321,642
10224,3411,1208,2,259,518
10225,3411,1166,1,312,312
10226,3411,1465,2,190,380
10227,3411,1043,2,18,36
10228,3412,1255,1,440,440
10229,3412,1292,2,267,534
10230,3412,1311,3,189,567
10231,3412,1406,1,43,43
10232,3412,1232,2,354,708
10233,3413,1349,1,45,45
10234,3413,1094,2,231,462
10235,3413,1285,3,120,360
10236,3413,1111,2,92,184
10237,3414,1052,1,398,398
10238,3414,1164,1,61,61
10239,3414,1067,1,320,320
10240,3414,1388,2,239,478
10241,3414,1219,3,317,951
10242,3415,1409,2,346,692
10243,3415,1050,2,151,302
10244,3415,1338,2,121,242
10245,3415,1173,1,328,328
10246,3416,1310,2,164,328
10247,3417,1292,1,267,267
10248,3417,1013,3,389,1167
10249,3417,1464,3,139,417
10250,3417,1341,1,102,102
10251,3417,1179,1,335,335
10252,3418,1448,3,113,339
10253,3418,1094,1,231,231
10254,3418,1160,1,208,208
10255,3418,1382,1,76,76
10256,3418,1128,1,240,240
10257,3419,1194,1,365,365
10258,3419,1296,3,439,1317
10259,3419,1349,1,45,45
10260,3420,1397,2,152,304
10261,3421,1096,1,67,67
10262,3421,1076,1,180,180
10263,3422,1085,3,326,978
10264,3422,1475,2,260,520
10265,3422,1313,3,212,636
10266,3422,1187,2,98,196
10267,3422,1031,2,167,334
10268,3423,1379,3,217,651
10269,3423,1115,2,219,438
10270,3423,1454,2,131,262
10271,3423,1258,2,448,896
10272,3423,1482,2,205,410
10273,3424,1031,1,167,167
10274,3424,1411,1,281,281
10275,3425,1144,2,42,84
10276,3425,1442,2,67,134
10277,3425,1324,1,202,202
10278,3425,1413,2,124,248
10279,3426,1408,2,353,706
10280,3426,1496,1,140,140
10281,3426,1005,3,355,1065
10282,3426,1128,2,240,480
10283,3426,1283,2,28,56
10284,3427,1015,3,283,849
10285,3427,1029,3,168,504
10286,3428,1230,1,309,309
10287,3428,1435,2,224,448
10288,3429,1436,2,210,420
10289,3429,1313,1,212,212
10290,3429,1310,2,164,328
10291,3430,1218,3,108,324
10292,3430,1362,1,182,182
10293,3431,1293,3,160,480
10294,3431,1211,3,102,306
10295,3431,1112,1,198,198
10296,3432,1346,1,375,375
10297,3432,1446,3,73,219
10298,3432,1124,1,249,249
10299,3432,1279,3,104,312
10300,3432,1014,3,163,489
10301,3433,1370,3,300,900
10302,3433,1348,1,176,176
10303,3434,1147,1,170,170
10304,3434,1490,1,232,232
10305,3434,1195,2,416,832
10306,3434,1070,3,346,1038
10307,3434,1105,1,327,327
10308,3435,1461,1,301,301
10309,3435,1075,3,74,222
10310,3435,1321,3,372,1116
10311,3435,1217,2,131,262
10312,3435,1073,1,59,59
10313,3436,1113,3,136,408
10314,3436,1406,2,43,86
10315,3436,1285,3,120,360
10316,3437,1057,1,93,93
10317,3437,1336,3,363,1089
10318,3438,1026,1,182,182
10319,3438,1021,1,158,158
10320,3438,1295,3,132,396
10321,3438,1210,1,352,352
10322,3439,1269,1,357,357
10323,3439,1102,3,38,114
10324,3440,1134,2,407,814
10325,3440,1350,2,341,682
10326,3440,1465,3,190,570
10327,3440,1144,2,42,84
10328,3441,1205,1,445,445
10329,3441,1055,3,132,396
10330,3441,1320,3,192,576
10331,3441,1469,2,362,724
10332,3441,1368,2,302,604
10333,3442,1089,1,384,384
10334,3443,1403,1,256,256
10335,3444,1051,1,57,57
10336,3444,1162,3,250,750
10337,3444,1098,2,153,306
10338,3444,1341,1,102,102
10339,3445,1336,1,363,363
10340,3446,1447,1,405,405
10341,3446,1101,1,247,247
10342,3446,1399,1,347,347
10343,3446,1305,2,72,144
10344,3446,1024,2,21,42
10345,3447,1280,3,184,552
10346,3448,1065,2,120,240
10347,3448,1409,3,346,1038
10348,3448,1075,1,74,74
10349,3448,1319,1,430,430
10350,3448,1036,2,99,198
10351,3449,1399,1,347,347
10352,3449,1084,3,403,1209
10353,3450,1028,3,95,285
10354,3450,1244,3,282,846
10355,3450,1409,3,346,1038
10356,3450,1003,2,84,168
10357,3451,1427,1,163,163
10358,3451,1094,1,231,231
10359,3451,1297,3,50,150
10360,3451,1418,1,315,315
10361,3452,1355,3,346,1038
10362,3453,1044,2,80,160
10363,3453,1470,2,438,876
10364,3453,1241,3,164,492
10365,3453,1237,2,417,834
10366,3453,1337,3,203,609
10367,3454,1030,1,441,441
10368,3454,1094,3,231,693
10369,3454,1410,2,429,858
10370,3455,1350,1,341,341
10371,3455,1110,1,275,275
10372,3456,1116,1,99,99
10373,3456,1377,2,183,366
10374,3456,1383,1,22,22
10375,3456,1141,1,433,433
10376,3457,1002,2,60,120
10377,3457,1068,3,443,1329
10378,3457,1124,3,249,747
10379,3457,1469,3,362,1086
10380,3457,1316,3,374,1122
10381,3458,1124,2,249,498
10382,3458,1480,3,351,1053
10383,3459,1230,1,309,309
10384,3459,1078,1,316,316
10385,3459,1061,1,55,55
10386,3460,1194,1,365,365
10387,3460,1037,2,338,676
10388,3461,1056,1,135,135
10389,3461,1147,2,170,340
10390,3461,1313,1,212,212
10391,3461,1149,1,257,257
10392,3462,1218,1,108,108
10393,3462,1441,1,271,271
10394,3462,1074,2,102,204
10395,3462,1147,2,170,340
10396,3463,1143,2,353,706
10397,3463,1494,1,93,93
10398,3463,1467,1,77,77
10399,3463,1286,2,373,746
10400,3463,1365,3,260,780
10401,3464,1052,2,398,796
10402,3464,1061,2,55,110
10403,3464,1498,1,159,159
10404,3465,1333,3,118,354
10405,3466,1240,2,204,408
10406,3467,1173,1,328,328
10407,3468,1286,3,373,1119
10408,3468,1467,3,77,231
10409,3468,1248,3,160,480
10410,3468,1087,1,71,71
10411,3468,1042,1,424,424
10412,3469,1278,2,145,290
10413,3470,1348,2,176,352
10414,3470,1266,1,138,138
10415,3470,1458,1,272,272
10416,3470,1448,2,113,226
10417,3470,1435,2,224,448
10418,3471,1051,3,57,171
10419,3471,1361,2,149,298
10420,3472,1040,2,225,450
10421,3472,1081,3,172,516
10422,3472,1162,2,250,500
10423,3472,1345,1,410,410
10424,3472,1444,3,245,735
10425,3473,1399,3,347,1041
10426,3473,1490,2,232,464
10427,3473,1002,1,60,60
10428,3473,1145,2,328,656
10429,3474,1247,1,205,205
10430,3474,1180,1,150,150
10431,3475,1469,3,362,1086
10432,3475,1498,2,159,318
10433,3475,1126,2,380,760
10434,3475,1385,1,371,371
10435,3476,1296,3,439,1317
10436,3476,1307,1,339,339
10437,3476,1406,1,43,43
10438,3477,1228,2,384,768
10439,3477,1217,2,131,262
10440,3477,1446,2,73,146
10441,3477,1223,1,185,185
10442,3478,1122,2,278,556
10443,3478,1434,1,231,231
10444,3479,1241,3,164,492
10445,3479,1164,1,61,61
10446,3479,1054,3,413,1239
10447,3479,1184,2,157,314
10448,3479,1134,2,407,814
10449,3480,1060,3,228,684
10450,3480,1370,2,300,600
10451,3480,1277,3,60,180
10452,3480,1046,1,368,368
10453,3480,1234,2,200,400
10454,3481,1231,2,236,472
10455,3481,1310,1,164,164
10456,3481,1263,1,136,136
10457,3481,1131,2,281,562
10458,3481,1440,3,195,585
10459,3482,1186,2,223,446
10460,3483,1018,3,156,468
10461,3484,1451,2,182,364
10462,3484,1126,3,380,1140
10463,3484,1143,1,353,353
10464,3485,1055,3,132,396
10465,3485,1386,3,388,1164
10466,3485,1016,1,430,430
10467,3486,1082,3,40,120
10468,3486,1087,3,71,213
10469,3486,1250,1,85,85
10470,3487,1354,1,347,347
10471,3487,1077,2,360,720
10472,3487,1010,3,243,729
10473,3487,1255,2,440,880
10474,3488,1445,1,312,312
10475,3488,1167,2,151,302
10476,3488,1365,1,260,260
10477,3489,1269,1,357,357
10478,3489,1075,2,74,148
10479,3489,1125,2,45,90
10480,3490,1331,2,296,592
10481,3490,1170,2,40,80
10482,3490,1110,2,275,550
10483,3490,1177,3,408,1224
10484,3490,1141,1,433,433
10485,3491,1295,1,132,132
10486,3491,1094,3,231,693
10487,3491,1452,2,75,150
10488,3491,1249,1,183,183
10489,3492,1059,2,190,380
10490,3493,1325,1,441,441
10491,3493,1212,1,372,372
10492,3494,1372,1,435,435
10493,3494,1157,3,175,525
10494,3495,1224,1,268,268
10495,3495,1450,3,156,468
10496,3495,1276,2,22,44
10497,3495,1457,2,386,772
10498,3496,1475,2,260,520
10499,3497,1398,1,199,199
10500,3498,1207,1,298,298
10501,3498,1063,1,313,313
10502,3499,1126,1,380,380
10503,3499,1029,3,168,504
10504,3499,1190,3,182,546
10505,3499,1482,1,205,205
10506,3499,1399,1,347,347
10507,3500,1443,3,127,381
10508,3500,1057,2,93,186
10509,3500,1069,3,290,870
10510,3500,1436,1,210,210
10511,3500,1293,2,160,320
10512,3501,1341,2,102,204
10513,3501,1430,3,411,1233
10514,3502,1003,1,84,84
10515,3502,1210,3,352,1056
10516,3503,1029,3,168,504
10517,3503,1215,2,412,824
10518,3504,1234,2,200,400
10519,3504,1329,2,145,290
10520,3504,1395,1,184,184
10521,3504,1056,3,135,405
10522,3505,1208,1,259,259
10523,3505,1383,2,22,44
10524,3505,1325,1,441,441
10525,3505,1474,2,21,42
10526,3505,1022,2,91,182
10527,3506,1403,2,256,512
10528,3506,1377,2,183,366
10529,3507,1199,2,107,214
10530,3507,1102,1,38,38
10531,3507,1358,1,321,321
10532,3508,1215,3,412,1236
10533,3508,1462,1,349,349
10534,3508,1311,2,189,378
10535,3508,1298,1,320,320
10536,3509,1467,1,77,77
10537,3509,1293,3,160,480
10538,3509,1374,2,143,286
10539,3509,1091,2,86,172
10540,3509,1275,2,186,372
10541,3510,1341,2,102,204
10542,3510,1113,1,136,136
10543,3510,1318,3,448,1344
10544,3511,1306,1,24,24
10545,3512,1052,1,398,398
10546,3512,1245,3,176,528
10547,3512,1279,3,104,312
10548,3513,1474,1,21,21
10549,3513,1039,3,52,156
10550,3513,1424,3,83,249
10551,3513,1184,3,157,471
10552,3514,1338,3,121,363
10553,3514,1337,3,203,609
10554,3514,1345,1,410,410
10555,3515,1353,2,69,138
10556,3515,1364,2,125,250
10557,3516,1323,3,42,126
10558,3517,1183,1,35,35
10559,3518,1199,1,107,107
10560,3519,1461,2,301,602
10561,3519,1048,2,295,590
10562,3519,1437,3,308,924
10563,3519,1205,2,445,890
10564,3519,1303,3,133,399
10565,3520,1059,3,190,570
10566,3520,1047,3,399,1197
10567,3520,1322,2,187,374
10568,3520,1007,1,252,252
10569,3520,1266,1,138,138
10570,3521,1109,1,302,302
10571,3521,1307,3,339,1017
10572,3522,1224,3,268,804
10573,3522,1181,1,51,51
10574,3522,1455,1,31,31
10575,3523,1490,2,232,464
10576,3524,1405,3,270,810
10577,3524,1195,2,416,832
10578,3524,1245,3,176,528
10579,3525,1415,1,111,111
10580,3525,1113,1,136,136
10581,3525,1342,1,418,418
10582,3525,1425,1,365,365
10583,3526,1010,2,243,486
10584,3526,1480,1,351,351
10585,3526,1332,3,70,210
10586,3527,1144,1,42,42
10587,3527,1279,3,104,312
10588,3528,1125,2,45,90
10589,3528,1271,1,355,355
10590,3528,1134,3,407,1221
10591,3529,1057,2,93,186
10592,3529,1370,1,300,300
10593,3529,1167,2,151,302
10594,3529,1361,3,149,447
10595,3529,1395,1,184,184
10596,3530,1007,2,252,504
10597,3530,1277,1,60,60
10598,3530,1271,2,355,710
10599,3530,1433,1,217,217
10600,3530,1493,2,169,338
10601,3531,1362,3,182,546
10602,3531,1487,1,114,114
10603,3531,1136,2,342,684
10604,3531,1318,1,448,448
10605,3532,1029,2,168,336
10606,3532,1288,3,134,402
10607,3533,1139,2,157,314
10608,3533,1403,2,256,512
10609,3534,1418,2,315,630
10610,3534,1391,1,273,273
10611,3534,1005,3,355,1065
10612,3535,1152,1,301,301
10613,3535,1098,1,153,153
10614,3535,1486,3,444,1332
10615,3535,1493,3,169,507
10616,3535,1205,1,445,445
10617,3536,1440,1,195,195
10618,3536,1180,1,150,150
10619,3536,1114,3,55,165
10620,3536,1350,1,341,341
10621,3536,1437,1,308,308
10622,3537,1338,1,121,121
10623,3537,1260,3,168,504
10624,3538,1337,3,203,609
10625,3539,1467,1,77,77
10626,3539,1002,2,60,120
10627,3539,1037,1,338,338
10628,3540,1149,1,257,257
10629,3540,1497,3,337,1011
10630,3540,1379,1,217,217
10631,3540,1142,1,124,124
10632,3541,1324,3,202,606
10633,3541,1353,3,69,207
10634,3541,1403,2,256,512
10635,3542,1251,1,275,275
10636,3542,1016,2,430,860
10637,3543,1324,1,202,202
10638,3543,1381,3,286,858
10639,3543,1318,2,448,896
10640,3543,1385,3,371,1113
10641,3544,1049,3,323,969
10642,3544,1150,2,191,382
10643,3544,1124,3,249,747
10644,3544,1056,3,135,405
10645,3544,1142,2,124,248
10646,3545,1244,2,282,564
10647,3545,1387,1,252,252
10648,3546,1368,1,302,302
10649,3546,1251,3,275,825
10650,3547,1023,3,312,936
10651,3547,1442,1,67,67
10652,3547,1335,3,127,381
10653,3547,1081,2,172,344
10654,3548,1385,3,371,1113
10655,3548,1038,1,127,127
10656,3548,1310,2,164,328
10657,3548,1048,1,295,295
10658,3549,1130,3,33,99
10659,3549,1238,1,222,222
10660,3550,1390,3,180,540
10661,3550,1346,3,375,1125
10662,3551,1173,2,328,656
10663,3552,1375,3,169,507
10664,3552,1415,2,111,222
10665,3552,1023,2,312,624
10666,3552,1420,1,403,403
10667,3552,1424,2,83,166
10668,3553,1417,2,114,228
10669,3553,1224,2,268,536
10670,3553,1333,3,118,354
10671,3554,1393,1,372,372
10672,3554,1005,1,355,355
10673,3554,1196,1,367,367
10674,3555,1064,1,124,124
10675,3555,1090,2,279,558
10676,3556,1378,3,310,930
10677,3557,1041,3,207,621
10678,3557,1322,2,187,374
10679,3557,1045,2,30,60
10680,3557,1397,3,152,456
10681,3557,1099,2,287,574
10682,3558,1114,1,55,55
10683,3558,1113,2,136,272
10684,3558,1235,3,309,927
10685,3558,1431,1,258,258
10686,3558,1368,1,302,302
10687,3559,1109,1,302,302
10688,3559,1125,3,45,135
10689,3559,1110,3,275,825
10690,3559,1073,1,59,59
10691,3559,1339,3,88,264
10692,3560,1311,1,189,189
10693,3561,1103,1,238,238
10694,3562,1477,1,170,170
10695,3563,1217,3,131,393
10696,3563,1079,2,54,108
10697,3563,1084,1,403,403
10698,3563,1366,3,129,387
10699,3563,1220,3,361,1083
10700,3564,1104,1,209,209
10701,3564,1208,1,259,259
10702,3565,1046,3,368,1104
10703,3565,1473,2,105,210
10704,3565,1403,3,256,768
10705,3565,1342,3,418,1254
10706,3565,1381,2,286,572
10707,3566,1405,2,270,540
10708,3567,1042,1,424,424
10709,3567,1094,3,231,693
10710,3568,1287,1,344,344
10711,3568,1195,3,416,1248
10712,3568,1362,3,182,546
10713,3568,1387,3,252,756
10714,3568,1283,3,28,84
10715,3569,1249,3,183,549
10716,3569,1479,2,334,668
10717,3570,1215,2,412,824
10718,3570,1444,3,245,735
10719,3570,1020,3,347,1041
10720,3570,1004,2,272,544
10721,3570,1486,3,444,1332
10722,3571,1135,2,307,614
10723,3571,1402,2,446,892
10724,3571,1042,2,424,848
10725,3571,1393,1,372,372
10726,3571,1182,3,116,348
10727,3572,1235,1,309,309
10728,3572,1372,1,435,435
10729,3573,1162,2,250,500
10730,3573,1025,2,315,630
10731,3573,1020,3,347,1041
10732,3573,1085,1,326,326
10733,3573,1266,3,138,414
10734,3574,1038,2,127,254
10735,3574,1148,1,19,19
10736,3574,1142,3,124,372
10737,3574,1333,1,118,118
10738,3574,1366,1,129,129
10739,3575,1475,3,260,780
10740,3575,1336,1,363,363
10741,3575,1161,2,439,878
10742,3575,1391,2,273,546
10743,3576,1168,1,321,321
10744,3576,1269,2,357,714
10745,3576,1037,3,338,1014
10746,3576,1413,3,124,372
10747,3576,1211,3,102,306
10748,3577,1118,2,434,868
10749,3577,1130,2,33,66
10750,3577,1323,2,42,84
10751,3578,1397,3,152,456
10752,3578,1006,2,445,890
10753,3578,1401,2,189,378
10754,3578,1295,2,132,264
10755,3578,1028,3,95,285
10756,3579,1411,2,281,562
10757,3579,1212,3,372,1116
10758,3580,1413,3,124,372
10759,3580,1152,1,301,301
10760,3580,1195,1,416,416
10761,3580,1148,2,19,38
10762,3580,1199,2,107,214
10763,3581,1335,1,127,127
10764,3582,1485,3,290,870
10765,3582,1082,3,40,120
10766,3583,1343,2,116,232
10767,3583,1273,2,63,126
10768,3583,1204,3,267,801
10769,3583,1250,2,85,170
10770,3584,1009,1,46,46
10771,3584,1454,2,131,262
10772,3584,1054,1,413,413
10773,3584,1432,1,133,133
10774,3584,1461,1,301,301
10775,3585,1127,1,288,288
10776,3586,1408,2,353,706
10777,3587,1469,1,362,362
10778,3588,1283,1,28,28
10779,3588,1488,1,109,109
10780,3588,1239,2,224,448
10781,3588,1083,1,170,170
10782,3588,1162,1,250,250
10783,3589,1036,2,99,198
10784,3590,1402,3,446,1338
10785,3590,1496,1,140,140
10786,3590,1092,3,230,690
10787,3590,1321,2,372,744
10788,3591,1151,1,208,208
10789,3591,1328,1,213,213
10790,3591,1129,1,315,315
10791,3591,1469,2,362,724
10792,3592,1362,1,182,182
10793,3592,1163,3,31,93
10794,3592,1412,1,22,22
10795,3592,1290,1,341,341
10796,3592,1476,3,354,1062
10797,3593,1163,1,31,31
10798,3593,1455,3,31,93
10799,3593,1083,3,170,510
10800,3594,1492,3,214,642
10801,3594,1299,2,245,490
10802,3594,1356,3,298,894
10803,3595,1004,2,272,544
10804,3595,1044,2,80,160
10805,3595,1073,1,59,59
10806,3596,1248,2,160,320
10807,3597,1327,1,189,189
10808,3598,1488,3,109,327
10809,3598,1389,3,326,978
10810,3598,1159,2,129,258
10811,3598,1187,3,98,294
10812,3599,1171,1,225,225
10813,3599,1124,3,249,747
10814,3599,1109,2,302,604
10815,3599,1163,1,31,31
10816,3600,1334,3,139,417
10817,3600,1200,3,370,1110
10818,3600,1263,2,136,272
10819,3600,1261,1,303,303
10820,3600,1177,2,408,816
10821,3601,1429,3,347,1041
10822,3601,1332,1,70,70
10823,3601,1222,2,278,556
10824,3601,1131,1,281,281
10825,3601,1241,3,164,492
10826,3602,1176,3,132,396
10827,3603,1111,1,92,92
10828,3603,1278,3,145,435
10829,3603,1475,3,260,780
10830,3603,1010,3,243,729
10831,3603,1336,3,363,1089
10832,3604,1389,1,326,326
10833,3604,1226,2,170,340
10834,3604,1402,2,446,892
10835,3604,1334,2,139,278
10836,3604,1452,2,75,150
10837,3605,1143,1,353,353
10838,3605,1003,3,84,252
10839,3606,1163,3,31,93
10840,3606,1051,1,57,57
10841,3607,1022,1,91,91
10842,3607,1367,1,251,251
10843,3607,1163,1,31,31
10844,3607,1174,2,200,400
10845,3607,1366,3,129,387
10846,3608,1177,3,408,1224
10847,3609,1438,2,343,686
10848,3609,1012,3,445,1335
10849,3610,1142,2,124,248
10850,3610,1044,1,80,80
10851,3610,1374,1,143,143
10852,3611,1043,2,18,36
10853,3611,1461,2,301,602
10854,3612,1003,2,84,168
10855,3613,1221,3,273,819
10856,3613,1090,1,279,279
10857,3614,1334,1,139,139
10858,3614,1385,1,371,371
10859,3614,1420,3,403,1209
10860,3614,1330,2,264,528
10861,3614,1192,3,238,714
10862,3615,1166,2,312,624
10863,3615,1146,2,417,834
10864,3616,1327,3,189,567
10865,3616,1132,2,172,344
10866,3616,1249,1,183,183
10867,3617,1294,3,333,999
10868,3617,1052,2,398,796
10869,3617,1265,2,214,428
10870,3618,1403,1,256,256
10871,3619,1427,2,163,326
10872,3620,1342,2,418,836
10873,3620,1253,3,337,1011
10874,3621,1312,2,280,560
10875,3621,1127,2,288,576
10876,3622,1361,2,149,298
10877,3622,1087,2,71,142
10878,3622,1075,1,74,74
10879,3622,1274,3,264,792
10880,3623,1228,1,384,384
10881,3624,1348,3,176,528
10882,3625,1086,1,235,235
10883,3625,1288,3,134,402
10884,3625,1025,2,315,630
10885,3625,1270,1,145,145
10886,3625,1385,1,371,371
10887,3626,1386,2,388,776
10888,3626,1075,3,74,222
10889,3626,1276,3,22,66
10890,3626,1478,2,264,528
10891,3626,1372,2,435,870
10892,3627,1256,3,395,1185
10893,3628,1061,3,55,165
10894,3628,1230,2,309,618
10895,3629,1231,3,236,708
10896,3629,1290,2,341,682
10897,3630,1378,3,310,930
10898,3631,1258,3,448,1344
10899,3631,1248,2,160,320
10900,3631,1429,2,347,694
10901,3631,1436,3,210,630
10902,3631,1247,1,205,205
10903,3632,1152,2,301,602
10904,3633,1494,1,93,93
10905,3634,1086,3,235,705
10906,3634,1454,1,131,131
10907,3634,1253,3,337,1011
10908,3634,1147,1,170,170
10909,3634,1103,3,238,714
10910,3635,1241,1,164,164
10911,3635,1412,1,22,22
10912,3635,1011,1,90,90
10913,3636,1246,1,62,62
10914,3636,1274,2,264,528
10915,3636,1194,1,365,365
10916,3637,1183,1,35,35
10917,3637,1404,2,408,816
10918,3637,1208,3,259,777
10919,3638,1326,2,366,732
10920,3638,1352,2,353,706
10921,3639,1155,1,35,35
10922,3639,1362,3,182,546
10923,3640,1338,2,121,242
10924,3640,1035,1,382,382
10925,3640,1216,3,423,1269
10926,3640,1394,2,246,492
10927,3640,1058,2,328,656
10928,3641,1075,2,74,148
10929,3641,1043,2,18,36
10930,3641,1045,2,30,60
10931,3642,1410,3,429,1287
10932,3642,1083,3,170,510
10933,3642,1189,1,186,186
10934,3643,1103,2,238,476
10935,3643,1068,1,443,443
10936,3643,1425,1,365,365
10937,3643,1302,2,336,672
10938,3644,1340,3,256,768
10939,3644,1154,1,405,405
10940,3645,1074,1,102,102
10941,3645,1212,3,372,1116
10942,3645,1404,1,408,408
10943,3646,1192,3,238,714
10944,3646,1308,2,359,718
10945,3646,1392,2,212,424
10946,3646,1034,3,422,1266
10947,3647,1007,3,252,756
10948,3647,1061,3,55,165
10949,3647,1437,1,308,308
10950,3647,1296,3,439,1317
10951,3647,1308,1,359,359
10952,3648,1466,1,336,336
10953,3648,1126,2,380,760
10954,3648,1225,2,264,528
10955,3648,1361,3,149,447
10956,3648,1252,3,272,816
10957,3649,1014,2,163,326
10958,3650,1178,2,149,298
10959,3650,1381,3,286,858
10960,3651,1335,2,127,254
10961,3651,1475,2,260,520
10962,3652,1229,3,194,582
10963,3652,1196,3,367,1101
10964,3653,1040,1,225,225
10965,3653,1285,2,120,240
10966,3653,1436,2,210,420
10967,3653,1328,3,213,639
10968,3653,1419,1,112,112
10969,3654,1493,1,169,169
10970,3654,1442,1,67,67
10971,3654,1499,3,41,123
10972,3654,1102,3,38,114
10973,3654,1249,3,183,549
10974,3655,1330,2,264,528
10975,3655,1408,2,353,706
10976,3655,1335,1,127,127
10977,3655,1498,3,159,477
10978,3656,1205,2,445,890
10979,3656,1273,3,63,189
10980,3656,1172,2,305,610
10981,3657,1314,3,274,822
10982,3657,1154,1,405,405
10983,3657,1451,2,182,364
10984,3657,1201,3,244,732
10985,3657,1218,1,108,108
10986,3658,1198,2,356,712
10987,3658,1088,2,440,880
10988,3658,1030,1,441,441
10989,3658,1331,2,296,592
10990,3659,1404,3,408,1224
10991,3659,1500,3,187,561
10992,3660,1407,1,65,65
10993,3660,1328,2,213,426
10994,3661,1085,3,326,978
10995,3661,1070,1,346,346
10996,3661,1372,3,435,1305
10997,3662,1222,1,278,278
10998,3662,1039,1,52,52
10999,3662,1024,1,21,21
11000,3662,1370,2,300,600
11001,3662,1246,3,62,186
11002,3663,1259,2,304,608
11003,3664,1394,3,246,738
11004,3665,1478,1,264,264
11005,3666,1182,2,116,232
11006,3667,1074,2,102,204
11007,3667,1306,2,24,48
11008,3668,1382,1,76,76
11009,3669,1398,3,199,597
11010,3669,1186,2,223,446
11011,3669,1364,3,125,375
11012,3669,1366,1,129,129
11013,3669,1148,3,19,57
11014,3670,1354,2,347,694
11015,3670,1029,1,168,168
11016,3670,1436,1,210,210
11017,3670,1352,2,353,706
11018,3670,1228,2,384,768
11019,3671,1165,2,282,564
11020,3671,1374,1,143,143
11021,3672,1405,1,270,270
11022,3672,1448,1,113,113
11023,3672,1180,2,150,300
11024,3672,1204,1,267,267
11025,3672,1320,3,192,576
11026,3673,1196,1,367,367
11027,3673,1260,2,168,336
11028,3674,1025,1,315,315
11029,3675,1059,1,190,190
11030,3675,1335,3,127,381
11031,3676,1158,2,77,154
11032,3676,1290,2,341,682
11033,3676,1230,3,309,927
11034,3676,1393,1,372,372
11035,3677,1053,3,39,117
11036,3677,1237,2,417,834
11037,3677,1388,2,239,478
11038,3677,1492,2,214,428
11039,3678,1304,2,411,822
11040,3678,1388,2,239,478
11041,3679,1404,2,408,816
11042,3679,1346,2,375,750
11043,3679,1410,2,429,858
11044,3679,1129,1,315,315
11045,3680,1238,1,222,222
11046,3680,1396,3,301,903
11047,3680,1377,3,183,549
11048,3681,1293,3,160,480
11049,3681,1423,1,231,231
11050,3681,1224,2,268,536
11051,3681,1079,2,54,108
11052,3681,1206,3,287,861
11053,3682,1264,3,144,432
11054,3682,1303,2,133,266
11055,3682,1455,2,31,62
11056,3683,1281,1,42,42
11057,3684,1219,1,317,317
11058,3684,1430,3,411,1233
11059,3684,1104,1,209,209
11060,3684,1150,2,191,382
11061,3685,1072,3,387,1161
11062,3685,1350,1,341,341
11063,3685,1090,3,279,837
11064,3685,1128,2,240,480
11065,3685,1492,3,214,642
11066,3686,1051,2,57,114
11067,3686,1026,2,182,364
11068,3687,1251,3,275,825
11069,3688,1474,3,21,63
11070,3688,1282,1,175,175
11071,3689,1022,1,91,91
11072,3689,1328,3,213,639
11073,3689,1307,2,339,678
11074,3689,1437,1,308,308
11075,3689,1137,2,421,842
11076,3690,1278,1,145,145
11077,3690,1451,1,182,182
11078,3691,1170,3,40,120
11079,3691,1401,1,189,189
11080,3691,1260,1,168,168
11081,3691,1472,2,285,570
11082,3691,1452,2,75,150
11083,3692,1041,3,207,621
11084,3693,1202,1,303,303
11085,3693,1343,1,116,116
11086,3693,1436,2,210,420
11087,3693,1361,2,149,298
11088,3693,1416,3,338,1014
11089,3694,1465,3,190,570
11090,3695,1095,3,212,636
11091,3695,1189,1,186,186
11092,3695,1158,2,77,154
11093,3695,1218,3,108,324
11094,3696,1315,3,26,78
11095,3696,1069,1,290,290
11096,3696,1013,1,389,389
11097,3697,1158,1,77,77
11098,3698,1108,3,243,729
11099,3698,1224,2,268,536
11100,3698,1103,1,238,238
11101,3698,1422,2,356,712
11102,3698,1117,3,67,201
11103,3699,1018,2,156,312
11104,3700,1063,3,313,939
11105,3700,1264,3,144,432
11106,3700,1489,2,149,298
11107,3700,1263,1,136,136
11108,3701,1276,3,22,66
11109,3702,1471,1,96,96
11110,3702,1165,1,282,282
11111,3702,1222,2,278,556
11112,3702,1382,1,76,76
11113,3702,1004,3,272,816
11114,3703,1474,2,21,42
11115,3703,1165,2,282,564
11116,3703,1105,2,327,654
11117,3703,1163,3,31,93
11118,3703,1391,3,273,819
11119,3704,1047,2,399,798
11120,3704,1451,1,182,182
11121,3704,1234,1,200,200
11122,3705,1233,2,350,700
11123,3705,1360,1,31,31
11124,3705,1189,2,186,372
11125,3705,1326,2,366,732
11126,3706,1443,1,127,127
11127,3707,1288,3,134,402
11128,3707,1017,3,231,693
11129,3708,1464,3,139,417
11130,3708,1009,1,46,46
11131,3708,1199,3,107,321
11132,3708,1334,2,139,278
11133,3709,1483,1,410,410
11134,3709,1127,3,288,864
11135,3710,1480,1,351,351
11136,3710,1072,3,387,1161
11137,3710,1277,1,60,60
11138,3710,1185,2,86,172
11139,3711,1189,1,186,186
11140,3711,1271,3,355,1065
11141,3712,1153,2,336,672
11142,3712,1116,2,99,198
11143,3712,1142,3,124,372
11144,3712,1119,1,223,223
11145,3713,1301,2,103,206
11146,3713,1304,3,411,1233
11147,3713,1030,2,441,882
11148,3713,1218,2,108,216
11149,3714,1357,1,440,440
11150,3714,1126,1,380,380
11151,3714,1450,1,156,156
11152,3715,1212,2,372,744
11153,3715,1111,2,92,184
11154,3715,1348,2,176,352
11155,3715,1107,1,397,397
11156,3716,1052,1,398,398
11157,3716,1470,2,438,876
11158,3716,1453,2,283,566
11159,3717,1257,1,75,75
11160,3717,1403,2,256,512
11161,3717,1135,1,307,307
11162,3718,1341,1,102,102
11163,3718,1327,2,189,378
11164,3718,1130,1,33,33
11165,3719,1195,3,416,1248
11166,3719,1443,2,127,254
11167,3719,1478,2,264,528
11168,3719,1133,1,188,188
11169,3720,1498,3,159,477
11170,3720,1206,3,287,861
11171,3721,1133,3,188,564
11172,3721,1451,3,182,546
11173,3721,1350,3,341,1023
11174,3721,1396,2,301,602
11175,3722,1200,3,370,1110
11176,3722,1254,1,182,182
11177,3722,1134,2,407,814
11178,3723,1192,3,238,714
11179,3723,1033,1,416,416
11180,3723,1362,1,182,182
11181,3724,1001,1,54,54
11182,3724,1387,3,252,756
11183,3725,1474,1,21,21
11184,3725,1340,2,256,512
11185,3725,1255,1,440,440
11186,3725,1361,3,149,447
11187,3725,1314,2,274,548
11188,3726,1302,2,336,672
11189,3726,1164,1,61,61
11190,3726,1458,3,272,816
11191,3726,1053,3,39,117
11192,3727,1239,1,224,224
11193,3727,1197,2,337,674
11194,3727,1485,3,290,870
11195,3727,1095,2,212,424
11196,3728,1344,1,224,224
11197,3728,1219,2,317,634
11198,3728,1492,1,214,214
11199,3729,1054,1,413,413
11200,3729,1136,2,342,684
11201,3730,1451,3,182,546
11202,3730,1080,2,278,556
11203,3730,1292,3,267,801
11204,3730,1321,3,372,1116
11205,3730,1213,2,98,196
11206,3731,1342,3,418,1254
11207,3731,1482,1,205,205
11208,3731,1301,3,103,309
11209,3731,1210,2,352,704
11210,3731,1027,3,376,1128
11211,3732,1291,1,399,399
11212,3732,1052,2,398,796
11213,3732,1412,3,22,66
11214,3732,1477,3,170,510
11215,3733,1249,3,183,549
11216,3733,1333,1,118,118
11217,3733,1107,2,397,794
11218,3734,1016,1,430,430
11219,3734,1194,1,365,365
11220,3735,1465,1,190,190
11221,3735,1288,1,134,134
11222,3736,1129,1,315,315
11223,3736,1182,1,116,116
11224,3736,1043,3,18,54
11225,3737,1356,2,298,596
11226,3737,1278,3,145,435
11227,3737,1226,3,170,510
11228,3737,1487,2,114,228
11229,3737,1284,2,109,218
11230,3738,1410,2,429,858
11231,3738,1025,3,315,945
11232,3738,1375,3,169,507
11233,3738,1250,1,85,85
11234,3739,1433,2,217,434
11235,3739,1268,3,347,1041
11236,3740,1202,1,303,303
11237,3740,1187,3,98,294
11238,3740,1224,2,268,536
11239,3741,1014,2,163,326
11240,3741,1260,2,168,336
11241,3741,1254,1,182,182
11242,3742,1118,1,434,434
11243,3742,1218,2,108,216
11244,3742,1412,1,22,22
11245,3743,1373,1,27,27
11246,3743,1161,1,439,439
11247,3743,1474,3,21,63
11248,3743,1472,2,285,570
11249,3743,1160,3,208,624
11250,3744,1090,3,279,837
11251,3744,1357,3,440,1320
11252,3745,1452,1,75,75
11253,3745,1111,2,92,184
11254,3745,1092,3,230,690
11255,3745,1253,2,337,674
11256,3746,1440,2,195,390
11257,3746,1139,3,157,471
11258,3746,1358,3,321,963
11259,3746,1471,2,96,192
11260,3746,1382,3,76,228
11261,3747,1339,2,88,176
11262,3747,1255,1,440,440
11263,3747,1091,1,86,86
11264,3747,1451,3,182,546
11265,3747,1263,1,136,136
11266,3748,1215,1,412,412
11267,3749,1257,3,75,225
11268,3750,1201,2,244,488
11269,3750,1384,1,369,369
11270,3751,1092,2,230,460
11271,3751,1208,2,259,518
11272,3751,1262,3,227,681
11273,3751,1131,1,281,281
11274,3752,1198,3,356,1068
11275,3752,1008,2,428,856
11276,3752,1053,3,39,117
11277,3753,1344,2,224,448
11278,3753,1039,1,52,52
11279,3753,1178,1,149,149
11280,3754,1147,2,170,340
11281,3754,1474,2,21,42
11282,3754,1238,2,222,444
11283,3754,1014,1,163,163
11284,3755,1316,3,374,1122
11285,3756,1108,3,243,729
11286,3757,1320,1,192,192
11287,3757,1442,1,67,67
11288,3758,1208,1,259,259
11289,3758,1132,2,172,344
11290,3758,1316,1,374,374
11291,3758,1266,2,138,276
11292,3758,1012,2,445,890
11293,3759,1270,1,145,145
11294,3759,1171,2,225,450
11295,3759,1085,2,326,652
11296,3759,1003,2,84,168
11297,3760,1212,2,372,744
11298,3761,1017,3,231,693
11299,3761,1241,3,164,492
11300,3762,1313,3,212,636
11301,3762,1027,2,376,752
11302,3762,1477,1,170,170
11303,3762,1434,2,231,462
11304,3762,1358,1,321,321
11305,3763,1219,2,317,634
11306,3764,1424,3,83,249
11307,3764,1206,3,287,861
11308,3764,1389,3,326,978
11309,3764,1236,3,197,591
11310,3764,1415,2,111,222
11311,3765,1168,2,321,642
11312,3765,1235,2,309,618
11313,3765,1059,1,190,190
11314,3765,1014,3,163,489
11315,3765,1321,1,372,372
11316,3766,1101,3,247,741
11317,3767,1428,1,157,157
11318,3767,1459,3,98,294
11319,3767,1015,3,283,849
11320,3768,1176,3,132,396
11321,3768,1213,1,98,98
11322,3768,1214,2,113,226
11323,3769,1483,2,410,820
11324,3769,1403,1,256,256
11325,3770,1409,3,346,1038
11326,3770,1421,3,186,558
11327,3771,1394,2,246,492
11328,3771,1122,3,278,834
11329,3771,1086,2,235,470
11330,3771,1054,3,413,1239
11331,3771,1413,1,124,124
11332,3772,1442,3,67,201
11333,3772,1054,1,413,413
11334,3773,1286,1,373,373
11335,3773,1248,3,160,480
11336,3773,1461,3,301,903
11337,3773,1013,3,389,1167
11338,3774,1323,1,42,42
11339,3775,1257,2,75,150
11340,3775,1354,2,347,694
11341,3776,1131,3,281,843
11342,3776,1187,1,98,98
11343,3776,1064,1,124,124
11344,3776,1032,3,244,732
11345,3776,1015,3,283,849
11346,3777,1253,3,337,1011
11347,3778,1032,1,244,244
11348,3778,1254,1,182,182
11349,3778,1132,1,172,172
11350,3778,1065,3,120,360
11351,3779,1323,2,42,84
11352,3779,1365,2,260,520
11353,3780,1154,3,405,1215
11354,3781,1437,2,308,616
11355,3781,1294,3,333,999
11356,3781,1500,3,187,561
11357,3781,1180,1,150,150
11358,3782,1061,3,55,165
11359,3783,1149,2,257,514
11360,3783,1497,2,337,674
11361,3783,1027,2,376,752
11362,3783,1141,3,433,1299
11363,3783,1162,3,250,750
11364,3784,1333,1,118,118
11365,3784,1466,2,336,672
11366,3785,1439,1,363,363
11367,3785,1479,2,334,668
11368,3785,1411,2,281,562
11369,3785,1058,1,328,328
11370,3786,1132,3,172,516
11371,3786,1098,3,153,459
11372,3786,1054,3,413,1239
11373,3786,1457,3,386,1158
11374,3787,1083,3,170,510
11375,3787,1039,2,52,104
11376,3787,1364,1,125,125
11377,3787,1299,3,245,735
11378,3788,1019,1,107,107
11379,3789,1308,1,359,359
11380,3789,1039,3,52,156
11381,3789,1282,2,175,350
11382,3790,1015,2,283,566
11383,3791,1355,1,346,346
11384,3791,1012,1,445,445
11385,3792,1213,1,98,98
11386,3792,1145,3,328,984
11387,3792,1391,1,273,273
11388,3793,1239,3,224,672
11389,3794,1362,3,182,546
11390,3794,1180,1,150,150
11391,3795,1137,3,421,1263
11392,3795,1321,2,372,744
11393,3795,1373,3,27,81
11394,3796,1464,2,139,278
11395,3796,1431,1,258,258
11396,3796,1255,1,440,440
11397,3797,1031,1,167,167
11398,3797,1299,2,245,490
11399,3797,1458,2,272,544
11400,3798,1012,1,445,445
11401,3798,1395,3,184,552
11402,3798,1370,2,300,600
11403,3799,1171,3,225,675
11404,3799,1362,2,182,364
11405,3799,1387,2,252,504
11406,3799,1476,2,354,708
11407,3799,1372,2,435,870
11408,3800,1119,2,223,446
11409,3801,1338,1,121,121
11410,3801,1214,3,113,339
11411,3801,1339,1,88,88
11412,3801,1429,2,347,694
11413,3801,1001,1,54,54
11414,3802,1381,1,286,286
11415,3802,1265,3,214,642
11416,3803,1443,1,127,127
11417,3803,1306,1,24,24
11418,3803,1178,3,149,447
11419,3803,1144,3,42,126
11420,3804,1482,3,205,615
11421,3804,1091,3,86,258
11422,3804,1180,1,150,150
11423,3805,1249,2,183,366
11424,3805,1135,3,307,921
11425,3805,1083,1,170,170
11426,3806,1341,2,102,204
11427,3806,1395,3,184,552
11428,3806,1251,2,275,550
11429,3806,1373,1,27,27
11430,3806,1065,2,120,240
11431,3807,1115,2,219,438
11432,3807,1414,1,302,302
11433,3807,1231,2,236,472
11434,3807,1027,1,376,376
11435,3808,1195,3,416,1248
11436,3808,1415,3,111,333
11437,3808,1434,3,231,693
11438,3809,1154,3,405,1215
11439,3809,1495,3,173,519
11440,3809,1327,2,189,378
11441,3810,1252,3,272,816
11442,3810,1498,3,159,477
11443,3810,1336,3,363,1089
11444,3810,1443,3,127,381
11445,3810,1331,1,296,296
11446,3811,1383,1,22,22
11447,3811,1450,2,156,312
11448,3811,1242,3,73,219
11449,3812,1002,2,60,120
11450,3812,1444,2,245,490
11451,3812,1442,3,67,201
11452,3812,1185,3,86,258
11453,3812,1275,3,186,558
11454,3813,1364,3,125,375
11455,3813,1177,2,408,816
11456,3813,1054,1,413,413
11457,3813,1281,2,42,84
11458,3813,1180,1,150,150
11459,3814,1014,1,163,163
11460,3814,1379,1,217,217
11461,3814,1011,3,90,270
11462,3814,1314,1,274,274
11463,3814,1263,1,136,136
11464,3815,1295,1,132,132
11465,3815,1358,2,321,642
11466,3815,1404,2,408,816
11467,3815,1384,2,369,738
11468,3816,1372,2,435,870
11469,3817,1332,2,70,140
11470,3817,1404,2,408,816
11471,3817,1187,2,98,196
11472,3817,1009,2,46,92
11473,3818,1342,1,418,418
11474,3818,1054,2,413,826
11475,3819,1268,1,347,347
11476,3819,1275,3,186,558
11477,3820,1076,3,180,540
11478,3820,1447,3,405,1215
11479,3820,1166,3,312,936
11480,3820,1312,2,280,560
11481,3821,1004,2,272,544
11482,3821,1216,1,423,423
11483,3821,1226,1,170,170
11484,3821,1009,1,46,46
11485,3821,1448,3,113,339
11486,3822,1347,1,418,418
11487,3822,1172,2,305,610
11488,3823,1343,3,116,348
11489,3823,1454,2,131,262
11490,3823,1102,2,38,76
11491,3823,1100,3,231,693
11492,3824,1066,1,54,54
11493,3824,1167,1,151,151
11494,3824,1067,2,320,640
11495,3824,1231,2,236,472
11496,3824,1075,2,74,148
11497,3825,1080,2,278,556
11498,3825,1254,1,182,182
11499,3825,1179,3,335,1005
11500,3825,1455,1,31,31
11501,3826,1394,3,246,738
11502,3826,1085,1,326,326
11503,3826,1328,3,213,639
11504,3827,1287,2,344,688
11505,3827,1415,3,111,333
11506,3827,1349,1,45,45
11507,3827,1069,1,290,290
11508,3827,1382,1,76,76
11509,3828,1012,3,445,1335
11510,3828,1145,2,328,656
11511,3829,1122,1,278,278
11512,3829,1076,2,180,360
11513,3829,1051,2,57,114
11514,3829,1361,3,149,447
11515,3829,1489,3,149,447
11516,3830,1433,1,217,217
11517,3830,1063,3,313,939
11518,3831,1289,3,385,1155
11519,3831,1011,2,90,180
11520,3831,1389,2,326,652
11521,3831,1150,2,191,382
11522,3831,1434,3,231,693
11523,3832,1426,1,383,383
11524,3832,1181,1,51,51
11525,3832,1214,1,113,113
11526,3832,1118,2,434,868
11527,3832,1323,1,42,42
11528,3833,1003,2,84,168
11529,3833,1390,3,180,540
11530,3833,1371,1,75,75
11531,3833,1363,2,235,470
11532,3833,1437,3,308,924
11533,3834,1256,3,395,1185
11534,3834,1242,3,73,219
11535,3835,1248,1,160,160
11536,3835,1342,1,418,418
11537,3835,1090,2,279,558
11538,3835,1030,2,441,882
11539,3835,1221,3,273,819
11540,3836,1194,3,365,1095
11541,3836,1432,3,133,399
11542,3836,1123,2,134,268
11543,3836,1050,3,151,453
11544,3836,1244,1,282,282
11545,3837,1024,1,21,21
11546,3838,1413,2,124,248
11547,3838,1432,2,133,266
11548,3838,1095,3,212,636
11549,3838,1030,2,441,882
11550,3839,1072,2,387,774
11551,3839,1145,1,328,328
11552,3839,1355,1,346,346
11553,3839,1024,2,21,42
11554,3840,1013,1,389,389
11555,3841,1203,2,271,542
11556,3841,1444,1,245,245
11557,3841,1153,3,336,1008
11558,3841,1226,1,170,170
11559,3842,1377,3,183,549
11560,3842,1156,2,354,708
11561,3843,1285,1,120,120
11562,3843,1425,2,365,730
11563,3844,1115,3,219,657
11564,3844,1015,2,283,566
11565,3844,1481,1,317,317
11566,3844,1264,1,144,144
11567,3844,1478,3,264,792
11568,3845,1138,2,281,562
11569,3845,1068,3,443,1329
11570,3845,1098,1,153,153
11571,3845,1011,2,90,180
11572,3845,1301,2,103,206
11573,3846,1463,1,18,18
11574,3847,1388,3,239,717
11575,3847,1291,2,399,798
11576,3847,1057,2,93,186
11577,3847,1193,3,414,1242
11578,3848,1216,1,423,423
11579,3848,1164,3,61,183
11580,3848,1290,2,341,682
11581,3848,1015,2,283,566
11582,3848,1116,2,99,198
11583,3849,1240,1,204,204
11584,3849,1054,3,413,1239
11585,3850,1205,1,445,445
11586,3851,1229,3,194,582
11587,3851,1013,2,389,778
11588,3851,1290,1,341,341
11589,3851,1195,1,416,416
11590,3852,1191,3,216,648
11591,3852,1306,1,24,24
11592,3852,1328,1,213,213
11593,3852,1283,1,28,28
11594,3852,1044,3,80,240
11595,3853,1385,3,371,1113
11596,3853,1187,1,98,98
11597,3853,1332,3,70,210
11598,3853,1462,2,349,698
11599,3853,1460,2,182,364
11600,3854,1350,2,341,682
11601,3854,1214,2,113,226
11602,3854,1028,3,95,285
11603,3855,1001,3,54,162
11604,3855,1019,2,107,214
11605,3856,1260,2,168,336
11606,3856,1407,2,65,130
11607,3856,1171,1,225,225
11608,3856,1077,3,360,1080
11609,3856,1133,1,188,188
11610,3857,1447,3,405,1215
11611,3857,1258,2,448,896
11612,3857,1175,3,122,366
11613,3858,1293,2,160,320
11614,3858,1197,3,337,1011
11615,3858,1120,3,428,1284
11616,3858,1122,2,278,556
11617,3859,1419,1,112,112
11618,3859,1376,2,254,508
11619,3859,1103,3,238,714
11620,3860,1213,2,98,196
11621,3860,1267,1,415,415
11622,3860,1191,2,216,432
11623,3860,1220,2,361,722
11624,3860,1269,2,357,714
11625,3861,1415,1,111,111
11626,3861,1016,1,430,430
11627,3861,1241,3,164,492
11628,3861,1409,1,346,346
11629,3861,1127,2,288,576
11630,3862,1053,2,39,78
11631,3862,1085,1,326,326
11632,3863,1447,3,405,1215
11633,3864,1359,2,47,94
11634,3865,1489,3,149,447
11635,3865,1477,1,170,170
11636,3865,1414,1,302,302
11637,3865,1303,2,133,266
11638,3866,1171,2,225,450
11639,3866,1319,3,430,1290
11640,3867,1045,2,30,60
11641,3867,1031,2,167,334
11642,3867,1145,3,328,984
11643,3868,1045,3,30,90
11644,3868,1461,3,301,903
11645,3869,1238,2,222,444
11646,3870,1221,2,273,546
11647,3870,1040,1,225,225
11648,3870,1064,1,124,124
11649,3870,1470,1,438,438
11650,3870,1459,2,98,196
11651,3871,1322,1,187,187
11652,3871,1440,2,195,390
11653,3871,1090,1,279,279
11654,3872,1460,3,182,546
11655,3872,1415,2,111,222
11656,3872,1180,2,150,300
11657,3873,1402,3,446,1338
11658,3873,1190,3,182,546
11659,3873,1267,3,415,1245
11660,3873,1132,3,172,516
11661,3874,1164,1,61,61
11662,3874,1097,2,371,742
11663,3874,1446,1,73,73
11664,3874,1136,3,342,1026
11665,3875,1209,1,114,114
11666,3875,1260,2,168,336
11667,3875,1153,3,336,1008
11668,3875,1454,2,131,262
11669,3876,1024,2,21,42
11670,3877,1248,1,160,160
11671,3877,1225,2,264,528
11672,3877,1228,3,384,1152
11673,3877,1024,2,21,42
11674,3878,1201,2,244,488
11675,3879,1160,3,208,624
11676,3879,1141,2,433,866
11677,3880,1213,3,98,294
11678,3880,1400,2,253,506
11679,3880,1306,1,24,24
11680,3881,1274,3,264,792
11681,3881,1037,2,338,676
11682,3881,1057,1,93,93
11683,3881,1448,2,113,226
11684,3882,1483,1,410,410
11685,3883,1116,3,99,297
11686,3883,1383,3,22,66
11687,3883,1415,1,111,111
11688,3883,1073,1,59,59
11689,3884,1161,3,439,1317
11690,3884,1257,3,75,225
11691,3884,1478,2,264,528
11692,3884,1034,3,422,1266
11693,3884,1346,2,375,750
11694,3885,1070,1,346,346
11695,3885,1472,3,285,855
11696,3885,1053,2,39,78
11697,3886,1019,1,107,107
11698,3886,1314,2,274,548
11699,3886,1435,1,224,224
11700,3886,1341,2,102,204
11701,3887,1193,2,414,828
11702,3887,1062,3,390,1170
11703,3887,1077,2,360,720
11704,3887,1457,3,386,1158
11705,3887,1099,3,287,861
11706,3888,1164,3,61,183
11707,3888,1076,3,180,540
11708,3889,1208,1,259,259
11709,3889,1174,3,200,600
11710,3889,1001,1,54,54
11711,3890,1070,3,346,1038
11712,3890,1257,1,75,75
11713,3890,1330,1,264,264
11714,3890,1405,3,270,810
11715,3891,1308,1,359,359
11716,3891,1205,3,445,1335
11717,3891,1374,2,143,286
11718,3891,1423,3,231,693
11719,3892,1440,2,195,390
11720,3892,1181,3,51,153
11721,3892,1085,2,326,652
11722,3892,1444,2,245,490
11723,3893,1293,3,160,480
11724,3893,1106,2,344,688
11725,3893,1353,1,69,69
11726,3894,1370,1,300,300
11727,3895,1390,3,180,540
11728,3896,1250,1,85,85
11729,3896,1113,2,136,272
11730,3897,1366,1,129,129
11731,3898,1241,1,164,164
11732,3898,1258,2,448,896
11733,3898,1416,3,338,1014
11734,3898,1002,2,60,120
11735,3899,1450,1,156,156
11736,3899,1235,1,309,309
11737,3899,1465,3,190,570
11738,3899,1021,3,158,474
11739,3899,1320,2,192,384
11740,3900,1427,1,163,163
11741,3901,1229,1,194,194
11742,3901,1183,2,35,70
11743,3901,1373,2,27,54
11744,3901,1338,1,121,121
11745,3901,1322,3,187,561
11746,3902,1399,1,347,347
11747,3902,1304,3,411,1233
11748,3902,1165,3,282,846
11749,3903,1356,2,298,596
11750,3903,1254,1,182,182
11751,3903,1333,1,118,118
11752,3904,1049,2,323,646
11753,3904,1381,3,286,858
11754,3904,1438,2,343,686
11755,3905,1093,3,435,1305
11756,3905,1053,2,39,78
11757,3905,1465,2,190,380
11758,3906,1078,3,316,948
11759,3907,1452,2,75,150
11760,3907,1470,1,438,438
11761,3907,1088,2,440,880
11762,3908,1465,1,190,190
11763,3908,1036,3,99,297
11764,3908,1332,2,70,140
11765,3908,1427,3,163,489
11766,3908,1370,2,300,600
11767,3909,1123,3,134,402
11768,3909,1248,1,160,160
11769,3909,1242,1,73,73
11770,3909,1152,1,301,301
11771,3909,1460,2,182,364
11772,3910,1018,2,156,312
11773,3910,1469,3,362,1086
11774,3911,1230,3,309,927
11775,3911,1108,3,243,729
11776,3912,1139,3,157,471
11777,3913,1188,2,128,256
11778,3913,1235,2,309,618
11779,3914,1391,1,273,273
11780,3914,1014,2,163,326
11781,3914,1192,3,238,714
11782,3915,1275,3,186,558
11783,3915,1336,1,363,363
11784,3916,1455,3,31,93
11785,3917,1362,1,182,182
11786,3918,1484,2,345,690
11787,3918,1259,1,304,304
11788,3918,1224,1,268,268
11789,3918,1199,2,107,214
11790,3919,1061,2,55,110
11791,3919,1355,1,346,346
11792,3919,1058,1,328,328
11793,3919,1338,3,121,363
11794,3920,1398,1,199,199
11795,3920,1353,2,69,138
11796,3920,1356,3,298,894
11797,3920,1157,1,175,175
11798,3921,1493,2,169,338
11799,3922,1072,2,387,774
11800,3922,1432,1,133,133
11801,3923,1262,3,227,681
11802,3923,1461,3,301,903
11803,3924,1071,2,84,168
11804,3924,1081,1,172,172
11805,3924,1349,1,45,45
11806,3924,1216,2,423,846
11807,3925,1271,3,355,1065
11808,3925,1475,2,260,520
11809,3925,1113,1,136,136
11810,3926,1198,1,356,356
11811,3927,1497,1,337,337
11812,3927,1210,2,352,704
11813,3927,1020,1,347,347
11814,3927,1482,2,205,410
11815,3927,1435,3,224,672
11816,3928,1154,1,405,405
11817,3928,1121,3,214,642
11818,3928,1360,1,31,31
11819,3929,1228,2,384,768
11820,3930,1482,3,205,615
11821,3930,1324,1,202,202
11822,3930,1226,3,170,510
11823,3930,1227,3,89,267
11824,3930,1406,1,43,43
11825,3931,1096,3,67,201
11826,3931,1201,3,244,732
11827,3931,1266,2,138,276
11828,3931,1474,3,21,63
11829,3932,1101,1,247,247
11830,3932,1097,3,371,1113
11831,3932,1204,3,267,801
11832,3932,1011,2,90,180
11833,3932,1496,3,140,420
11834,3933,1003,3,84,252
11835,3933,1235,1,309,309
11836,3933,1050,3,151,453
11837,3934,1401,2,189,378
11838,3934,1386,2,388,776
11839,3934,1292,1,267,267
11840,3935,1241,1,164,164
11841,3935,1275,3,186,558
11842,3935,1363,3,235,705
11843,3935,1342,3,418,1254
11844,3935,1374,3,143,429
11845,3936,1112,2,198,396
11846,3936,1023,1,312,312
11847,3936,1158,2,77,154
11848,3936,1352,2,353,706
11849,3936,1025,2,315,630
11850,3937,1457,1,386,386
11851,3937,1494,1,93,93
11852,3938,1026,2,182,364
11853,3939,1088,2,440,880
11854,3939,1450,2,156,312
11855,3939,1399,1,347,347
11856,3940,1418,1,315,315
11857,3940,1370,2,300,600
11858,3940,1356,2,298,596
11859,3940,1269,1,357,357
11860,3941,1365,1,260,260
11861,3941,1483,3,410,1230
11862,3941,1433,2,217,434
11863,3941,1415,3,111,333
11864,3942,1387,2,252,504
11865,3942,1304,3,411,1233
11866,3942,1072,1,387,387
11867,3942,1157,1,175,175
11868,3942,1351,2,360,720
11869,3943,1198,1,356,356
11870,3944,1451,3,182,546
11871,3944,1457,3,386,1158
11872,3945,1135,1,307,307
11873,3946,1089,1,384,384
11874,3946,1384,1,369,369
11875,3946,1308,1,359,359
11876,3946,1076,2,180,360
11877,3947,1089,2,384,768
11878,3948,1264,3,144,432
11879,3949,1195,2,416,832
11880,3949,1475,3,260,780
11881,3949,1344,3,224,672
11882,3949,1191,2,216,432
11883,3949,1416,2,338,676
11884,3950,1277,2,60,120
11885,3951,1472,3,285,855
11886,3951,1130,2,33,66
11887,3951,1218,1,108,108
11888,3951,1046,2,368,736
11889,3952,1487,1,114,114
11890,3953,1375,2,169,338
11891,3953,1354,1,347,347
11892,3953,1288,3,134,402
11893,3953,1477,2,170,340
11894,3954,1054,2,413,826
11895,3954,1114,1,55,55
11896,3955,1032,3,244,732
11897,3955,1425,3,365,1095
11898,3956,1228,2,384,768
11899,3957,1085,1,326,326
11900,3957,1311,3,189,567
11901,3957,1334,2,139,278
11902,3958,1311,3,189,567
11903,3958,1274,3,264,792
11904,3958,1195,2,416,832
11905,3958,1338,2,121,242
11906,3959,1480,2,351,702
11907,3960,1284,2,109,218
11908,3961,1093,3,435,1305
11909,3961,1420,3,403,1209
11910,3961,1453,2,283,566
11911,3961,1321,3,372,1116
11912,3961,1369,1,235,235
11913,3962,1181,1,51,51
11914,3962,1095,3,212,636
11915,3962,1265,1,214,214
11916,3963,1254,2,182,364
11917,3963,1141,3,433,1299
11918,3963,1124,3,249,747
11919,3963,1382,1,76,76
11920,3964,1202,2,303,606
11921,3964,1290,3,341,1023
11922,3964,1496,3,140,420
11923,3964,1282,1,175,175
11924,3964,1019,3,107,321
11925,3965,1189,2,186,372
11926,3965,1371,3,75,225
11927,3965,1216,3,423,1269
11928,3965,1435,1,224,224
11929,3965,1072,3,387,1161
11930,3966,1355,1,346,346
11931,3966,1104,1,209,209
11932,3966,1332,3,70,210
11933,3966,1398,2,199,398
11934,3967,1147,2,170,340
11935,3968,1470,1,438,438
11936,3968,1406,3,43,129
11937,3968,1069,1,290,290
11938,3969,1085,3,326,978
11939,3970,1395,2,184,368
11940,3970,1234,3,200,600
11941,3970,1183,3,35,105
11942,3970,1248,1,160,160
11943,3970,1500,1,187,187
11944,3971,1363,2,235,470
11945,3971,1444,1,245,245
11946,3971,1161,3,439,1317
11947,3972,1147,2,170,340
11948,3972,1339,1,88,88
11949,3972,1316,2,374,748
11950,3972,1193,2,414,828
11951,3973,1203,2,271,542
11952,3973,1250,2,85,170
11953,3973,1476,1,354,354
11954,3973,1259,3,304,912
11955,3973,1087,3,71,213
11956,3974,1059,1,190,190
11957,3974,1397,3,152,456
11958,3974,1201,2,244,488
11959,3974,1427,2,163,326
11960,3975,1222,1,278,278
11961,3975,1414,3,302,906
11962,3975,1444,3,245,735
11963,3976,1484,2,345,690
11964,3976,1464,3,139,417
11965,3976,1078,3,316,948
11966,3976,1027,3,376,1128
11967,3977,1232,1,354,354
11968,3977,1287,2,344,688
11969,3978,1381,3,286,858
11970,3978,1386,3,388,1164
11971,3979,1120,3,428,1284
11972,3979,1374,1,143,143
11973,3979,1323,1,42,42
11974,3980,1136,2,342,684
11975,3980,1378,3,310,930
11976,3980,1073,2,59,118
11977,3980,1357,2,440,880
11978,3980,1056,1,135,135
11979,3981,1071,2,84,168
11980,3982,1358,2,321,642
11981,3983,1251,1,275,275
11982,3983,1199,1,107,107
11983,3983,1113,1,136,136
11984,3984,1490,1,232,232
11985,3984,1498,3,159,477
11986,3984,1473,3,105,315
11987,3984,1147,2,170,340
11988,3984,1238,3,222,666
11989,3985,1302,2,336,672
11990,3985,1191,2,216,432
11991,3985,1101,2,247,494
11992,3986,1156,1,354,354
11993,3986,1201,2,244,488
11994,3987,1446,1,73,73
11995,3987,1379,3,217,651
11996,3987,1327,1,189,189
11997,3988,1092,2,230,460
11998,3988,1342,1,418,418
11999,3988,1319,3,430,1290
12000,3988,1378,1,310,310
12001,3988,1170,1,40,40
12002,3989,1199,3,107,321
12003,3990,1371,3,75,225
12004,3990,1238,3,222,666
12005,3991,1415,2,111,222
12006,3991,1286,2,373,746
12007,3991,1463,1,18,18
12008,3991,1073,2,59,118
12009,3991,1409,3,346,1038
12010,3992,1437,2,308,616
12011,3993,1447,3,405,1215
12012,3993,1066,3,54,162
12013,3993,1001,1,54,54
12014,3993,1189,2,186,372
12015,3993,1160,2,208,416
12016,3994,1137,1,421,421
12017,3994,1256,3,395,1185
12018,3994,1112,1,198,198
12019,3995,1315,1,26,26
12020,3995,1317,3,284,852
12021,3995,1194,3,365,1095
12022,3995,1214,2,113,226
12023,3995,1321,1,372,372
12024,3996,1440,1,195,195
12025,3996,1299,2,245,490
12026,3996,1263,1,136,136
12027,3996,1382,3,76,228
12028,3997,1085,2,326,652
12029,3997,1285,3,120,360
12030,3998,1443,1,127,127
12031,3999,1431,1,258,258
12032,3999,1390,1,180,180
12033,4000,1491,1,408,408
12034,4001,1004,3,272,816
12035,4001,1431,3,258,774
12036,4002,1457,1,386,386
12037,4002,1143,1,353,353
12038,4002,1152,2,301,602
12039,4003,1244,2,282,564
12040,4003,1389,2,326,652
12041,4003,1321,1,372,372
12042,4004,1457,2,386,772
12043,4004,1447,2,405,810
12044,4005,1166,3,312,936
12045,4006,1217,1,131,131
12046,4006,1351,1,360,360
12047,4007,1495,3,173,519
12048,4008,1386,2,388,776
12049,4008,1165,1,282,282
12050,4008,1128,1,240,240
12051,4008,1478,3,264,792
12052,4009,1392,1,212,212
12053,4009,1153,2,336,672
12054,4009,1425,2,365,730
12055,4009,1483,2,410,820
12056,4009,1168,3,321,963
12057,4010,1128,3,240,720
12058,4010,1101,3,247,741
12059,4011,1304,1,411,411
12060,4012,1277,3,60,180
12061,4013,1211,3,102,306
12062,4013,1346,3,375,1125
12063,4013,1420,1,403,403
12064,4014,1461,1,301,301
12065,4014,1128,2,240,480
12066,4014,1166,1,312,312
12067,4015,1020,2,347,694
12068,4015,1159,2,129,258
12069,4015,1162,3,250,750
12070,4015,1079,3,54,162
12071,4016,1066,3,54,162
12072,4017,1143,1,353,353
12073,4017,1174,1,200,200
12074,4017,1404,2,408,816
12075,4017,1209,3,114,342
12076,4018,1414,3,302,906
12077,4018,1407,2,65,130
12078,4018,1230,1,309,309
12079,4019,1045,2,30,60
12080,4019,1240,3,204,612
12081,4019,1149,1,257,257
12082,4019,1200,2,370,740
12083,4020,1406,1,43,43
12084,4020,1156,2,354,708
12085,4020,1404,2,408,816
12086,4021,1014,3,163,489
12087,4021,1094,3,231,693
12088,4021,1470,3,438,1314
12089,4021,1425,2,365,730
12090,4021,1337,2,203,406
12091,4022,1072,2,387,774
12092,4022,1441,2,271,542
12093,4022,1022,1,91,91
12094,4022,1289,3,385,1155
12095,4023,1499,2,41,82
12096,4023,1002,3,60,180
12097,4023,1048,1,295,295
12098,4023,1286,3,373,1119
12099,4023,1254,2,182,364
12100,4024,1489,2,149,298
12101,4024,1094,3,231,693
12102,4024,1299,2,245,490
12103,4024,1088,1,440,440
12104,4024,1166,2,312,624
12105,4025,1440,3,195,585
12106,4026,1200,2,370,740
12107,4026,1191,3,216,648
12108,4027,1198,1,356,356
12109,4027,1202,2,303,606
12110,4027,1447,2,405,810
12111,4027,1158,3,77,231
12112,4027,1119,3,223,669
12113,4028,1320,1,192,192
12114,4028,1359,1,47,47
12115,4028,1346,1,375,375
12116,4028,1182,2,116,232
12117,4029,1322,3,187,561
12118,4029,1234,2,200,400
12119,4029,1266,2,138,276
12120,4029,1348,1,176,176
12121,4030,1177,3,408,1224
12122,4030,1029,2,168,336
12123,4030,1295,3,132,396
12124,4030,1264,3,144,432
12125,4030,1269,1,357,357
12126,4031,1405,1,270,270
12127,4031,1293,1,160,160
12128,4031,1305,3,72,216
12129,4032,1361,2,149,298
12130,4032,1201,3,244,732
12131,4033,1048,3,295,885
12132,4033,1194,3,365,1095
12133,4034,1397,1,152,152
12134,4034,1413,3,124,372
12135,4034,1214,2,113,226
12136,4035,1371,1,75,75
12137,4036,1281,3,42,126
12138,4036,1312,2,280,560
12139,4037,1320,1,192,192
12140,4037,1211,1,102,102
12141,4037,1185,1,86,86
12142,4037,1408,2,353,706
12143,4038,1437,2,308,616
12144,4038,1080,2,278,556
12145,4038,1121,2,214,428
12146,4038,1344,1,224,224
12147,4038,1321,2,372,744
12148,4039,1078,2,316,632
12149,4040,1270,3,145,435
12150,4040,1133,1,188,188
12151,4041,1174,1,200,200
12152,4041,1140,2,422,844
12153,4041,1178,1,149,149
12154,4041,1088,1,440,440
12155,4041,1114,3,55,165
12156,4042,1357,3,440,1320
12157,4042,1024,2,21,42
12158,4042,1423,2,231,462
12159,4042,1393,3,372,1116
12160,4042,1395,2,184,368
12161,4043,1452,1,75,75
12162,4043,1091,1,86,86
12163,4044,1171,2,225,450
12164,4044,1096,2,67,134
12165,4044,1022,1,91,91
12166,4044,1387,1,252,252
12167,4045,1300,1,56,56
12168,4045,1459,2,98,196
12169,4045,1425,2,365,730
12170,4045,1128,2,240,480
12171,4045,1136,3,342,1026
12172,4046,1450,2,156,312
12173,4046,1452,2,75,150
12174,4047,1040,1,225,225
12175,4047,1370,2,300,600
12176,4047,1275,3,186,558
12177,4048,1277,1,60,60
12178,4048,1179,3,335,1005
12179,4048,1099,1,287,287
12180,4048,1314,3,274,822
12181,4049,1089,3,384,1152
12182,4049,1257,2,75,150
12183,4050,1472,2,285,570
12184,4050,1069,1,290,290
12185,4051,1055,1,132,132
12186,4051,1004,2,272,544
12187,4052,1500,3,187,561
12188,4052,1233,2,350,700
12189,4052,1034,3,422,1266
12190,4052,1269,3,357,1071
12191,4052,1294,2,333,666
12192,4053,1190,2,182,364
12193,4053,1306,3,24,72
12194,4053,1451,3,182,546
12195,4054,1283,2,28,56
12196,4054,1059,2,190,380
12197,4054,1039,2,52,104
12198,4054,1401,1,189,189
12199,4055,1070,2,346,692
12200,4055,1128,2,240,480
12201,4056,1260,2,168,336
12202,4056,1276,2,22,44
12203,4056,1349,1,45,45
12204,4056,1425,1,365,365
12205,4056,1129,3,315,945
12206,4057,1214,3,113,339
12207,4057,1367,3,251,753
12208,4057,1498,1,159,159
12209,4057,1211,1,102,102
12210,4058,1227,2,89,178
12211,4058,1010,1,243,243
12212,4058,1199,3,107,321
12213,4058,1319,1,430,430
12214,4059,1465,3,190,570
12215,4059,1236,3,197,591
12216,4060,1167,3,151,453
12217,4061,1078,3,316,948
12218,4061,1239,2,224,448
12219,4061,1181,2,51,102
12220,4061,1164,2,61,122
12221,4061,1253,3,337,1011
12222,4062,1361,3,149,447
12223,4062,1317,2,284,568
12224,4062,1309,3,18,54
12225,4062,1042,1,424,424
12226,4062,1469,1,362,362
12227,4063,1490,1,232,232
12228,4063,1365,2,260,520
12229,4063,1431,3,258,774
12230,4063,1128,1,240,240
12231,4063,1415,2,111,222
12232,4064,1031,1,167,167
12233,4064,1190,1,182,182
12234,4064,1409,2,346,692
12235,4064,1456,1,44,44
12236,4064,1165,2,282,564
12237,4065,1268,3,347,1041
12238,4066,1333,3,118,354
12239,4066,1012,3,445,1335
12240,4066,1363,2,235,470
12241,4066,1404,1,408,408
12242,4066,1112,1,198,198
12243,4067,1001,3,54,162
12244,4067,1027,1,376,376
12245,4067,1177,2,408,816
12246,4067,1401,2,189,378
12247,4067,1135,2,307,614
12248,4068,1385,3,371,1113
12249,4068,1434,2,231,462
12250,4068,1358,3,321,963
12251,4069,1219,2,317,634
12252,4069,1158,3,77,231
12253,4069,1179,3,335,1005
12254,4070,1311,2,189,378
12255,4070,1092,2,230,460
12256,4070,1122,2,278,556
12257,4070,1208,1,259,259
12258,4070,1143,3,353,1059
12259,4071,1082,1,40,40
12260,4071,1429,1,347,347
12261,4071,1148,3,19,57
12262,4072,1301,1,103,103
12263,4072,1426,3,383,1149
12264,4072,1393,1,372,372
12265,4072,1151,3,208,624
12266,4072,1326,1,366,366
12267,4073,1221,1,273,273
12268,4073,1242,1,73,73
12269,4073,1495,3,173,519
12270,4073,1464,2,139,278
12271,4074,1451,3,182,546
12272,4074,1281,1,42,42
12273,4074,1096,2,67,134
12274,4075,1305,3,72,216
12275,4075,1414,2,302,604
12276,4076,1444,2,245,490
12277,4076,1289,1,385,385
12278,4076,1398,1,199,199
12279,4076,1476,1,354,354
12280,4077,1425,1,365,365
12281,4077,1343,1,116,116
12282,4077,1247,3,205,615
12283,4078,1340,3,256,768
12284,4079,1136,2,342,684
12285,4079,1286,2,373,746
12286,4080,1267,2,415,830
12287,4080,1055,1,132,132
12288,4080,1337,2,203,406
12289,4080,1130,1,33,33
12290,4081,1129,3,315,945
12291,4081,1379,1,217,217
12292,4081,1431,3,258,774
12293,4082,1259,2,304,608
12294,4082,1113,3,136,408
12295,4082,1252,3,272,816
12296,4082,1142,2,124,248
12297,4083,1241,3,164,492
12298,4083,1280,3,184,552
12299,4084,1429,2,347,694
12300,4084,1424,2,83,166
12301,4084,1402,1,446,446
12302,4084,1022,2,91,182
12303,4084,1322,1,187,187
12304,4085,1309,3,18,54
12305,4085,1125,1,45,45
12306,4085,1461,2,301,602
12307,4086,1321,2,372,744
12308,4086,1061,2,55,110
12309,4086,1484,2,345,690
12310,4086,1260,1,168,168
12311,4087,1240,3,204,612
12312,4087,1049,3,323,969
12313,4087,1297,2,50,100
12314,4088,1301,2,103,206
12315,4088,1219,3,317,951
12316,4088,1338,1,121,121
12317,4088,1091,1,86,86
12318,4089,1099,2,287,574
12319,4089,1463,2,18,36
12320,4089,1474,3,21,63
12321,4089,1404,3,408,1224
12322,4089,1107,3,397,1191
12323,4090,1038,1,127,127
12324,4090,1284,2,109,218
12325,4090,1146,3,417,1251
12326,4090,1119,2,223,446
12327,4090,1314,2,274,548
12328,4091,1492,3,214,642
12329,4091,1441,2,271,542
12330,4092,1428,3,157,471
12331,4093,1459,3,98,294
12332,4093,1072,3,387,1161
12333,4093,1242,2,73,146
12334,4094,1005,2,355,710
12335,4094,1474,3,21,63
12336,4094,1064,3,124,372
12337,4094,1285,3,120,360
12338,4094,1159,3,129,387
12339,4095,1126,1,380,380
12340,4095,1159,3,129,387
12341,4096,1405,1,270,270
12342,4097,1464,3,139,417
12343,4097,1419,1,112,112
12344,4098,1313,1,212,212
12345,4098,1237,3,417,1251
12346,4099,1488,3,109,327
12347,4099,1282,1,175,175
12348,4099,1183,1,35,35
12349,4099,1010,2,243,486
12350,4099,1364,3,125,375
12351,4100,1007,1,252,252
12352,4100,1156,2,354,708
12353,4100,1246,1,62,62
12354,4101,1176,2,132,264
12355,4101,1332,1,70,70
12356,4101,1280,1,184,184
12357,4101,1358,1,321,321
12358,4102,1452,1,75,75
12359,4102,1022,3,91,273
12360,4102,1404,3,408,1224
12361,4103,1099,3,287,861
12362,4103,1307,2,339,678
12363,4103,1441,1,271,271
12364,4103,1252,2,272,544
12365,4103,1013,1,389,389
12366,4104,1158,2,77,154
12367,4104,1068,1,443,443
12368,4104,1171,3,225,675
12369,4105,1241,3,164,492
12370,4105,1132,3,172,516
12371,4105,1266,1,138,138
12372,4105,1137,1,421,421
12373,4106,1426,1,383,383
12374,4107,1174,1,200,200
12375,4107,1363,2,235,470
12376,4108,1473,3,105,315
12377,4108,1295,1,132,132
12378,4108,1430,3,411,1233
12379,4108,1094,2,231,462
12380,4109,1322,3,187,561
12381,4109,1345,2,410,820
12382,4110,1179,1,335,335
12383,4110,1021,3,158,474
12384,4110,1470,3,438,1314
12385,4111,1241,3,164,492
12386,4112,1105,1,327,327
12387,4113,1442,2,67,134
12388,4113,1162,2,250,500
12389,4113,1420,2,403,806
12390,4114,1439,1,363,363
12391,4115,1478,3,264,792
12392,4115,1136,1,342,342
12393,4115,1036,3,99,297
12394,4115,1408,2,353,706
12395,4115,1155,1,35,35
12396,4116,1494,2,93,186
12397,4116,1099,2,287,574
12398,4116,1434,2,231,462
12399,4117,1188,2,128,256
12400,4118,1216,3,423,1269
12401,4118,1235,3,309,927
12402,4119,1072,3,387,1161
12403,4119,1467,2,77,154
12404,4120,1450,1,156,156
12405,4120,1362,1,182,182
12406,4120,1088,1,440,440
12407,4120,1322,2,187,374
12408,4121,1413,1,124,124
12409,4121,1074,1,102,102
12410,4121,1338,2,121,242
12411,4121,1151,1,208,208
12412,4121,1330,3,264,792
12413,4122,1473,3,105,315
12414,4122,1388,2,239,478
12415,4122,1023,1,312,312
12416,4123,1249,2,183,366
12417,4123,1402,2,446,892
12418,4124,1242,1,73,73
12419,4124,1009,3,46,138
12420,4125,1226,2,170,340
12421,4125,1477,1,170,170
12422,4125,1298,3,320,960
12423,4125,1469,3,362,1086
12424,4126,1055,2,132,264
12425,4127,1443,2,127,254
12426,4128,1175,3,122,366
12427,4128,1220,2,361,722
12428,4128,1368,2,302,604
12429,4128,1044,3,80,240
12430,4129,1343,3,116,348
12431,4129,1390,1,180,180
12432,4129,1369,3,235,705
12433,4130,1406,3,43,129
12434,4130,1326,2,366,732
12435,4130,1136,2,342,684
12436,4131,1430,1,411,411
12437,4131,1033,2,416,832
12438,4131,1051,1,57,57
12439,4131,1315,3,26,78
12440,4132,1040,2,225,450
12441,4132,1142,2,124,248
12442,4132,1269,2,357,714
12443,4133,1010,2,243,486
12444,4133,1237,3,417,1251
12445,4134,1194,2,365,730
12446,4135,1068,3,443,1329
12447,4135,1041,2,207,414
12448,4135,1163,3,31,93
12449,4136,1424,3,83,249
12450,4137,1227,2,89,178
12451,4137,1235,2,309,618
12452,4137,1208,1,259,259
12453,4137,1125,3,45,135
12454,4138,1103,2,238,476
12455,4138,1274,2,264,528
12456,4138,1449,2,234,468
12457,4138,1423,2,231,462
12458,4139,1232,1,354,354
12459,4140,1271,3,355,1065
12460,4141,1254,3,182,546
12461,4141,1115,2,219,438
12462,4141,1364,3,125,375
12463,4141,1102,3,38,114
12464,4142,1202,3,303,909
12465,4142,1446,2,73,146
12466,4142,1397,3,152,456
12467,4142,1115,3,219,657
12468,4143,1120,2,428,856
12469,4143,1292,1,267,267
12470,4143,1018,2,156,312
12471,4143,1277,1,60,60
12472,4144,1442,3,67,201
12473,4144,1270,2,145,290
12474,4145,1387,1,252,252
12475,4145,1088,1,440,440
12476,4146,1379,3,217,651
12477,4146,1168,2,321,642
12478,4147,1304,2,411,822
12479,4147,1177,3,408,1224
12480,4147,1107,3,397,1191
12481,4147,1272,3,400,1200
12482,4148,1390,1,180,180
12483,4148,1318,2,448,896
12484,4148,1184,1,157,157
12485,4148,1479,3,334,1002
12486,4149,1127,1,288,288
12487,4149,1010,2,243,486
12488,4149,1277,3,60,180
12489,4149,1436,3,210,630
12490,4150,1421,1,186,186
12491,4150,1030,2,441,882
12492,4150,1243,1,242,242
12493,4150,1315,3,26,78
12494,4150,1073,1,59,59
12495,4151,1343,3,116,348
12496,4151,1368,1,302,302
12497,4152,1333,3,118,354
12498,4152,1020,1,347,347
12499,4152,1262,1,227,227
12500,4153,1311,1,189,189
12501,4153,1381,3,286,858
12502,4153,1493,1,169,169
12503,4153,1325,3,441,1323
12504,4153,1276,1,22,22
12505,4154,1192,2,238,476
12506,4154,1443,2,127,254
12507,4154,1448,3,113,339
12508,4154,1480,2,351,702
12509,4155,1327,1,189,189
12510,4156,1450,2,156,312
12511,4156,1351,2,360,720
12512,4156,1060,1,228,228
12513,4157,1416,1,338,338
12514,4157,1484,2,345,690
12515,4157,1280,3,184,552
12516,4157,1248,2,160,320
12517,4158,1020,1,347,347
12518,4158,1054,3,413,1239
12519,4158,1307,3,339,1017
12520,4158,1075,1,74,74
12521,4159,1125,2,45,90
12522,4159,1139,1,157,157
12523,4159,1133,3,188,564
12524,4159,1149,3,257,771
12525,4159,1115,1,219,219
12526,4160,1293,3,160,480
12527,4161,1259,1,304,304
12528,4161,1475,1,260,260
12529,4161,1398,2,199,398
12530,4161,1270,3,145,435
12531,4162,1009,3,46,138
12532,4163,1228,3,384,1152
12533,4164,1285,2,120,240
12534,4165,1012,2,445,890
12535,4165,1220,1,361,361
12536,4165,1331,3,296,888
12537,4165,1493,2,169,338
12538,4165,1406,3,43,129
12539,4166,1215,3,412,1236
12540,4167,1396,3,301,903
12541,4168,1429,3,347,1041
12542,4168,1498,2,159,318
12543,4169,1147,1,170,170
12544,4169,1349,2,45,90
12545,4169,1344,3,224,672
12546,4170,1409,2,346,692
12547,4170,1292,2,267,534
12548,4170,1331,1,296,296
12549,4171,1107,2,397,794
12550,4171,1185,3,86,258
12551,4172,1123,1,134,134
12552,4172,1471,2,96,192
12553,4172,1075,2,74,148
12554,4172,1207,3,298,894
12555,4172,1159,2,129,258
12556,4173,1291,1,399,399
12557,4174,1033,1,416,416
12558,4175,1433,1,217,217
12559,4176,1118,2,434,868
12560,4176,1164,2,61,122
12561,4177,1141,1,433,433
12562,4177,1465,1,190,190
12563,4177,1171,3,225,675
12564,4178,1097,2,371,742
12565,4178,1192,1,238,238
12566,4179,1340,1,256,256
12567,4180,1267,2,415,830
12568,4180,1133,1,188,188
12569,4180,1343,3,116,348
12570,4181,1385,3,371,1113
12571,4181,1448,2,113,226
12572,4182,1199,2,107,214
12573,4182,1097,2,371,742
12574,4182,1486,3,444,1332
12575,4182,1307,2,339,678
12576,4182,1361,1,149,149
12577,4183,1185,2,86,172
12578,4184,1371,2,75,150
12579,4184,1257,1,75,75
12580,4184,1489,3,149,447
12581,4185,1123,1,134,134
12582,4186,1308,3,359,1077
12583,4186,1477,1,170,170
12584,4186,1038,3,127,381
12585,4186,1328,2,213,426
12586,4186,1095,1,212,212
12587,4187,1073,2,59,118
12588,4187,1405,2,270,540
12589,4187,1126,1,380,380
12590,4187,1008,2,428,856
12591,4187,1215,3,412,1236
12592,4188,1008,3,428,1284
12593,4188,1006,2,445,890
12594,4188,1066,3,54,162
12595,4188,1285,2,120,240
12596,4189,1218,2,108,216
12597,4189,1259,3,304,912
12598,4189,1270,1,145,145
12599,4189,1223,3,185,555
12600,4189,1333,1,118,118
12601,4190,1190,3,182,546
12602,4191,1212,1,372,372
12603,4191,1163,2,31,62
12604,4192,1394,3,246,738
12605,4193,1132,3,172,516
12606,4194,1016,3,430,1290
12607,4194,1004,3,272,816
12608,4195,1138,1,281,281
12609,4195,1358,1,321,321
12610,4196,1230,1,309,309
12611,4196,1497,3,337,1011
12612,4196,1455,1,31,31
12613,4196,1416,1,338,338
12614,4197,1285,3,120,360
12615,4198,1072,2,387,774
12616,4198,1087,3,71,213
12617,4198,1272,2,400,800
12618,4198,1415,1,111,111
12619,4198,1043,2,18,36
12620,4199,1273,2,63,126
12621,4200,1356,3,298,894
12622,4200,1396,3,301,903
12623,4201,1028,1,95,95
12624,4202,1301,1,103,103
12625,4203,1127,1,288,288
12626,4203,1023,2,312,624
12627,4203,1063,2,313,626
12628,4203,1100,3,231,693
12629,4204,1500,3,187,561
12630,4204,1345,3,410,1230
12631,4204,1101,1,247,247
12632,4204,1416,2,338,676
12633,4204,1070,2,346,692
12634,4205,1376,3,254,762
12635,4205,1300,3,56,168
12636,4205,1029,2,168,336
12637,4205,1120,3,428,1284
12638,4205,1435,1,224,224
12639,4206,1152,2,301,602
12640,4206,1137,1,421,421
12641,4206,1072,3,387,1161
12642,4206,1071,2,84,168
12643,4206,1079,1,54,54
12644,4207,1386,3,388,1164
12645,4207,1229,3,194,582
12646,4207,1246,1,62,62
12647,4207,1259,2,304,608
12648,4208,1332,1,70,70
12649,4209,1010,2,243,486
12650,4210,1152,1,301,301
12651,4210,1247,2,205,410
12652,4210,1406,2,43,86
12653,4211,1367,3,251,753
12654,4211,1377,1,183,183
12655,4211,1230,2,309,618
12656,4211,1094,1,231,231
12657,4211,1202,3,303,909
12658,4212,1336,2,363,726
12659,4212,1057,1,93,93
12660,4212,1380,1,120,120
12661,4213,1160,1,208,208
12662,4213,1411,3,281,843
12663,4213,1475,1,260,260
12664,4213,1478,2,264,528
12665,4214,1384,1,369,369
12666,4214,1221,3,273,819
12667,4214,1013,3,389,1167
12668,4214,1197,2,337,674
12669,4215,1379,3,217,651
12670,4216,1462,3,349,1047
12671,4217,1437,2,308,616
12672,4217,1395,1,184,184
12673,4217,1227,3,89,267
12674,4218,1214,3,113,339
12675,4218,1496,1,140,140
12676,4218,1498,1,159,159
12677,4218,1216,3,423,1269
12678,4219,1382,3,76,228
12679,4219,1006,3,445,1335
12680,4219,1064,1,124,124
12681,4220,1272,3,400,1200
12682,4220,1090,3,279,837
12683,4220,1051,3,57,171
12684,4221,1429,3,347,1041
12685,4221,1473,2,105,210
12686,4222,1368,2,302,604
12687,4223,1304,1,411,411
12688,4223,1287,1,344,344
12689,4223,1453,3,283,849
12690,4223,1410,1,429,429
12691,4224,1409,1,346,346
12692,4224,1054,3,413,1239
12693,4224,1176,2,132,264
12694,4224,1365,3,260,780
12695,4224,1400,3,253,759
12696,4225,1388,2,239,478
12697,4225,1150,1,191,191
12698,4226,1132,3,172,516
12699,4226,1197,1,337,337
12700,4226,1459,1,98,98
12701,4226,1388,3,239,717
12702,4227,1272,2,400,800
12703,4227,1265,3,214,642
12704,4228,1464,1,139,139
12705,4228,1342,1,418,418
12706,4228,1059,1,190,190
12707,4229,1304,3,411,1233
12708,4229,1353,1,69,69
12709,4229,1045,3,30,90
12710,4230,1402,1,446,446
12711,4230,1207,3,298,894
12712,4230,1466,1,336,336
12713,4230,1447,3,405,1215
12714,4230,1023,1,312,312
12715,4231,1076,1,180,180
12716,4231,1220,2,361,722
12717,4231,1037,2,338,676
12718,4231,1164,1,61,61
12719,4231,1388,3,239,717
12720,4232,1400,3,253,759
12721,4232,1490,3,232,696
12722,4232,1413,2,124,248
12723,4232,1496,2,140,280
12724,4232,1262,1,227,227
12725,4233,1344,2,224,448
12726,4233,1322,3,187,561
12727,4233,1376,2,254,508
12728,4233,1416,2,338,676
12729,4233,1145,3,328,984
12730,4234,1008,1,428,428
12731,4234,1025,2,315,630
12732,4234,1310,3,164,492
12733,4234,1249,2,183,366
12734,4234,1240,1,204,204
12735,4235,1232,3,354,1062
12736,4236,1106,1,344,344
12737,4236,1341,3,102,306
12738,4236,1285,1,120,120
12739,4237,1177,3,408,1224
12740,4237,1186,3,223,669
12741,4237,1112,1,198,198
12742,4237,1006,1,445,445
12743,4237,1482,1,205,205
12744,4238,1426,3,383,1149
12745,4238,1164,3,61,183
12746,4238,1081,3,172,516
12747,4239,1242,1,73,73
12748,4240,1035,3,382,1146
12749,4240,1240,2,204,408
12750,4240,1496,3,140,420
12751,4241,1228,2,384,768
12752,4242,1027,2,376,752
12753,4243,1362,2,182,364
12754,4243,1025,2,315,630
12755,4243,1143,1,353,353
12756,4243,1154,1,405,405
12757,4243,1175,1,122,122
12758,4244,1418,1,315,315
12759,4244,1417,1,114,114
12760,4244,1360,1,31,31
12761,4244,1424,1,83,83
12762,4244,1363,1,235,235
12763,4245,1458,1,272,272
12764,4245,1294,1,333,333
12765,4245,1191,1,216,216
12766,4245,1129,2,315,630
12767,4246,1138,1,281,281
12768,4246,1242,1,73,73
12769,4246,1108,2,243,486
12770,4246,1037,2,338,676
12771,4247,1288,2,134,268
12772,4247,1265,3,214,642
12773,4247,1430,1,411,411
12774,4247,1011,2,90,180
12775,4247,1442,3,67,201
12776,4248,1222,3,278,834
12777,4248,1168,3,321,963
12778,4248,1295,1,132,132
12779,4248,1220,1,361,361
12780,4249,1438,1,343,343
12781,4249,1207,1,298,298
12782,4249,1187,1,98,98
12783,4249,1001,3,54,162
12784,4249,1107,1,397,397
12785,4250,1495,2,173,346
12786,4250,1394,3,246,738
12787,4250,1307,1,339,339
12788,4250,1475,3,260,780
12789,4250,1029,3,168,504
12790,4251,1262,3,227,681
12791,4251,1445,3,312,936
12792,4251,1473,3,105,315
12793,4251,1426,3,383,1149
12794,4252,1233,1,350,350
12795,4252,1375,2,169,338
12796,4252,1277,2,60,120
12797,4253,1485,3,290,870
12798,4253,1391,1,273,273
12799,4253,1139,2,157,314
12800,4253,1474,2,21,42
12801,4254,1327,1,189,189
12802,4254,1110,2,275,550
12803,4254,1145,2,328,656
12804,4255,1176,1,132,132
12805,4255,1456,3,44,132
12806,4255,1044,3,80,240
12807,4255,1155,2,35,70
12808,4256,1388,3,239,717
12809,4256,1051,1,57,57
12810,4257,1275,3,186,558
12811,4257,1236,2,197,394
12812,4258,1467,1,77,77
12813,4258,1075,3,74,222
12814,4258,1330,1,264,264
12815,4259,1047,2,399,798
12816,4259,1473,3,105,315
12817,4259,1020,1,347,347
12818,4260,1365,2,260,520
12819,4260,1006,3,445,1335
12820,4260,1325,3,441,1323
12821,4260,1223,3,185,555
12822,4260,1276,3,22,66
12823,4261,1288,2,134,268
12824,4261,1023,2,312,624
12825,4261,1500,1,187,187
12826,4261,1399,1,347,347
12827,4262,1067,1,320,320
12828,4262,1136,3,342,1026
12829,4262,1290,1,341,341
12830,4262,1279,2,104,208
12831,4262,1027,3,376,1128
12832,4263,1221,2,273,546
12833,4263,1213,3,98,294
12834,4263,1021,2,158,316
12835,4263,1389,1,326,326
12836,4263,1130,3,33,99
12837,4264,1344,3,224,672
12838,4264,1365,2,260,520
12839,4264,1258,3,448,1344
12840,4264,1466,2,336,672
12841,4265,1032,2,244,488
12842,4265,1398,3,199,597
12843,4265,1431,2,258,516
12844,4265,1077,3,360,1080
12845,4265,1437,3,308,924
12846,4266,1454,1,131,131
12847,4266,1297,1,50,50
12848,4266,1446,3,73,219
12849,4266,1309,1,18,18
12850,4266,1345,3,410,1230
12851,4267,1123,3,134,402
12852,4267,1147,2,170,340
12853,4267,1369,2,235,470
12854,4268,1430,3,411,1233
12855,4268,1309,3,18,54
12856,4268,1101,3,247,741
12857,4268,1446,3,73,219
12858,4268,1005,3,355,1065
12859,4269,1155,3,35,105
12860,4270,1475,3,260,780
12861,4270,1491,2,408,816
12862,4271,1479,2,334,668
12863,4272,1053,3,39,117
12864,4272,1355,1,346,346
12865,4272,1406,1,43,43
12866,4273,1297,2,50,100
12867,4273,1392,1,212,212
12868,4273,1203,2,271,542
12869,4274,1029,3,168,504
12870,4274,1445,3,312,936
12871,4275,1416,3,338,1014
12872,4275,1477,1,170,170
12873,4275,1213,3,98,294
12874,4276,1206,2,287,574
12875,4276,1146,3,417,1251
12876,4277,1455,2,31,62
12877,4277,1432,3,133,399
12878,4278,1061,2,55,110
12879,4278,1154,2,405,810
12880,4278,1200,1,370,370
12881,4278,1060,1,228,228
12882,4279,1339,1,88,88
12883,4279,1113,3,136,408
12884,4279,1016,1,430,430
12885,4279,1491,2,408,816
12886,4280,1307,1,339,339
12887,4281,1260,2,168,336
12888,4281,1027,3,376,1128
12889,4282,1211,3,102,306
12890,4282,1123,3,134,402
12891,4283,1125,2,45,90
12892,4283,1294,3,333,999
12893,4283,1151,1,208,208
12894,4283,1015,1,283,283
12895,4284,1262,1,227,227
12896,4284,1011,1,90,90
12897,4284,1004,2,272,544
12898,4284,1158,2,77,154
12899,4285,1324,2,202,404
12900,4286,1318,2,448,896
12901,4286,1272,3,400,1200
12902,4287,1096,2,67,134
12903,4287,1157,1,175,175
12904,4288,1366,2,129,258
12905,4288,1296,2,439,878
12906,4289,1112,1,198,198
12907,4290,1479,3,334,1002
12908,4290,1210,1,352,352
12909,4290,1432,1,133,133
12910,4290,1060,1,228,228
12911,4291,1067,2,320,640
12912,4291,1311,1,189,189
12913,4291,1154,2,405,810
12914,4292,1105,1,327,327
12915,4293,1314,2,274,548
12916,4293,1267,3,415,1245
12917,4293,1298,2,320,640
12918,4293,1176,3,132,396
12919,4294,1411,3,281,843
12920,4294,1300,2,56,112
12921,4294,1278,2,145,290
12922,4295,1295,2,132,264
12923,4295,1443,1,127,127
12924,4295,1432,3,133,399
12925,4295,1020,3,347,1041
12926,4295,1481,1,317,317
12927,4296,1371,3,75,225
12928,4296,1469,1,362,362
12929,4297,1102,1,38,38
12930,4297,1215,2,412,824
12931,4298,1488,2,109,218
12932,4298,1239,1,224,224
12933,4298,1092,1,230,230
12934,4299,1397,1,152,152
12935,4299,1011,3,90,270
12936,4299,1052,1,398,398
12937,4300,1003,3,84,252
12938,4301,1154,1,405,405
12939,4301,1015,3,283,849
12940,4301,1194,2,365,730
12941,4301,1208,3,259,777
12942,4302,1269,1,357,357
12943,4302,1056,3,135,405
12944,4302,1394,1,246,246
12945,4302,1234,2,200,400
12946,4303,1380,3,120,360
12947,4303,1213,2,98,196
12948,4304,1470,1,438,438
12949,4304,1010,3,243,729
12950,4305,1375,3,169,507
12951,4306,1333,1,118,118
12952,4307,1066,3,54,162
12953,4307,1311,3,189,567
12954,4307,1402,2,446,892
12955,4307,1074,1,102,102
12956,4308,1135,1,307,307
12957,4308,1188,1,128,128
12958,4309,1184,3,157,471
12959,4310,1023,2,312,624
12960,4310,1338,3,121,363
12961,4310,1218,3,108,324
12962,4310,1019,3,107,321
12963,4311,1117,3,67,201
12964,4311,1329,2,145,290
12965,4311,1366,1,129,129
12966,4311,1136,1,342,342
12967,4311,1115,3,219,657
12968,4312,1239,3,224,672
12969,4313,1243,3,242,726
12970,4314,1250,3,85,255
12971,4314,1215,1,412,412
12972,4314,1358,2,321,642
12973,4314,1371,2,75,150
12974,4315,1408,2,353,706
12975,4315,1238,1,222,222
12976,4315,1429,3,347,1041
12977,4315,1456,1,44,44
12978,4316,1308,2,359,718
12979,4317,1271,1,355,355
12980,4317,1268,2,347,694
12981,4318,1262,3,227,681
12982,4318,1407,2,65,130
12983,4318,1199,3,107,321
12984,4318,1026,1,182,182
12985,4319,1071,2,84,168
12986,4319,1335,3,127,381
12987,4319,1299,1,245,245
12988,4319,1126,2,380,760
12989,4320,1129,1,315,315
12990,4320,1454,3,131,393
12991,4320,1143,2,353,706
12992,4321,1007,3,252,756
12993,4321,1081,3,172,516
12994,4322,1073,3,59,177
12995,4322,1201,3,244,732
12996,4322,1326,2,366,732
12997,4322,1015,3,283,849
12998,4322,1153,1,336,336
12999,4323,1268,1,347,347
13000,4323,1487,1,114,114
13001,4323,1255,1,440,440
13002,4323,1332,2,70,140
13003,4323,1410,1,429,429
13004,4324,1084,2,403,806
13005,4324,1449,1,234,234
13006,4324,1209,1,114,114
13007,4324,1225,2,264,528
13008,4324,1224,3,268,804
13009,4325,1020,1,347,347
13010,4326,1367,3,251,753
13011,4327,1457,2,386,772
13012,4327,1418,3,315,945
13013,4327,1497,2,337,674
13014,4327,1073,3,59,177
13015,4327,1093,1,435,435
13016,4328,1414,2,302,604
13017,4328,1358,1,321,321
13018,4328,1229,2,194,388
13019,4328,1467,1,77,77
13020,4329,1433,2,217,434
13021,4329,1050,2,151,302
13022,4329,1099,3,287,861
13023,4329,1306,3,24,72
13024,4329,1375,2,169,338
13025,4330,1356,3,298,894
13026,4330,1357,1,440,440
13027,4330,1156,2,354,708
13028,4330,1268,3,347,1041
13029,4331,1190,3,182,546
13030,4332,1248,2,160,320
13031,4332,1306,2,24,48
13032,4332,1038,3,127,381
13033,4332,1226,1,170,170
13034,4332,1489,2,149,298
13035,4333,1343,3,116,348
13036,4334,1133,1,188,188
13037,4334,1121,3,214,642
13038,4334,1120,3,428,1284
13039,4335,1487,3,114,342
13040,4336,1436,1,210,210
13041,4336,1039,1,52,52
13042,4336,1405,3,270,810
13043,4336,1046,3,368,1104
13044,4337,1429,2,347,694
13045,4337,1069,2,290,580
13046,4338,1283,2,28,56
13047,4338,1075,3,74,222
13048,4338,1342,1,418,418
13049,4339,1374,2,143,286
13050,4340,1490,1,232,232
13051,4341,1277,2,60,120
13052,4341,1275,3,186,558
13053,4341,1239,3,224,672
13054,4342,1147,1,170,170
13055,4342,1491,2,408,816
13056,4343,1160,1,208,208
13057,4344,1185,2,86,172
13058,4344,1021,2,158,316
13059,4344,1210,2,352,704
13060,4345,1157,3,175,525
13061,4345,1291,3,399,1197
13062,4345,1116,1,99,99
13063,4345,1145,3,328,984
13064,4345,1180,1,150,150
13065,4346,1462,1,349,349
13066,4346,1426,2,383,766
13067,4346,1310,2,164,328
13068,4346,1430,1,411,411
13069,4347,1103,1,238,238
13070,4347,1074,1,102,102
13071,4347,1168,3,321,963
13072,4347,1165,1,282,282
13073,4347,1405,1,270,270
13074,4348,1005,3,355,1065
13075,4348,1162,3,250,750
13076,4348,1245,1,176,176
13077,4348,1250,3,85,255
13078,4348,1407,2,65,130
13079,4349,1336,2,363,726
13080,4349,1427,2,163,326
13081,4349,1304,1,411,411
13082,4349,1018,3,156,468
13083,4350,1401,3,189,567
13084,4350,1494,1,93,93
13085,4350,1174,2,200,400
13086,4350,1356,1,298,298
13087,4351,1495,1,173,173
13088,4352,1130,3,33,99
13089,4352,1087,3,71,213
13090,4352,1317,3,284,852
13091,4353,1425,1,365,365
13092,4353,1348,3,176,528
13093,4353,1044,3,80,240
13094,4353,1155,3,35,105
13095,4354,1076,1,180,180
13096,4355,1252,1,272,272
13097,4355,1424,1,83,83
13098,4355,1091,3,86,258
13099,4355,1129,3,315,945
13100,4356,1403,2,256,512
13101,4356,1255,2,440,880
13102,4356,1040,2,225,450
13103,4357,1418,2,315,630
13104,4357,1404,1,408,408
13105,4357,1206,2,287,574
13106,4357,1388,3,239,717
13107,4358,1494,3,93,279
13108,4358,1147,3,170,510
13109,4358,1196,1,367,367
13110,4358,1045,2,30,60
13111,4359,1024,1,21,21
13112,4359,1293,2,160,320
13113,4359,1295,1,132,132
13114,4359,1466,3,336,1008
13115,4359,1477,1,170,170
13116,4360,1257,2,75,150
13117,4360,1290,1,341,341
13118,4360,1343,3,116,348
13119,4360,1215,3,412,1236
13120,4361,1260,2,168,336
13121,4361,1180,1,150,150
13122,4361,1083,1,170,170
13123,4362,1490,1,232,232
13124,4362,1492,3,214,642
13125,4362,1056,3,135,405
13126,4362,1004,3,272,816
13127,4363,1139,3,157,471
13128,4363,1100,2,231,462
13129,4363,1478,3,264,792
13130,4364,1450,1,156,156
13131,4364,1394,2,246,492
13132,4364,1259,1,304,304
13133,4364,1075,3,74,222
13134,4365,1262,1,227,227
13135,4366,1084,1,403,403
13136,4366,1089,3,384,1152
13137,4366,1006,3,445,1335
13138,4367,1390,3,180,540
13139,4367,1211,3,102,306
13140,4367,1475,1,260,260
13141,4368,1376,1,254,254
13142,4368,1057,1,93,93
13143,4368,1080,3,278,834
13144,4368,1372,3,435,1305
13145,4368,1002,2,60,120
13146,4369,1039,3,52,156
13147,4369,1435,3,224,672
13148,4369,1370,3,300,900
13149,4370,1051,1,57,57
13150,4370,1047,3,399,1197
13151,4370,1483,3,410,1230
13152,4370,1211,2,102,204
13153,4370,1094,2,231,462
13154,4371,1133,2,188,376
13155,4371,1034,3,422,1266
13156,4371,1492,1,214,214
13157,4372,1401,2,189,378
13158,4372,1309,2,18,36
13159,4372,1465,3,190,570
13160,4372,1072,1,387,387
13161,4372,1311,3,189,567
13162,4373,1223,2,185,370
13163,4373,1153,3,336,1008
13164,4374,1403,1,256,256
13165,4374,1306,1,24,24
13166,4374,1118,1,434,434
13167,4375,1118,3,434,1302
13168,4375,1499,1,41,41
13169,4376,1035,1,382,382
13170,4376,1098,2,153,306
13171,4376,1444,2,245,490
13172,4377,1488,3,109,327
13173,4377,1300,2,56,112
13174,4378,1133,2,188,376
13175,4378,1187,2,98,196
13176,4379,1161,2,439,878
13177,4380,1461,2,301,602
13178,4380,1129,3,315,945
13179,4380,1031,2,167,334
13180,4381,1383,2,22,44
13181,4381,1373,3,27,81
13182,4381,1034,1,422,422
13183,4381,1159,2,129,258
13184,4381,1321,2,372,744
13185,4382,1333,3,118,354
13186,4382,1284,1,109,109
13187,4383,1457,3,386,1158
13188,4383,1229,1,194,194
13189,4383,1035,1,382,382
13190,4384,1025,1,315,315
13191,4384,1457,3,386,1158
13192,4384,1058,1,328,328
13193,4384,1388,1,239,239
13194,4385,1090,3,279,837
13195,4385,1370,1,300,300
13196,4385,1148,3,19,57
13197,4385,1040,2,225,450
13198,4385,1220,2,361,722
13199,4386,1069,3,290,870
13200,4386,1035,1,382,382
13201,4386,1015,1,283,283
13202,4387,1171,2,225,450
13203,4387,1455,1,31,31
13204,4387,1158,1,77,77
13205,4387,1319,1,430,430
13206,4388,1182,3,116,348
13207,4388,1358,2,321,642
13208,4388,1108,1,243,243
13209,4388,1356,1,298,298
13210,4388,1074,1,102,102
13211,4389,1249,3,183,549
13212,4389,1302,1,336,336
13213,4389,1137,2,421,842
13214,4389,1049,2,323,646
13215,4390,1197,3,337,1011
13216,4390,1227,3,89,267
13217,4390,1077,2,360,720
13218,4390,1195,2,416,832
13219,4391,1471,1,96,96
13220,4392,1414,1,302,302
13221,4392,1188,2,128,256
13222,4392,1099,1,287,287
13223,4392,1141,2,433,866
13224,4392,1448,1,113,113
13225,4393,1486,2,444,888
13226,4393,1473,2,105,210
13227,4393,1352,2,353,706
13228,4393,1343,3,116,348
13229,4394,1105,1,327,327
13230,4394,1016,2,430,860
13231,4394,1375,2,169,338
13232,4394,1156,1,354,354
13233,4395,1433,3,217,651
13234,4395,1475,1,260,260
13235,4395,1326,3,366,1098
13236,4396,1306,1,24,24
13237,4396,1155,3,35,105
13238,4396,1253,1,337,337
13239,4397,1491,2,408,816
13240,4398,1304,3,411,1233
13241,4399,1091,1,86,86
13242,4399,1409,2,346,692
13243,4400,1275,3,186,558
13244,4400,1450,2,156,312
13245,4400,1030,3,441,1323
13246,4400,1050,3,151,453
13247,4401,1105,3,327,981
13248,4401,1083,2,170,340
13249,4401,1125,1,45,45
13250,4401,1089,2,384,768
13251,4401,1149,2,257,514
13252,4402,1192,1,238,238
13253,4402,1250,2,85,170
13254,4402,1026,2,182,364
13255,4402,1303,3,133,399
13256,4403,1130,1,33,33
13257,4403,1269,3,357,1071
13258,4403,1333,2,118,236
13259,4404,1347,2,418,836
13260,4404,1500,1,187,187
13261,4404,1032,1,244,244
13262,4404,1290,1,341,341
13263,4404,1100,2,231,462
13264,4405,1348,1,176,176
13265,4405,1270,3,145,435
13266,4405,1150,1,191,191
13267,4405,1034,2,422,844
13268,4406,1242,2,73,146
13269,4406,1044,3,80,240
13270,4407,1069,3,290,870
13271,4407,1292,2,267,534
13272,4407,1207,3,298,894
13273,4407,1051,3,57,171
13274,4407,1459,1,98,98
13275,4408,1479,1,334,334
13276,4408,1276,1,22,22
13277,4408,1377,3,183,549
13278,4408,1140,3,422,1266
13279,4408,1317,1,284,284
13280,4409,1286,1,373,373
13281,4409,1214,1,113,113
13282,4410,1436,3,210,630
13283,4410,1140,3,422,1266
13284,4410,1159,1,129,129
13285,4410,1169,3,39,117
13286,4410,1005,3,355,1065
13287,4411,1144,1,42,42
13288,4411,1222,2,278,556
13289,4412,1200,3,370,1110
13290,4413,1016,2,430,860
13291,4413,1227,2,89,178
13292,4413,1110,2,275,550
13293,4413,1424,1,83,83
13294,4414,1478,1,264,264
13295,4414,1456,1,44,44
13296,4415,1147,1,170,170
13297,4416,1350,2,341,682
13298,4417,1337,2,203,406
13299,4418,1109,2,302,604
13300,4418,1456,2,44,88
13301,4418,1396,1,301,301
13302,4418,1354,2,347,694
13303,4419,1343,2,116,232
13304,4419,1452,3,75,225
13305,4419,1254,2,182,364
13306,4419,1484,2,345,690
13307,4419,1481,2,317,634
13308,4420,1203,1,271,271
13309,4420,1095,3,212,636
13310,4420,1055,2,132,264
13311,4420,1044,3,80,240
13312,4421,1334,1,139,139
13313,4422,1252,2,272,544
13314,4422,1209,1,114,114
13315,4422,1055,3,132,396
13316,4423,1282,2,175,350
13317,4424,1301,1,103,103
13318,4424,1072,2,387,774
13319,4424,1488,3,109,327
13320,4425,1171,3,225,675
13321,4425,1305,3,72,216
13322,4425,1497,1,337,337
13323,4425,1430,2,411,822
13324,4425,1431,1,258,258
13325,4426,1393,3,372,1116
13326,4427,1475,2,260,520
13327,4427,1068,3,443,1329
13328,4427,1194,2,365,730
13329,4428,1286,1,373,373
13330,4428,1083,3,170,510
13331,4428,1102,3,38,114
13332,4428,1174,3,200,600
13333,4429,1062,3,390,1170
13334,4429,1248,3,160,480
13335,4429,1137,3,421,1263
13336,4430,1381,1,286,286
13337,4430,1111,3,92,276
13338,4431,1428,2,157,314
13339,4432,1410,2,429,858
13340,4432,1148,2,19,38
13341,4432,1411,2,281,562
13342,4433,1153,3,336,1008
13343,4434,1154,1,405,405
13344,4434,1092,3,230,690
13345,4435,1209,1,114,114
13346,4435,1233,2,350,700
13347,4435,1428,2,157,314
13348,4435,1299,1,245,245
13349,4435,1059,2,190,380
13350,4436,1309,3,18,54
13351,4436,1434,2,231,462
13352,4436,1202,3,303,909
13353,4436,1438,2,343,686
13354,4436,1364,3,125,375
13355,4437,1430,1,411,411
13356,4437,1471,2,96,192
13357,4437,1450,1,156,156
13358,4437,1350,2,341,682
13359,4438,1146,2,417,834
13360,4438,1290,3,341,1023
13361,4439,1070,2,346,692
13362,4439,1014,2,163,326
13363,4439,1095,2,212,424
13364,4439,1046,2,368,736
13365,4439,1354,3,347,1041
13366,4440,1042,3,424,1272
13367,4441,1439,1,363,363
13368,4441,1441,3,271,813
13369,4442,1002,3,60,180
13370,4442,1278,3,145,435
13371,4443,1432,2,133,266
13372,4443,1033,2,416,832
13373,4443,1384,2,369,738
13374,4444,1095,1,212,212
13375,4445,1254,2,182,364
13376,4446,1332,1,70,70
13377,4446,1099,2,287,574
13378,4446,1386,2,388,776
13379,4446,1426,2,383,766
13380,4446,1166,2,312,624
13381,4447,1478,3,264,792
13382,4448,1063,3,313,939
13383,4448,1437,3,308,924
13384,4448,1211,2,102,204
13385,4448,1067,2,320,640
13386,4449,1120,1,428,428
13387,4450,1405,3,270,810
13388,4451,1145,2,328,656
13389,4451,1289,1,385,385
13390,4451,1141,2,433,866
13391,4451,1048,3,295,885
13392,4452,1133,2,188,376
13393,4452,1456,1,44,44
13394,4452,1281,3,42,126
13395,4452,1197,2,337,674
13396,4452,1374,1,143,143
13397,4453,1351,1,360,360
13398,4453,1104,1,209,209
13399,4454,1088,1,440,440
13400,4455,1367,3,251,753
13401,4455,1380,3,120,360
13402,4455,1438,3,343,1029
13403,4455,1478,1,264,264
13404,4456,1174,2,200,400
13405,4456,1498,2,159,318
13406,4457,1008,2,428,856
13407,4458,1340,3,256,768
13408,4458,1223,3,185,555
13409,4459,1086,3,235,705
13410,4459,1230,3,309,927
13411,4459,1314,3,274,822
13412,4459,1108,3,243,729
13413,4460,1196,3,367,1101
13414,4460,1465,3,190,570
13415,4460,1066,2,54,108
13416,4461,1035,1,382,382
13417,4461,1247,2,205,410
13418,4461,1023,3,312,936
13419,4462,1467,3,77,231
13420,4463,1233,3,350,1050
13421,4463,1154,3,405,1215
13422,4463,1031,2,167,334
13423,4464,1325,3,441,1323
13424,4464,1052,3,398,1194
13425,4464,1269,3,357,1071
13426,4464,1078,1,316,316
13427,4465,1086,3,235,705
13428,4465,1266,1,138,138
13429,4465,1393,3,372,1116
13430,4466,1273,3,63,189
13431,4466,1382,3,76,228
13432,4466,1196,3,367,1101
13433,4467,1200,1,370,370
13434,4467,1254,3,182,546
13435,4467,1299,1,245,245
13436,4467,1056,1,135,135
13437,4467,1149,2,257,514
13438,4468,1403,1,256,256
13439,4468,1049,1,323,323
13440,4468,1200,1,370,370
13441,4468,1312,1,280,280
13442,4469,1256,2,395,790
13443,4469,1493,1,169,169
13444,4470,1056,1,135,135
13445,4471,1212,2,372,744
13446,4471,1447,2,405,810
13447,4471,1266,2,138,276
13448,4471,1142,1,124,124
13449,4472,1332,2,70,140
13450,4472,1394,1,246,246
13451,4473,1225,1,264,264
13452,4473,1408,2,353,706
13453,4473,1320,3,192,576
13454,4473,1426,3,383,1149
13455,4474,1284,2,109,218
13456,4474,1141,1,433,433
13457,4474,1236,3,197,591
13458,4475,1053,2,39,78
13459,4476,1262,2,227,454
13460,4476,1183,2,35,70
13461,4477,1233,1,350,350
13462,4477,1156,2,354,708
13463,4477,1109,2,302,604
13464,4478,1416,3,338,1014
13465,4478,1194,3,365,1095
13466,4478,1248,2,160,320
13467,4478,1380,1,120,120
13468,4478,1456,3,44,132
13469,4479,1409,1,346,346
13470,4479,1414,1,302,302
13471,4479,1028,3,95,285
13472,4480,1242,3,73,219
13473,4481,1081,3,172,516
13474,4481,1371,2,75,150
13475,4481,1323,1,42,42
13476,4481,1142,3,124,372
13477,4482,1074,3,102,306
13478,4482,1427,2,163,326
13479,4482,1402,2,446,892
13480,4482,1105,3,327,981
13481,4483,1252,2,272,544
13482,4483,1192,2,238,476
13483,4483,1459,1,98,98
13484,4483,1169,1,39,39
13485,4483,1219,2,317,634
13486,4484,1453,2,283,566
13487,4484,1130,3,33,99
13488,4485,1016,3,430,1290
13489,4485,1421,2,186,372
13490,4485,1125,3,45,135
13491,4486,1255,3,440,1320
13492,4486,1304,2,411,822
13493,4487,1318,1,448,448
13494,4487,1190,2,182,364
13495,4487,1097,1,371,371
13496,4487,1305,2,72,144
13497,4487,1064,3,124,372
13498,4488,1467,3,77,231
13499,4488,1102,3,38,114
13500,4488,1117,3,67,201
13501,4488,1147,3,170,510
13502,4488,1168,2,321,642
13503,4489,1302,2,336,672
13504,4489,1243,3,242,726
13505,4489,1069,3,290,870
13506,4490,1238,2,222,444
13507,4490,1284,2,109,218
13508,4490,1165,3,282,846
13509,4490,1109,2,302,604
13510,4490,1496,3,140,420
13511,4491,1427,2,163,326
13512,4491,1285,1,120,120
13513,4491,1050,1,151,151
13514,4491,1369,2,235,470
13515,4492,1278,2,145,290
13516,4492,1253,2,337,674
13517,4492,1260,3,168,504
13518,4492,1375,3,169,507
13519,4492,1447,3,405,1215
13520,4493,1120,2,428,856
13521,4494,1045,2,30,60
13522,4494,1015,3,283,849
13523,4494,1237,1,417,417
13524,4495,1392,2,212,424
13525,4496,1476,2,354,708
13526,4497,1424,2,83,166
13527,4498,1240,3,204,612
13528,4498,1149,2,257,514
13529,4498,1146,3,417,1251
13530,4499,1070,1,346,346
13531,4500,1321,1,372,372
13532,4501,1228,1,384,384
13533,4502,1313,2,212,424
13534,4502,1250,2,85,170
13535,4502,1469,3,362,1086
13536,4502,1355,2,346,692
13537,4503,1187,1,98,98
13538,4503,1253,3,337,1011
13539,4503,1064,2,124,248
13540,4504,1372,3,435,1305
13541,4505,1242,1,73,73
13542,4505,1196,3,367,1101
13543,4506,1439,3,363,1089
13544,4506,1175,2,122,244
13545,4506,1343,3,116,348
13546,4507,1275,2,186,372
13547,4507,1320,3,192,576
13548,4508,1181,1,51,51
13549,4508,1488,3,109,327
13550,4508,1373,3,27,81
13551,4508,1149,1,257,257
13552,4508,1062,3,390,1170
13553,4509,1462,3,349,1047
13554,4510,1442,1,67,67
13555,4510,1288,2,134,268
13556,4511,1170,1,40,40
13557,4511,1174,2,200,400
13558,4512,1344,2,224,448
13559,4512,1451,2,182,364
13560,4512,1457,2,386,772
13561,4512,1112,1,198,198
13562,4512,1365,1,260,260
13563,4513,1336,2,363,726
13564,4513,1005,2,355,710
13565,4514,1175,3,122,366
13566,4514,1011,3,90,270
13567,4514,1317,2,284,568
13568,4515,1460,1,182,182
13569,4516,1055,1,132,132
13570,4516,1100,2,231,462
13571,4516,1284,3,109,327
13572,4516,1124,3,249,747
13573,4516,1265,3,214,642
13574,4517,1130,2,33,66
13575,4517,1244,3,282,846
13576,4517,1214,3,113,339
13577,4518,1345,2,410,820
13578,4519,1492,1,214,214
13579,4520,1492,3,214,642
13580,4521,1216,3,423,1269
13581,4521,1002,2,60,120
13582,4521,1428,2,157,314
13583,4522,1279,1,104,104
13584,4523,1004,3,272,816
13585,4523,1500,3,187,561
13586,4523,1378,1,310,310
13587,4524,1229,2,194,388
13588,4524,1005,1,355,355
13589,4524,1359,3,47,141
13590,4524,1021,3,158,474
13591,4525,1087,1,71,71
13592,4525,1239,1,224,224
13593,4525,1362,3,182,546
13594,4526,1153,3,336,1008
13595,4526,1449,1,234,234
13596,4526,1161,3,439,1317
13597,4527,1169,3,39,117
13598,4527,1075,1,74,74
13599,4527,1422,2,356,712
13600,4527,1200,2,370,740
13601,4527,1216,2,423,846
13602,4528,1494,3,93,279
13603,4528,1233,3,350,1050
13604,4528,1392,2,212,424
13605,4528,1291,3,399,1197
13606,4529,1386,2,388,776
13607,4529,1139,2,157,314
13608,4529,1311,1,189,189
13609,4529,1027,1,376,376
13610,4530,1119,2,223,446
13611,4530,1344,2,224,448
13612,4530,1222,1,278,278
13613,4530,1267,3,415,1245
13614,4531,1499,1,41,41
13615,4531,1114,1,55,55
13616,4531,1456,2,44,88
13617,4532,1151,3,208,624
13618,4532,1234,2,200,400
13619,4533,1011,3,90,270
13620,4534,1435,2,224,448
13621,4535,1454,2,131,262
13622,4535,1398,2,199,398
13623,4535,1170,3,40,120
13624,4535,1159,2,129,258
13625,4536,1247,2,205,410
13626,4536,1462,1,349,349
13627,4536,1213,1,98,98
13628,4536,1123,3,134,402
13629,4536,1304,2,411,822
13630,4537,1328,2,213,426
13631,4537,1023,1,312,312
13632,4537,1153,1,336,336
13633,4537,1054,1,413,413
13634,4537,1432,1,133,133
13635,4538,1257,2,75,150
13636,4538,1123,3,134,402
13637,4538,1497,3,337,1011
13638,4538,1247,3,205,615
13639,4539,1148,2,19,38
13640,4539,1051,1,57,57
13641,4540,1162,1,250,250
13642,4540,1198,3,356,1068
13643,4540,1493,1,169,169
13644,4540,1155,1,35,35
13645,4540,1430,2,411,822
13646,4541,1229,1,194,194
13647,4541,1411,3,281,843
13648,4541,1415,1,111,111
13649,4541,1354,2,347,694
13650,4542,1321,1,372,372
13651,4543,1474,2,21,42
13652,4543,1420,3,403,1209
13653,4543,1253,1,337,337
13654,4543,1190,3,182,546
13655,4543,1280,1,184,184
13656,4544,1256,2,395,790
13657,4544,1335,1,127,127
13658,4544,1188,2,128,256
13659,4544,1101,1,247,247
13660,4544,1321,2,372,744
13661,4545,1335,3,127,381
13662,4545,1299,1,245,245
13663,4545,1294,2,333,666
13664,4545,1445,2,312,624
13665,4545,1262,1,227,227
13666,4546,1482,1,205,205
13667,4546,1097,3,371,1113
13668,4546,1215,2,412,824
13669,4547,1155,2,35,70
13670,4547,1430,2,411,822
13671,4547,1161,1,439,439
13672,4547,1469,3,362,1086
13673,4548,1230,3,309,927
13674,4549,1021,1,158,158
13675,4549,1169,3,39,117
13676,4549,1284,3,109,327
13677,4549,1065,2,120,240
13678,4550,1098,3,153,459
13679,4550,1499,1,41,41
13680,4551,1321,2,372,744
13681,4551,1371,2,75,150
13682,4551,1354,2,347,694
13683,4552,1213,3,98,294
13684,4552,1401,3,189,567
13685,4552,1278,3,145,435
13686,4552,1036,3,99,297
13687,4553,1025,2,315,630
13688,4553,1498,2,159,318
13689,4553,1067,2,320,640
13690,4553,1222,3,278,834
13691,4554,1008,3,428,1284
13692,4554,1180,3,150,450
13693,4554,1058,2,328,656
13694,4555,1102,2,38,76
13695,4555,1421,2,186,372
13696,4555,1386,3,388,1164
13697,4555,1373,2,27,54
13698,4556,1025,2,315,630
13699,4556,1076,3,180,540
13700,4556,1467,1,77,77
13701,4557,1258,2,448,896
13702,4558,1444,1,245,245
13703,4558,1062,1,390,390
13704,4559,1361,3,149,447
13705,4559,1008,2,428,856
13706,4560,1205,3,445,1335
13707,4560,1447,2,405,810
13708,4561,1409,2,346,692
13709,4561,1036,1,99,99
13710,4561,1363,1,235,235
13711,4561,1020,1,347,347
13712,4561,1422,2,356,712
13713,4562,1439,3,363,1089
13714,4562,1159,1,129,129
13715,4562,1451,2,182,364
13716,4563,1499,2,41,82
13717,4563,1306,3,24,72
13718,4563,1351,3,360,1080
13719,4563,1055,2,132,264
13720,4564,1440,3,195,585
13721,4564,1416,3,338,1014
13722,4564,1372,3,435,1305
13723,4565,1235,2,309,618
13724,4565,1025,3,315,945
13725,4566,1140,3,422,1266
13726,4566,1001,3,54,162
13727,4567,1210,1,352,352
13728,4567,1449,3,234,702
13729,4568,1079,1,54,54
13730,4568,1188,3,128,384
13731,4568,1236,1,197,197
13732,4568,1054,2,413,826
13733,4568,1105,2,327,654
13734,4569,1090,3,279,837
13735,4570,1387,2,252,504
13736,4571,1311,2,189,378
13737,4571,1204,3,267,801
13738,4571,1467,1,77,77
13739,4571,1057,3,93,279
13740,4572,1232,1,354,354
13741,4573,1021,2,158,316
13742,4574,1300,2,56,112
13743,4574,1004,2,272,544
13744,4575,1137,2,421,842
13745,4575,1447,2,405,810
13746,4575,1413,2,124,248
13747,4575,1488,3,109,327
13748,4575,1368,2,302,604
13749,4576,1160,2,208,416
13750,4576,1196,1,367,367
13751,4576,1138,1,281,281
13752,4576,1178,2,149,298
13753,4577,1072,2,387,774
13754,4577,1140,1,422,422
13755,4577,1077,3,360,1080
13756,4577,1358,2,321,642
13757,4578,1275,3,186,558
13758,4579,1217,1,131,131
13759,4579,1069,1,290,290
13760,4580,1302,2,336,672
13761,4581,1342,3,418,1254
13762,4581,1185,3,86,258
13763,4582,1013,3,389,1167
13764,4583,1435,3,224,672
13765,4583,1358,2,321,642
13766,4584,1480,1,351,351
13767,4584,1153,2,336,672
13768,4584,1425,1,365,365
13769,4585,1483,1,410,410
13770,4585,1038,1,127,127
13771,4585,1294,3,333,999
13772,4586,1151,1,208,208
13773,4587,1095,1,212,212
13774,4587,1457,1,386,386
13775,4587,1117,2,67,134
13776,4587,1119,3,223,669
13777,4587,1468,2,276,552
13778,4588,1495,1,173,173
13779,4588,1151,3,208,624
13780,4588,1186,3,223,669
13781,4589,1478,3,264,792
13782,4589,1040,2,225,450
13783,4589,1003,1,84,84
13784,4589,1054,3,413,1239
13785,4590,1079,1,54,54
13786,4591,1438,1,343,343
13787,4591,1451,1,182,182
13788,4591,1091,2,86,172
13789,4591,1398,3,199,597
13790,4592,1090,2,279,558
13791,4592,1055,2,132,264
13792,4593,1360,3,31,93
13793,4593,1149,3,257,771
13794,4593,1487,1,114,114
13795,4593,1488,3,109,327
13796,4593,1002,2,60,120
13797,4594,1318,3,448,1344
13798,4594,1246,3,62,186
13799,4594,1406,2,43,86
13800,4594,1148,2,19,38
13801,4594,1089,1,384,384
13802,4595,1414,1,302,302
13803,4595,1275,1,186,186
13804,4595,1301,1,103,103
13805,4596,1255,2,440,880
13806,4596,1140,3,422,1266
13807,4596,1284,3,109,327
13808,4597,1149,3,257,771
13809,4597,1028,1,95,95
13810,4597,1405,1,270,270
13811,4597,1194,3,365,1095
13812,4597,1374,3,143,429
13813,4598,1381,1,286,286
13814,4598,1170,3,40,120
13815,4599,1197,2,337,674
13816,4599,1374,2,143,286
13817,4600,1459,1,98,98
13818,4600,1154,2,405,810
13819,4601,1270,1,145,145
13820,4601,1374,1,143,143
13821,4602,1130,2,33,66
13822,4602,1249,1,183,183
13823,4602,1122,3,278,834
13824,4603,1261,3,303,909
13825,4603,1147,3,170,510
13826,4603,1073,3,59,177
13827,4603,1492,1,214,214
13828,4603,1002,3,60,180
13829,4604,1052,3,398,1194
13830,4604,1300,2,56,112
13831,4604,1326,2,366,732
13832,4605,1280,1,184,184
13833,4605,1325,3,441,1323
13834,4606,1266,2,138,276
13835,4606,1120,3,428,1284
13836,4606,1022,1,91,91
13837,4607,1382,2,76,152
13838,4607,1388,2,239,478
13839,4607,1255,2,440,880
13840,4607,1379,2,217,434
13841,4608,1338,2,121,242
13842,4608,1200,2,370,740
13843,4608,1006,1,445,445
13844,4608,1122,2,278,556
13845,4608,1254,2,182,364
13846,4609,1026,2,182,364
13847,4609,1404,1,408,408
13848,4609,1386,3,388,1164
13849,4609,1192,2,238,476
13850,4609,1191,2,216,432
13851,4610,1188,2,128,256
13852,4610,1112,2,198,396
13853,4610,1368,1,302,302
13854,4610,1013,3,389,1167
13855,4610,1434,2,231,462
13856,4611,1194,2,365,730
13857,4612,1019,1,107,107
13858,4612,1356,3,298,894
13859,4612,1219,1,317,317
13860,4612,1171,3,225,675
13861,4613,1214,1,113,113
13862,4613,1159,3,129,387
13863,4613,1012,2,445,890
13864,4614,1019,2,107,214
13865,4614,1297,3,50,150
13866,4614,1236,2,197,394
13867,4615,1304,1,411,411
13868,4615,1218,1,108,108
13869,4615,1236,2,197,394
13870,4615,1324,2,202,404
13871,4615,1362,1,182,182
13872,4616,1113,1,136,136
13873,4616,1301,1,103,103
13874,4616,1428,1,157,157
13875,4617,1181,2,51,102
13876,4617,1449,2,234,468
13877,4617,1306,3,24,72
13878,4617,1073,3,59,177
13879,4617,1455,1,31,31
13880,4618,1138,1,281,281
13881,4618,1081,2,172,344
13882,4618,1417,3,114,342
13883,4618,1268,3,347,1041
13884,4619,1285,3,120,360
13885,4619,1276,2,22,44
13886,4619,1092,1,230,230
13887,4619,1086,2,235,470
13888,4619,1395,3,184,552
13889,4620,1491,2,408,816
13890,4620,1438,2,343,686
13891,4620,1359,1,47,47
13892,4620,1334,2,139,278
13893,4620,1100,1,231,231
13894,4621,1380,2,120,240
13895,4621,1068,2,443,886
13896,4621,1439,2,363,726
13897,4622,1260,2,168,336
13898,4622,1402,2,446,892
13899,4623,1048,1,295,295
13900,4624,1034,3,422,1266
13901,4625,1318,2,448,896
13902,4626,1120,1,428,428
13903,4626,1464,3,139,417
13904,4626,1221,2,273,546
13905,4627,1283,3,28,84
13906,4627,1227,3,89,267
13907,4627,1450,1,156,156
13908,4628,1132,2,172,344
13909,4629,1151,2,208,416
13910,4629,1457,3,386,1158
13911,4630,1390,2,180,360
13912,4631,1412,2,22,44
13913,4631,1255,2,440,880
13914,4631,1187,1,98,98
13915,4631,1101,2,247,494
13916,4632,1159,3,129,387
13917,4633,1007,1,252,252
13918,4633,1483,3,410,1230
13919,4633,1042,2,424,848
13920,4634,1055,2,132,264
13921,4634,1195,1,416,416
13922,4634,1357,3,440,1320
13923,4635,1253,2,337,674
13924,4635,1461,3,301,903
13925,4635,1197,2,337,674
13926,4635,1245,1,176,176
13927,4635,1359,2,47,94
13928,4636,1025,2,315,630
13929,4636,1120,1,428,428
13930,4637,1484,1,345,345
13931,4637,1352,1,353,353
13932,4638,1076,2,180,360
13933,4638,1434,1,231,231
13934,4638,1071,2,84,168
13935,4639,1402,2,446,892
13936,4639,1264,3,144,432
13937,4639,1050,3,151,453
13938,4639,1433,1,217,217
13939,4640,1354,1,347,347
13940,4640,1109,3,302,906
13941,4641,1384,2,369,738
13942,4641,1251,1,275,275
13943,4641,1220,1,361,361
13944,4642,1372,1,435,435
13945,4642,1263,2,136,272
13946,4642,1026,2,182,364
13947,4642,1382,2,76,152
13948,4642,1343,3,116,348
13949,4643,1184,1,157,157
13950,4643,1015,2,283,566
13951,4643,1189,2,186,372
13952,4643,1399,1,347,347
13953,4643,1337,3,203,609
13954,4644,1089,2,384,768
13955,4644,1229,3,194,582
13956,4644,1435,1,224,224
13957,4644,1188,1,128,128
13958,4645,1304,2,411,822
13959,4645,1268,2,347,694
13960,4645,1418,1,315,315
13961,4645,1431,2,258,516
13962,4645,1201,1,244,244
13963,4646,1073,1,59,59
13964,4646,1448,2,113,226
13965,4647,1338,1,121,121
13966,4647,1360,3,31,93
13967,4647,1169,3,39,117
13968,4648,1201,1,244,244
13969,4648,1354,2,347,694
13970,4648,1095,2,212,424
13971,4648,1259,1,304,304
13972,4648,1342,3,418,1254
13973,4649,1060,1,228,228
13974,4649,1376,3,254,762
13975,4649,1255,2,440,880
13976,4650,1390,3,180,540
13977,4650,1050,1,151,151
13978,4650,1290,3,341,1023
13979,4650,1494,2,93,186
13980,4651,1226,2,170,340
13981,4651,1031,1,167,167
13982,4652,1101,3,247,741
13983,4652,1148,1,19,19
13984,4652,1343,1,116,116
13985,4652,1339,2,88,176
13986,4652,1204,3,267,801
13987,4653,1112,2,198,396
13988,4653,1405,2,270,540
13989,4653,1116,3,99,297
13990,4653,1257,1,75,75
13991,4653,1408,2,353,706
13992,4654,1364,1,125,125
13993,4654,1028,1,95,95
13994,4654,1185,1,86,86
13995,4655,1345,3,410,1230
13996,4655,1204,3,267,801
13997,4656,1368,1,302,302
13998,4657,1154,1,405,405
13999,4657,1105,1,327,327
14000,4658,1382,2,76,152
14001,4658,1056,1,135,135
14002,4658,1033,2,416,832
14003,4659,1108,2,243,486
14004,4660,1364,1,125,125
14005,4661,1401,2,189,378
14006,4662,1449,1,234,234
14007,4662,1210,1,352,352
14008,4662,1183,3,35,105
14009,4662,1109,1,302,302
14010,4663,1240,2,204,408
14011,4664,1423,1,231,231
14012,4664,1386,1,388,388
14013,4664,1425,1,365,365
14014,4664,1468,3,276,828
14015,4665,1070,3,346,1038
14016,4665,1203,3,271,813
14017,4665,1468,3,276,828
14018,4666,1271,1,355,355
14019,4666,1342,3,418,1254
14020,4666,1159,1,129,129
14021,4666,1426,2,383,766
14022,4667,1085,2,326,652
14023,4667,1187,2,98,196
14024,4668,1192,3,238,714
14025,4668,1274,3,264,792
14026,4668,1181,1,51,51
14027,4668,1463,1,18,18
14028,4669,1450,2,156,312
14029,4669,1090,2,279,558
14030,4669,1022,1,91,91
14031,4669,1025,2,315,630
14032,4670,1110,2,275,550
14033,4670,1164,3,61,183
14034,4671,1076,3,180,540
14035,4671,1490,1,232,232
14036,4671,1135,1,307,307
14037,4672,1045,3,30,90
14038,4672,1209,2,114,228
14039,4672,1013,2,389,778
14040,4673,1098,3,153,459
14041,4673,1492,1,214,214
14042,4674,1288,1,134,134
14043,4675,1232,3,354,1062
14044,4675,1067,2,320,640
14045,4675,1007,2,252,504
14046,4675,1064,3,124,372
14047,4675,1317,1,284,284
14048,4676,1164,2,61,122
14049,4677,1174,1,200,200
14050,4678,1234,1,200,200
14051,4678,1499,2,41,82
14052,4678,1292,3,267,801
14053,4678,1008,2,428,856
14054,4678,1333,2,118,236
14055,4679,1146,3,417,1251
14056,4680,1304,2,411,822
14057,4680,1418,1,315,315
14058,4680,1020,3,347,1041
14059,4681,1441,3,271,813
14060,4682,1157,1,175,175
14061,4682,1028,3,95,285
14062,4682,1467,1,77,77
14063,4683,1412,2,22,44
14064,4684,1364,2,125,250
14065,4684,1056,3,135,405
14066,4684,1152,1,301,301
14067,4684,1093,2,435,870
14068,4684,1323,1,42,42
14069,4685,1259,2,304,608
14070,4685,1116,1,99,99
14071,4685,1404,2,408,816
14072,4685,1433,1,217,217
14073,4685,1320,1,192,192
14074,4686,1128,1,240,240
14075,4686,1178,1,149,149
14076,4686,1012,3,445,1335
14077,4686,1337,3,203,609
14078,4687,1069,3,290,870
14079,4687,1086,3,235,705
14080,4688,1190,2,182,364
14081,4688,1138,1,281,281
14082,4688,1309,1,18,18
14083,4688,1427,2,163,326
14084,4688,1396,2,301,602
14085,4689,1128,3,240,720
14086,4689,1296,1,439,439
14087,4689,1236,2,197,394
14088,4689,1073,2,59,118
14089,4689,1068,2,443,886
14090,4690,1416,2,338,676
14091,4690,1469,3,362,1086
14092,4690,1020,2,347,694
14093,4691,1117,3,67,201
14094,4691,1194,2,365,730
14095,4691,1229,2,194,388
14096,4691,1099,3,287,861
14097,4692,1356,1,298,298
14098,4692,1365,1,260,260
14099,4692,1310,3,164,492
14100,4692,1090,2,279,558
14101,4693,1324,1,202,202
14102,4693,1146,2,417,834
14103,4693,1274,2,264,528
14104,4694,1042,3,424,1272
14105,4695,1089,2,384,768
14106,4695,1120,1,428,428
14107,4696,1460,2,182,364
14108,4696,1346,3,375,1125
14109,4697,1168,2,321,642
14110,4697,1290,1,341,341
14111,4698,1394,1,246,246
14112,4698,1353,3,69,207
14113,4699,1041,2,207,414
14114,4699,1316,1,374,374
14115,4699,1236,2,197,394
14116,4699,1300,3,56,168
14117,4700,1137,2,421,842
14118,4700,1201,2,244,488
14119,4701,1100,1,231,231
14120,4701,1193,3,414,1242
14121,4702,1406,1,43,43
14122,4703,1297,1,50,50
14123,4703,1145,3,328,984
14124,4703,1286,2,373,746
14125,4703,1135,1,307,307
14126,4704,1175,2,122,244
14127,4705,1330,2,264,528
14128,4706,1480,3,351,1053
14129,4707,1079,3,54,162
14130,4707,1241,3,164,492
14131,4707,1482,3,205,615
14132,4708,1280,2,184,368
14133,4708,1424,3,83,249
14134,4708,1392,1,212,212
14135,4708,1444,2,245,490
14136,4709,1315,3,26,78
14137,4710,1028,2,95,190
14138,4710,1401,3,189,567
14139,4711,1237,2,417,834
14140,4711,1409,2,346,692
14141,4711,1209,1,114,114
14142,4712,1265,2,214,428
14143,4712,1048,2,295,590
14144,4712,1221,2,273,546
14145,4712,1244,2,282,564
14146,4712,1177,3,408,1224
14147,4713,1270,2,145,290
14148,4713,1457,2,386,772
14149,4714,1073,3,59,177
14150,4714,1148,1,19,19
14151,4714,1119,1,223,223
14152,4714,1014,1,163,163
14153,4715,1067,3,320,960
14154,4715,1319,3,430,1290
14155,4715,1247,1,205,205
14156,4715,1144,2,42,84
14157,4716,1096,3,67,201
14158,4717,1196,1,367,367
14159,4717,1348,1,176,176
14160,4717,1135,3,307,921
14161,4717,1120,3,428,1284
14162,4717,1489,2,149,298
14163,4718,1162,2,250,500
14164,4719,1144,1,42,42
14165,4719,1401,1,189,189
14166,4719,1352,2,353,706
14167,4719,1124,1,249,249
14168,4719,1235,3,309,927
14169,4720,1320,2,192,384
14170,4720,1158,1,77,77
14171,4720,1422,1,356,356
14172,4720,1211,1,102,102
14173,4720,1187,3,98,294
14174,4721,1054,3,413,1239
14175,4721,1049,1,323,323
14176,4722,1482,2,205,410
14177,4722,1397,2,152,304
14178,4722,1328,3,213,639
14179,4722,1341,2,102,204
14180,4723,1137,2,421,842
14181,4724,1422,3,356,1068
14182,4724,1436,3,210,630
14183,4725,1111,3,92,276
14184,4725,1477,3,170,510
14185,4725,1311,1,189,189
14186,4725,1359,3,47,141
14187,4726,1315,1,26,26
14188,4726,1395,2,184,368
14189,4726,1268,2,347,694
14190,4726,1250,3,85,255
14191,4726,1026,2,182,364
14192,4727,1225,2,264,528
14193,4727,1299,3,245,735
14194,4728,1295,3,132,396
14195,4728,1045,2,30,60
14196,4728,1256,2,395,790
14197,4729,1452,1,75,75
14198,4730,1390,3,180,540
14199,4730,1249,2,183,366
14200,4730,1283,1,28,28
14201,4731,1169,2,39,78
14202,4732,1078,1,316,316
14203,4732,1074,1,102,102
14204,4732,1048,1,295,295
14205,4732,1420,1,403,403
14206,4732,1409,1,346,346
14207,4733,1339,3,88,264
14208,4733,1103,3,238,714
14209,4733,1407,1,65,65
14210,4733,1310,2,164,328
14211,4733,1034,3,422,1266
14212,4734,1361,2,149,298
14213,4734,1183,3,35,105
14214,4734,1086,2,235,470
14215,4734,1334,1,139,139
14216,4734,1321,3,372,1116
14217,4735,1453,2,283,566
14218,4735,1136,1,342,342
14219,4735,1346,1,375,375
14220,4735,1211,2,102,204
14221,4736,1320,1,192,192
14222,4737,1237,3,417,1251
14223,4737,1030,1,441,441
14224,4737,1399,1,347,347
14225,4737,1370,1,300,300
14226,4737,1107,2,397,794
14227,4738,1157,3,175,525
14228,4738,1047,2,399,798
14229,4738,1036,2,99,198
14230,4738,1020,1,347,347
14231,4739,1237,2,417,834
14232,4739,1165,1,282,282
14233,4740,1198,2,356,712
14234,4740,1159,1,129,129
14235,4740,1277,1,60,60
14236,4741,1075,1,74,74
14237,4742,1344,1,224,224
14238,4742,1450,2,156,312
14239,4742,1065,3,120,360
14240,4742,1047,1,399,399
14241,4743,1490,3,232,696
14242,4743,1422,1,356,356
14243,4744,1391,3,273,819
14244,4744,1012,2,445,890
14245,4744,1162,1,250,250
14246,4744,1463,3,18,54
14247,4744,1021,2,158,316
14248,4745,1194,2,365,730
14249,4745,1276,1,22,22
14250,4745,1127,2,288,576
14251,4745,1375,1,169,169
14252,4745,1391,1,273,273
14253,4746,1460,2,182,364
14254,4747,1365,1,260,260
14255,4747,1485,2,290,580
14256,4747,1366,3,129,387
14257,4747,1170,2,40,80
14258,4748,1058,1,328,328
14259,4748,1454,1,131,131
14260,4748,1420,1,403,403
14261,4748,1386,3,388,1164
14262,4749,1046,2,368,736
14263,4749,1291,1,399,399
14264,4749,1315,2,26,52
14265,4749,1478,1,264,264
14266,4750,1314,3,274,822
14267,4751,1309,2,18,36
14268,4751,1418,1,315,315
14269,4752,1348,1,176,176
14270,4752,1209,1,114,114
14271,4752,1338,1,121,121
14272,4753,1191,3,216,648
14273,4753,1091,3,86,258
14274,4753,1198,1,356,356
14275,4753,1160,1,208,208
14276,4754,1020,3,347,1041
14277,4754,1302,1,336,336
14278,4755,1267,2,415,830
14279,4756,1117,2,67,134
14280,4756,1243,1,242,242
14281,4757,1106,2,344,688
14282,4757,1027,1,376,376
14283,4757,1281,2,42,84
14284,4757,1183,1,35,35
14285,4757,1088,1,440,440
14286,4758,1221,3,273,819
14287,4759,1172,1,305,305
14288,4760,1193,2,414,828
14289,4760,1275,1,186,186
14290,4760,1400,3,253,759
14291,4760,1138,3,281,843
14292,4761,1430,3,411,1233
14293,4761,1188,3,128,384
14294,4762,1306,1,24,24
14295,4763,1132,3,172,516
14296,4763,1109,3,302,906
14297,4763,1120,2,428,856
14298,4763,1086,1,235,235
14299,4763,1426,1,383,383
14300,4764,1412,1,22,22
14301,4764,1321,2,372,744
14302,4764,1395,3,184,552
14303,4765,1087,3,71,213
14304,4765,1152,3,301,903
14305,4765,1453,3,283,849
14306,4765,1023,1,312,312
14307,4765,1156,1,354,354
14308,4766,1352,2,353,706
14309,4766,1199,3,107,321
14310,4766,1446,3,73,219
14311,4767,1324,3,202,606
14312,4767,1016,3,430,1290
14313,4767,1459,2,98,196
14314,4768,1264,2,144,288
14315,4769,1201,3,244,732
14316,4769,1272,3,400,1200
14317,4769,1086,3,235,705
14318,4769,1235,1,309,309
14319,4769,1004,2,272,544
14320,4770,1114,3,55,165
14321,4771,1455,1,31,31
14322,4771,1006,2,445,890
14323,4771,1447,2,405,810
14324,4771,1084,1,403,403
14325,4771,1058,1,328,328
14326,4772,1375,2,169,338
14327,4772,1176,1,132,132
14328,4772,1242,3,73,219
14329,4772,1466,1,336,336
14330,4773,1461,2,301,602
14331,4773,1430,1,411,411
14332,4773,1189,3,186,558
14333,4773,1037,1,338,338
14334,4773,1132,1,172,172
14335,4774,1164,1,61,61
14336,4774,1110,3,275,825
14337,4774,1007,3,252,756
14338,4774,1407,2,65,130
14339,4774,1263,2,136,272
14340,4775,1409,3,346,1038
14341,4775,1486,3,444,1332
14342,4775,1309,1,18,18
14343,4775,1308,3,359,1077
14344,4775,1100,3,231,693
14345,4776,1487,1,114,114
14346,4776,1218,3,108,324
14347,4777,1174,3,200,600
14348,4777,1338,3,121,363
14349,4777,1394,1,246,246
14350,4777,1457,2,386,772
14351,4778,1055,1,132,132
14352,4778,1287,1,344,344
14353,4778,1008,1,428,428
14354,4778,1346,1,375,375
14355,4778,1234,1,200,200
14356,4779,1295,2,132,264
14357,4780,1213,3,98,294
14358,4780,1081,3,172,516
14359,4780,1228,1,384,384
14360,4781,1134,3,407,1221
14361,4781,1054,3,413,1239
14362,4781,1453,2,283,566
14363,4782,1376,2,254,508
14364,4782,1024,3,21,63
14365,4782,1269,2,357,714
14366,4783,1123,3,134,402
14367,4783,1077,2,360,720
14368,4783,1115,3,219,657
14369,4784,1377,3,183,549
14370,4785,1497,3,337,1011
14371,4785,1044,2,80,160
14372,4786,1298,3,320,960
14373,4786,1478,3,264,792
14374,4786,1457,3,386,1158
14375,4787,1239,2,224,448
14376,4787,1074,2,102,204
14377,4788,1079,3,54,162
14378,4789,1229,1,194,194
14379,4789,1339,1,88,88
14380,4789,1027,1,376,376
14381,4789,1440,3,195,585
14382,4790,1276,3,22,66
14383,4790,1453,3,283,849
14384,4790,1329,2,145,290
14385,4790,1230,1,309,309
14386,4791,1283,1,28,28
14387,4792,1396,2,301,602
14388,4793,1275,2,186,372
14389,4794,1191,1,216,216
14390,4794,1043,3,18,54
14391,4794,1246,3,62,186
14392,4795,1279,3,104,312
14393,4795,1465,1,190,190
14394,4795,1012,1,445,445
14395,4795,1302,1,336,336
14396,4795,1034,3,422,1266
14397,4796,1118,3,434,1302
14398,4796,1426,1,383,383
14399,4796,1298,1,320,320
14400,4797,1047,3,399,1197
14401,4797,1477,1,170,170
14402,4798,1315,2,26,52
14403,4799,1139,3,157,471
14404,4799,1206,2,287,574
14405,4800,1094,1,231,231
14406,4801,1346,1,375,375
14407,4801,1322,2,187,374
14408,4801,1086,1,235,235
14409,4801,1308,2,359,718
14410,4802,1195,2,416,832
14411,4803,1053,2,39,78
14412,4803,1400,2,253,506
14413,4803,1466,3,336,1008
14414,4804,1231,1,236,236
14415,4804,1340,1,256,256
14416,4804,1064,2,124,248
14417,4804,1167,2,151,302
14418,4804,1305,3,72,216
14419,4805,1045,2,30,60
14420,4805,1174,1,200,200
14421,4805,1372,1,435,435
14422,4805,1297,2,50,100
14423,4805,1365,1,260,260
14424,4806,1004,3,272,816
14425,4806,1238,1,222,222
14426,4806,1380,1,120,120
14427,4806,1010,2,243,486
14428,4806,1048,3,295,885
14429,4807,1331,2,296,592
14430,4808,1332,2,70,140
14431,4808,1039,2,52,104
14432,4808,1248,3,160,480
14433,4808,1296,1,439,439
14434,4809,1197,3,337,1011
14435,4809,1104,3,209,627
14436,4809,1245,1,176,176
14437,4809,1101,1,247,247
14438,4809,1409,2,346,692
14439,4810,1167,3,151,453
14440,4810,1314,1,274,274
14441,4810,1142,1,124,124
14442,4810,1412,3,22,66
14443,4811,1042,2,424,848
14444,4811,1324,2,202,404
14445,4811,1185,3,86,258
14446,4811,1128,2,240,480
14447,4812,1489,1,149,149
14448,4812,1337,2,203,406
14449,4813,1267,1,415,415
14450,4813,1081,2,172,344
14451,4813,1210,3,352,1056
14452,4813,1377,3,183,549
14453,4813,1140,3,422,1266
14454,4814,1041,1,207,207
14455,4815,1380,2,120,240
14456,4815,1325,2,441,882
14457,4816,1088,1,440,440
14458,4816,1256,1,395,395
14459,4816,1424,3,83,249
14460,4816,1202,3,303,909
14461,4816,1427,1,163,163
14462,4817,1355,3,346,1038
14463,4817,1322,2,187,374
14464,4817,1341,3,102,306
14465,4818,1180,2,150,300
14466,4818,1170,2,40,80
14467,4818,1412,1,22,22
14468,4818,1178,2,149,298
14469,4819,1438,3,343,1029
14470,4819,1363,1,235,235
14471,4819,1304,1,411,411
14472,4819,1347,2,418,836
14473,4819,1237,1,417,417
14474,4820,1415,1,111,111
14475,4820,1185,1,86,86
14476,4821,1088,3,440,1320
14477,4821,1425,2,365,730
14478,4821,1377,1,183,183
14479,4821,1226,3,170,510
14480,4821,1290,3,341,1023
14481,4822,1040,1,225,225
14482,4822,1206,1,287,287
14483,4823,1143,2,353,706
14484,4823,1291,2,399,798
14485,4823,1316,3,374,1122
14486,4823,1167,2,151,302
14487,4824,1068,1,443,443
14488,4824,1059,2,190,380
14489,4824,1302,2,336,672
14490,4824,1497,2,337,674
14491,4824,1043,1,18,18
14492,4825,1064,1,124,124
14493,4825,1021,2,158,316
14494,4825,1166,3,312,936
14495,4825,1436,3,210,630
14496,4826,1328,1,213,213
14497,4826,1263,2,136,272
14498,4827,1383,3,22,66
14499,4827,1365,3,260,780
14500,4828,1478,3,264,792
14501,4829,1061,3,55,165
14502,4829,1120,2,428,856
14503,4829,1357,1,440,440
14504,4829,1094,2,231,462
14505,4829,1406,1,43,43
14506,4830,1366,3,129,387
14507,4831,1063,3,313,939
14508,4831,1397,3,152,456
14509,4832,1062,2,390,780
14510,4833,1377,1,183,183
14511,4833,1454,2,131,262
14512,4833,1084,1,403,403
14513,4833,1381,1,286,286
14514,4834,1242,2,73,146
14515,4834,1499,2,41,82
14516,4835,1432,3,133,399
14517,4835,1480,3,351,1053
14518,4836,1001,1,54,54
14519,4836,1284,2,109,218
14520,4837,1210,3,352,1056
14521,4837,1301,3,103,309
14522,4838,1148,1,19,19
14523,4838,1254,1,182,182
14524,4839,1136,3,342,1026
14525,4839,1314,2,274,548
14526,4839,1371,1,75,75
14527,4839,1106,3,344,1032
14528,4840,1359,3,47,141
14529,4840,1044,1,80,80
14530,4841,1329,3,145,435
14531,4841,1342,2,418,836
14532,4841,1451,3,182,546
14533,4841,1428,1,157,157
14534,4841,1167,2,151,302
14535,4842,1305,2,72,144
14536,4842,1132,1,172,172
14537,4843,1173,3,328,984
14538,4843,1299,2,245,490
14539,4843,1308,1,359,359
14540,4843,1108,1,243,243
14541,4843,1421,2,186,372
14542,4844,1044,3,80,240
14543,4844,1378,1,310,310
14544,4844,1138,3,281,843
14545,4844,1237,1,417,417
14546,4844,1157,1,175,175
14547,4845,1426,3,383,1149
14548,4845,1045,2,30,60
14549,4845,1300,1,56,56
14550,4845,1402,3,446,1338
14551,4846,1021,3,158,474
14552,4846,1329,1,145,145
14553,4846,1015,3,283,849
14554,4846,1017,3,231,693
14555,4846,1447,2,405,810
14556,4847,1473,1,105,105
14557,4848,1316,3,374,1122
14558,4848,1145,3,328,984
14559,4848,1208,2,259,518
14560,4848,1358,2,321,642
14561,4849,1352,2,353,706
14562,4849,1023,2,312,624
14563,4849,1303,1,133,133
14564,4849,1364,3,125,375
14565,4850,1194,2,365,730
14566,4850,1485,1,290,290
14567,4850,1133,3,188,564
14568,4850,1481,2,317,634
14569,4850,1288,2,134,268
14570,4851,1272,3,400,1200
14571,4851,1132,1,172,172
14572,4852,1182,3,116,348
14573,4852,1008,3,428,1284
14574,4853,1486,2,444,888
14575,4853,1035,3,382,1146
14576,4853,1481,2,317,634
14577,4853,1295,2,132,264
14578,4854,1266,2,138,276
14579,4855,1241,2,164,328
14580,4855,1449,2,234,468
14581,4855,1085,3,326,978
14582,4856,1016,3,430,1290
14583,4856,1067,1,320,320
14584,4857,1342,2,418,836
14585,4857,1117,3,67,201
14586,4857,1142,2,124,248
14587,4857,1170,1,40,40
14588,4857,1152,1,301,301
14589,4858,1196,3,367,1101
14590,4859,1386,1,388,388
14591,4860,1164,3,61,183
14592,4861,1314,2,274,548
14593,4861,1142,2,124,248
14594,4862,1173,2,328,656
14595,4862,1335,3,127,381
14596,4862,1097,3,371,1113
14597,4862,1261,1,303,303
14598,4863,1089,2,384,768
14599,4864,1285,2,120,240
14600,4864,1212,3,372,1116
14601,4864,1234,2,200,400
14602,4864,1129,3,315,945
14603,4864,1136,3,342,1026
14604,4865,1250,2,85,170
14605,4865,1391,2,273,546
14606,4866,1150,2,191,382
14607,4867,1206,2,287,574
14608,4867,1070,3,346,1038
14609,4867,1159,3,129,387
14610,4867,1388,2,239,478
14611,4867,1019,3,107,321
14612,4868,1120,1,428,428
14613,4868,1220,2,361,722
14614,4868,1194,1,365,365
14615,4869,1037,3,338,1014
14616,4869,1400,2,253,506
14617,4869,1044,3,80,240
14618,4869,1159,3,129,387
14619,4870,1493,3,169,507
14620,4870,1193,2,414,828
14621,4870,1345,1,410,410
14622,4870,1291,2,399,798
14623,4870,1176,1,132,132
14624,4871,1182,2,116,232
14625,4871,1178,3,149,447
14626,4871,1148,3,19,57
14627,4871,1143,1,353,353
14628,4871,1032,1,244,244
14629,4872,1137,3,421,1263
14630,4872,1228,2,384,768
14631,4872,1132,1,172,172
14632,4873,1084,3,403,1209
14633,4873,1233,1,350,350
14634,4873,1156,2,354,708
14635,4873,1100,3,231,693
14636,4874,1262,3,227,681
14637,4874,1340,3,256,768
14638,4874,1167,3,151,453
14639,4874,1142,1,124,124
14640,4875,1216,3,423,1269
14641,4875,1171,2,225,450
14642,4876,1202,1,303,303
14643,4876,1423,2,231,462
14644,4876,1283,2,28,56
14645,4877,1409,3,346,1038
14646,4877,1390,3,180,540
14647,4878,1403,1,256,256
14648,4879,1424,1,83,83
14649,4879,1327,3,189,567
14650,4879,1311,1,189,189
14651,4879,1296,3,439,1317
14652,4880,1123,2,134,268
14653,4880,1201,3,244,732
14654,4880,1136,3,342,1026
14655,4880,1466,3,336,1008
14656,4881,1484,2,345,690
14657,4882,1437,1,308,308
14658,4882,1088,2,440,880
14659,4883,1365,1,260,260
14660,4884,1036,3,99,297
14661,4884,1223,1,185,185
14662,4884,1075,3,74,222
14663,4885,1455,1,31,31
14664,4886,1231,3,236,708
14665,4886,1147,2,170,340
14666,4886,1375,1,169,169
14667,4886,1219,2,317,634
14668,4887,1245,1,176,176
14669,4888,1218,3,108,324
14670,4888,1414,3,302,906
14671,4889,1408,2,353,706
14672,4889,1203,3,271,813
14673,4890,1119,3,223,669
14674,4890,1152,1,301,301
14675,4890,1240,1,204,204
14676,4891,1318,2,448,896
14677,4892,1396,1,301,301
14678,4892,1385,3,371,1113
14679,4893,1352,3,353,1059
14680,4893,1383,1,22,22
14681,4893,1413,1,124,124
14682,4894,1456,1,44,44
14683,4894,1318,3,448,1344
14684,4894,1175,2,122,244
14685,4894,1304,1,411,411
14686,4894,1054,2,413,826
14687,4895,1070,1,346,346
14688,4895,1289,3,385,1155
14689,4895,1336,3,363,1089
14690,4895,1406,2,43,86
14691,4895,1206,2,287,574
14692,4896,1465,1,190,190
14693,4897,1363,3,235,705
14694,4898,1213,2,98,196
14695,4898,1123,1,134,134
14696,4898,1090,2,279,558
14697,4898,1163,3,31,93
14698,4899,1171,2,225,450
14699,4899,1496,2,140,280
14700,4899,1482,2,205,410
14701,4900,1366,1,129,129
14702,4900,1193,3,414,1242
14703,4900,1072,2,387,774
14704,4901,1054,3,413,1239
14705,4901,1343,1,116,116
14706,4901,1200,3,370,1110
14707,4901,1182,3,116,348
14708,4901,1009,1,46,46
14709,4902,1015,3,283,849
14710,4902,1272,1,400,400
14711,4902,1399,1,347,347
14712,4902,1078,1,316,316
14713,4902,1160,2,208,416
14714,4903,1154,2,405,810
14715,4904,1469,1,362,362
14716,4905,1033,2,416,832
14717,4906,1315,2,26,52
14718,4906,1479,1,334,334
14719,4906,1460,2,182,364
14720,4906,1494,2,93,186
14721,4907,1483,3,410,1230
14722,4907,1491,2,408,816
14723,4907,1152,2,301,602
14724,4907,1139,1,157,157
14725,4907,1100,2,231,462
14726,4908,1178,1,149,149
14727,4908,1476,1,354,354
14728,4909,1292,2,267,534
14729,4910,1471,1,96,96
14730,4910,1176,2,132,264
14731,4910,1065,2,120,240
14732,4911,1460,3,182,546
14733,4911,1094,3,231,693
14734,4911,1135,1,307,307
14735,4912,1258,3,448,1344
14736,4913,1267,2,415,830
14737,4914,1323,2,42,84
14738,4915,1144,1,42,42
14739,4915,1460,2,182,364
14740,4916,1402,2,446,892
14741,4917,1167,2,151,302
14742,4917,1356,2,298,596
14743,4917,1248,3,160,480
14744,4917,1254,1,182,182
14745,4918,1396,2,301,602
14746,4918,1225,3,264,792
14747,4918,1079,1,54,54
14748,4918,1364,1,125,125
14749,4919,1354,1,347,347
14750,4919,1383,2,22,44
14751,4919,1477,2,170,340
14752,4920,1420,2,403,806
14753,4920,1036,3,99,297
14754,4920,1282,1,175,175
14755,4920,1474,2,21,42
14756,4921,1257,3,75,225
14757,4921,1332,1,70,70
14758,4921,1110,3,275,825
14759,4921,1033,3,416,1248
14760,4922,1369,2,235,470
14761,4922,1052,3,398,1194
14762,4922,1394,2,246,492
14763,4922,1262,1,227,227
14764,4923,1172,1,305,305
14765,4923,1056,2,135,270
14766,4923,1109,1,302,302
14767,4923,1147,1,170,170
14768,4924,1442,2,67,134
14769,4924,1123,2,134,268
14770,4924,1143,3,353,1059
14771,4924,1459,2,98,196
14772,4925,1120,1,428,428
14773,4925,1461,1,301,301
14774,4925,1321,2,372,744
14775,4925,1105,3,327,981
14776,4925,1400,3,253,759
14777,4926,1287,2,344,688
14778,4926,1404,1,408,408
14779,4926,1477,1,170,170
14780,4926,1319,2,430,860
14781,4926,1420,2,403,806
14782,4927,1225,2,264,528
14783,4927,1486,1,444,444
14784,4927,1273,1,63,63
14785,4928,1260,2,168,336
14786,4928,1344,3,224,672
14787,4928,1292,3,267,801
14788,4928,1439,2,363,726
14789,4928,1176,3,132,396
14790,4929,1376,1,254,254
14791,4929,1003,3,84,252
14792,4929,1497,3,337,1011
14793,4929,1209,3,114,342
14794,4930,1398,1,199,199
14795,4931,1267,1,415,415
14796,4931,1405,3,270,810
14797,4931,1190,3,182,546
14798,4931,1319,1,430,430
14799,4932,1108,1,243,243
14800,4932,1356,3,298,894
14801,4932,1165,3,282,846
14802,4933,1257,3,75,225
14803,4933,1459,1,98,98
14804,4933,1291,2,399,798
14805,4933,1136,2,342,684
14806,4934,1078,3,316,948
14807,4934,1165,3,282,846
14808,4934,1183,1,35,35
14809,4934,1211,1,102,102
14810,4934,1297,1,50,50
14811,4935,1078,2,316,632
14812,4935,1260,2,168,336
14813,4935,1129,1,315,315
14814,4935,1018,1,156,156
14815,4936,1335,1,127,127
14816,4936,1413,3,124,372
14817,4937,1140,3,422,1266
14818,4937,1084,1,403,403
14819,4938,1241,1,164,164
14820,4938,1454,1,131,131
14821,4939,1341,1,102,102
14822,4939,1364,3,125,375
14823,4939,1293,3,160,480
14824,4939,1245,1,176,176
14825,4940,1126,1,380,380
14826,4941,1373,2,27,54
14827,4941,1491,2,408,816
14828,4942,1188,2,128,256
14829,4943,1331,2,296,592
14830,4943,1442,2,67,134
14831,4943,1339,2,88,176
14832,4944,1006,3,445,1335
14833,4945,1306,3,24,72
14834,4945,1135,2,307,614
14835,4945,1192,3,238,714
14836,4945,1307,3,339,1017
14837,4946,1063,3,313,939
14838,4946,1393,1,372,372
14839,4947,1482,3,205,615
14840,4948,1102,3,38,114
14841,4948,1174,3,200,600
14842,4948,1246,2,62,124
14843,4949,1483,3,410,1230
14844,4949,1029,3,168,504
14845,4950,1205,1,445,445
14846,4950,1226,1,170,170
14847,4951,1498,2,159,318
14848,4951,1201,2,244,488
14849,4951,1015,1,283,283
14850,4952,1199,1,107,107
14851,4953,1161,2,439,878
14852,4953,1481,1,317,317
14853,4953,1412,1,22,22
14854,4953,1277,1,60,60
14855,4954,1428,1,157,157
14856,4954,1298,1,320,320
14857,4954,1181,1,51,51
14858,4954,1360,2,31,62
14859,4954,1173,2,328,656
14860,4955,1282,2,175,350
14861,4955,1431,2,258,516
14862,4955,1144,2,42,84
14863,4955,1200,3,370,1110
14864,4956,1339,3,88,264
14865,4956,1399,3,347,1041
14866,4956,1169,3,39,117
14867,4956,1086,1,235,235
14868,4956,1171,2,225,450
14869,4957,1383,2,22,44
14870,4957,1231,1,236,236
14871,4958,1116,1,99,99
14872,4958,1299,3,245,735
14873,4958,1204,3,267,801
14874,4958,1354,2,347,694
14875,4959,1013,2,389,778
14876,4960,1018,1,156,156
14877,4960,1375,1,169,169
14878,4960,1132,1,172,172
14879,4961,1107,1,397,397
14880,4961,1124,1,249,249
14881,4961,1468,3,276,828
14882,4961,1268,3,347,1041
14883,4961,1401,2,189,378
14884,4962,1387,1,252,252
14885,4963,1157,2,175,350
14886,4964,1025,1,315,315
14887,4964,1408,3,353,1059
14888,4964,1478,1,264,264
14889,4965,1313,1,212,212
14890,4965,1154,1,405,405
14891,4965,1228,3,384,1152
14892,4965,1121,2,214,428
14893,4966,1161,2,439,878
14894,4966,1165,1,282,282
14895,4966,1356,2,298,596
14896,4966,1068,1,443,443
14897,4966,1392,2,212,424
14898,4967,1258,1,448,448
14899,4967,1387,3,252,756
14900,4968,1142,2,124,248
14901,4968,1356,3,298,894
14902,4968,1477,3,170,510
14903,4969,1294,1,333,333
14904,4969,1002,3,60,180
14905,4970,1215,3,412,1236
14906,4970,1145,1,328,328
14907,4970,1025,2,315,630
14908,4971,1356,3,298,894
14909,4971,1180,2,150,300
14910,4971,1492,3,214,642
14911,4971,1467,1,77,77
14912,4972,1464,2,139,278
14913,4972,1399,2,347,694
14914,4972,1129,2,315,630
14915,4972,1171,1,225,225
14916,4972,1018,3,156,468
14917,4973,1375,3,169,507
14918,4973,1416,3,338,1014
14919,4973,1500,1,187,187
14920,4973,1451,1,182,182
14921,4974,1136,3,342,1026
14922,4974,1490,2,232,464
14923,4974,1451,3,182,546
14924,4974,1342,3,418,1254
14925,4975,1216,3,423,1269
14926,4975,1322,1,187,187
14927,4975,1030,1,441,441
14928,4975,1335,1,127,127
14929,4975,1021,2,158,316
14930,4976,1427,3,163,489
14931,4976,1125,3,45,135
14932,4976,1011,2,90,180
14933,4976,1176,1,132,132
14934,4976,1357,1,440,440
14935,4977,1060,3,228,684
14936,4977,1487,1,114,114
14937,4977,1016,2,430,860
14938,4978,1230,3,309,927
14939,4978,1009,2,46,92
14940,4979,1477,1,170,170
14941,4979,1126,1,380,380
14942,4979,1270,3,145,435
14943,4979,1482,2,205,410
14944,4980,1329,2,145,290
14945,4980,1003,2,84,168
14946,4980,1282,1,175,175
14947,4981,1112,3,198,594
14948,4981,1263,2,136,272
14949,4981,1281,3,42,126
14950,4982,1127,2,288,576
14951,4982,1473,1,105,105
14952,4982,1258,1,448,448
14953,4983,1130,1,33,33
14954,4983,1240,3,204,612
14955,4983,1253,1,337,337
14956,4983,1175,3,122,366
14957,4984,1393,1,372,372
14958,4984,1134,2,407,814
14959,4984,1162,2,250,500
14960,4984,1229,3,194,582
14961,4984,1253,2,337,674
14962,4985,1449,3,234,702
14963,4985,1309,3,18,54
14964,4985,1103,2,238,476
14965,4985,1338,1,121,121
14966,4985,1072,1,387,387
14967,4986,1489,1,149,149
14968,4986,1210,3,352,1056
14969,4986,1209,1,114,114
14970,4986,1243,3,242,726
14971,4986,1486,3,444,1332
14972,4987,1206,3,287,861
14973,4987,1067,3,320,960
14974,4987,1034,1,422,422
14975,4987,1101,3,247,741
14976,4987,1305,2,72,144
14977,4988,1382,1,76,76
14978,4988,1078,1,316,316
14979,4989,1140,3,422,1266
14980,4989,1127,2,288,576
14981,4990,1047,1,399,399
14982,4990,1189,2,186,372
14983,4991,1092,1,230,230
14984,4992,1339,3,88,264
14985,4992,1326,1,366,366
14986,4992,1104,1,209,209
14987,4992,1464,1,139,139
14988,4992,1045,3,30,90
14989,4993,1186,3,223,669
14990,4993,1045,1,30,30
14991,4994,1250,1,85,85
14992,4995,1398,2,199,398
14993,4995,1121,3,214,642
14994,4996,1195,1,416,416
14995,4996,1342,1,418,418
14996,4996,1181,2,51,102
14997,4997,1157,1,175,175
14998,4997,1056,2,135,270
14999,4997,1371,1,75,75
15000,4997,1412,1,22,22
15001,4998,1035,3,382,1146
15002,4998,1077,2,360,720
15003,4998,1389,3,326,978
15004,4998,1246,3,62,186
15005,4999,1240,3,204,612
15006,4999,1402,1,446,446
15007,4999,1002,2,60,120
15008,5000,1415,3,111,333
15009,5000,1137,2,421,842
15010,5000,1244,1,282,282
15011,5000,1412,2,22,44
15012,5000,1132,2,172,344
