order_id,customer_id,store_id,rider_id,order_time,dispatch_time,delivery_time,payment_mode,order_status,sla_target_minutes,actual_delivery_minutes,sla_breach,order_amount,total_items
1,17022,4,167,2026-06-14 18:32:00,2026-06-14 18:35:00,2026-06-14 18:43:00,COD,Delivered,15,11,False,294.0,4
2,42049,5,151,2026-06-21 20:26:00,2026-06-21 20:28:00,2026-06-21 20:42:00,Card,Delivered,15,16,True,986.0,6
3,16289,4,125,2026-06-03 20:53:00,2026-06-03 20:55:00,2026-06-03 21:09:00,COD,Delivered,15,16,True,1476.0,5
4,35204,19,149,2026-06-30 09:15:00,2026-06-30 09:17:00,2026-06-30 09:27:00,COD,Delivered,15,12,False,815.0,5
5,10711,1,36,2026-06-14 19:35:00,2026-06-14 19:40:00,2026-06-14 19:58:00,UPI,Delivered,15,23,True,1568.0,9
6,35165,17,106,2026-06-02 20:33:00,2026-06-02 20:37:00,2026-06-02 20:55:00,UPI,Delivered,15,22,True,1417.0,4
7,44856,11,43,2026-06-06 13:31:00,2026-06-06 13:33:00,2026-06-06 13:52:00,UPI,Delivered,15,21,True,665.0,3
8,17048,11,17,2026-06-08 19:36:00,2026-06-08 19:40:00,2026-06-08 19:50:00,UPI,Delivered,15,14,False,2386.0,11
9,20430,14,131,2026-06-21 15:25:00,2026-06-21 15:27:00,2026-06-21 15:38:00,Card,Delivered,15,13,False,3081.0,13
10,17132,12,115,2026-06-18 20:20:00,2026-06-18 20:23:00,2026-06-18 20:39:00,UPI,Delivered,15,19,True,45.0,1
11,49390,6,80,2026-06-21 15:09:00,2026-06-21 15:12:00,2026-06-21 15:21:00,UPI,Delivered,15,12,False,444.0,1
12,28492,20,176,2026-06-11 12:49:00,2026-06-11 12:53:00,2026-06-11 13:05:00,UPI,Delivered,15,16,True,3768.0,11
13,30981,5,76,2026-06-19 22:54:00,2026-06-19 22:56:00,2026-06-19 23:08:00,UPI,Delivered,15,14,False,756.0,3
14,16518,2,54,2026-06-17 19:22:00,2026-06-17 19:26:00,2026-06-17 19:43:00,UPI,Delivered,15,21,True,1225.0,6
15,42142,10,78,2026-06-15 12:49:00,2026-06-15 12:52:00,2026-06-15 13:04:00,Card,Cancelled,15,15,False,1561.0,10
16,26643,16,190,2026-06-01 14:00:00,2026-06-01 14:04:00,2026-06-01 14:14:00,UPI,Delivered,15,14,False,2156.0,8
17,35031,5,123,2026-06-24 20:06:00,2026-06-24 20:08:00,2026-06-24 20:33:00,UPI,Delivered,15,27,True,956.0,6
18,48722,4,77,2026-06-29 19:20:00,2026-06-29 19:22:00,2026-06-29 19:39:00,Card,Cancelled,15,19,True,965.0,7
19,12890,2,73,2026-06-08 11:34:00,2026-06-08 11:36:00,2026-06-08 11:48:00,UPI,Delivered,15,14,False,1338.0,8
20,35715,3,142,2026-06-29 21:27:00,2026-06-29 21:29:00,2026-06-29 21:41:00,UPI,Delivered,15,14,False,1305.0,3
21,49091,17,134,2026-06-06 19:17:00,2026-06-06 19:19:00,2026-06-06 19:34:00,UPI,Delivered,15,17,True,2391.0,9
22,47846,10,32,2026-06-30 19:32:00,2026-06-30 19:36:00,2026-06-30 19:54:00,Card,Delivered,15,22,True,2058.0,8
23,11191,13,154,2026-06-30 10:11:00,2026-06-30 10:15:00,2026-06-30 10:25:00,Card,Delivered,15,14,False,1266.0,4
24,30577,10,95,2026-06-07 13:06:00,2026-06-07 13:08:00,2026-06-07 13:20:00,UPI,Delivered,15,14,False,258.0,3
25,27846,17,30,2026-06-20 19:14:00,2026-06-20 19:19:00,2026-06-20 19:34:00,Wallet,Delivered,15,20,True,1391.0,6
26,17985,18,105,2026-06-28 22:57:00,2026-06-28 22:59:00,2026-06-28 23:13:00,COD,Returned,15,16,True,2148.0,8
27,22719,7,101,2026-06-28 21:56:00,2026-06-28 22:00:00,2026-06-28 22:11:00,UPI,Delivered,15,15,False,1605.0,5
28,11807,3,142,2026-06-25 14:39:00,2026-06-25 14:42:00,2026-06-25 14:54:00,Wallet,Delivered,15,15,False,327.0,3
29,34662,10,178,2026-06-19 09:44:00,2026-06-19 09:48:00,2026-06-19 09:54:00,UPI,Delivered,15,10,False,3628.0,12
30,37175,13,161,2026-06-05 18:14:00,2026-06-05 18:16:00,2026-06-05 18:29:00,UPI,Delivered,15,15,False,672.0,3
31,49937,5,170,2026-06-14 11:45:00,2026-06-14 11:47:00,2026-06-14 11:57:00,UPI,Delivered,15,12,False,2461.0,13
32,39308,11,17,2026-06-29 21:37:00,2026-06-29 21:39:00,2026-06-29 21:51:00,UPI,Delivered,15,14,False,794.0,4
33,15615,18,140,2026-06-06 11:44:00,2026-06-06 11:49:00,2026-06-06 11:56:00,UPI,Delivered,15,12,False,223.0,1
34,13773,6,181,2026-06-12 12:32:00,2026-06-12 12:35:00,2026-06-12 12:51:00,UPI,Delivered,15,19,True,547.0,6
35,45183,1,137,2026-06-28 11:19:00,2026-06-28 11:22:00,2026-06-28 11:32:00,Wallet,Delivered,15,13,False,540.0,3
36,26307,1,36,2026-06-03 09:26:00,2026-06-03 09:31:00,2026-06-03 09:40:00,UPI,Delivered,15,14,False,1643.0,7
37,46082,9,96,2026-06-05 21:44:00,2026-06-05 21:48:00,2026-06-05 21:58:00,COD,Delivered,15,14,False,1392.0,6
38,30287,18,105,2026-06-27 19:31:00,2026-06-27 19:34:00,2026-06-27 19:46:00,Card,Delivered,15,15,False,1404.0,11
39,41948,16,190,2026-06-24 12:48:00,2026-06-24 12:51:00,2026-06-24 13:05:00,Card,Cancelled,15,17,True,2062.0,7
40,45369,7,108,2026-06-26 12:03:00,2026-06-26 12:07:00,2026-06-26 12:21:00,UPI,Delivered,15,18,True,672.0,3
41,45678,20,16,2026-06-15 21:17:00,2026-06-15 21:21:00,2026-06-15 21:29:00,UPI,Delivered,15,12,False,2689.0,9
42,39002,6,80,2026-06-11 12:42:00,2026-06-11 12:45:00,2026-06-11 12:58:00,COD,Delivered,15,16,True,918.0,5
43,13182,4,8,2026-06-05 11:56:00,2026-06-05 12:01:00,2026-06-05 12:11:00,UPI,Delivered,15,15,False,1396.0,8
44,20911,5,35,2026-06-26 13:47:00,2026-06-26 13:50:00,2026-06-26 14:04:00,UPI,Delivered,15,17,True,1940.0,10
45,24097,16,179,2026-06-12 10:52:00,2026-06-12 10:56:00,2026-06-12 11:07:00,Card,Delivered,15,15,False,1620.0,6
46,48762,13,65,2026-06-11 13:29:00,2026-06-11 13:34:00,2026-06-11 13:41:00,UPI,Delivered,15,12,False,1377.0,6
47,14050,17,30,2026-06-09 20:01:00,2026-06-09 20:03:00,2026-06-09 20:16:00,COD,Delivered,15,15,False,552.0,3
48,44589,11,64,2026-06-18 21:31:00,2026-06-18 21:34:00,2026-06-18 21:44:00,UPI,Delivered,15,13,False,1531.0,8
49,40307,2,54,2026-06-22 18:35:00,2026-06-22 18:39:00,2026-06-22 18:48:00,Card,Delivered,15,13,False,3106.0,10
50,30305,7,22,2026-06-19 20:03:00,2026-06-19 20:08:00,2026-06-19 20:20:00,UPI,Delivered,15,17,True,836.0,2
51,45072,15,62,2026-06-23 19:56:00,2026-06-23 20:01:00,2026-06-23 20:16:00,UPI,Delivered,15,20,True,2603.0,12
52,15481,16,190,2026-06-10 20:48:00,2026-06-10 20:50:00,2026-06-10 21:11:00,Card,Delivered,15,23,True,2707.0,11
53,20206,19,48,2026-06-21 20:27:00,2026-06-21 20:30:00,2026-06-21 20:47:00,COD,Delivered,15,20,True,774.0,3
54,22550,4,70,2026-06-29 12:11:00,2026-06-29 12:16:00,2026-06-29 12:23:00,UPI,Cancelled,15,12,False,459.0,3
55,44066,6,165,2026-06-13 12:49:00,2026-06-13 12:51:00,2026-06-13 13:09:00,UPI,Delivered,15,20,True,1668.0,5
56,41922,6,165,2026-06-06 20:17:00,2026-06-06 20:19:00,2026-06-06 20:33:00,UPI,Delivered,15,16,True,1230.0,3
57,27595,4,10,2026-06-01 19:27:00,2026-06-01 19:31:00,2026-06-01 19:41:00,UPI,Delivered,15,14,False,1271.0,5
58,43078,14,7,2026-06-07 19:13:00,2026-06-07 19:18:00,2026-06-07 19:38:00,Card,Delivered,15,25,True,1811.0,7
59,28914,6,111,2026-06-23 19:24:00,2026-06-23 19:27:00,2026-06-23 19:43:00,UPI,Delivered,15,19,True,1547.0,8
60,21625,13,166,2026-06-16 14:32:00,2026-06-16 14:37:00,2026-06-16 14:46:00,Card,Returned,15,14,False,301.0,1
61,23171,8,120,2026-06-14 20:34:00,2026-06-14 20:36:00,2026-06-14 20:55:00,UPI,Delivered,15,21,True,1813.0,7
62,42923,14,68,2026-06-13 20:59:00,2026-06-13 21:01:00,2026-06-13 21:19:00,UPI,Delivered,15,20,True,789.0,6
63,30349,5,170,2026-06-26 21:46:00,2026-06-26 21:50:00,2026-06-26 21:57:00,UPI,Delivered,15,11,False,682.0,7
64,29395,5,35,2026-06-30 19:52:00,2026-06-30 19:57:00,2026-06-30 20:16:00,UPI,Delivered,15,24,True,2379.0,12
65,18469,8,29,2026-06-05 22:42:00,2026-06-05 22:47:00,2026-06-05 22:58:00,Card,Delivered,15,16,True,336.0,1
66,44207,1,36,2026-06-12 14:12:00,2026-06-12 14:17:00,2026-06-12 14:27:00,UPI,Delivered,15,15,False,1237.0,4
67,35441,7,101,2026-06-03 21:14:00,2026-06-03 21:18:00,2026-06-03 21:25:00,Card,Delivered,15,11,False,1364.0,10
68,35706,3,87,2026-06-08 21:17:00,2026-06-08 21:19:00,2026-06-08 21:32:00,UPI,Delivered,15,15,False,2468.0,11
69,24703,16,179,2026-06-11 18:31:00,2026-06-11 18:34:00,2026-06-11 18:44:00,Wallet,Delivered,15,13,False,841.0,6
70,31124,10,122,2026-06-21 14:29:00,2026-06-21 14:32:00,2026-06-21 14:42:00,UPI,Delivered,15,13,False,1777.0,5
71,27940,12,4,2026-06-18 14:46:00,2026-06-18 14:48:00,2026-06-18 15:00:00,UPI,Delivered,15,14,False,249.0,3
72,10583,15,180,2026-06-23 19:49:00,2026-06-23 19:54:00,2026-06-23 20:11:00,COD,Delivered,15,22,True,1634.0,9
73,36522,12,146,2026-06-12 13:45:00,2026-06-12 13:50:00,2026-06-12 13:59:00,Card,Delivered,15,14,False,525.0,3
74,11718,12,4,2026-06-04 19:21:00,2026-06-04 19:25:00,2026-06-04 19:41:00,Wallet,Delivered,15,20,True,315.0,1
75,30307,16,155,2026-06-16 19:40:00,2026-06-16 19:42:00,2026-06-16 19:57:00,UPI,Delivered,15,17,True,712.0,2
76,29650,20,150,2026-06-07 20:03:00,2026-06-07 20:06:00,2026-06-07 20:19:00,UPI,Delivered,15,16,True,752.0,4
77,42927,20,139,2026-06-07 21:58:00,2026-06-07 22:02:00,2026-06-07 22:15:00,UPI,Delivered,15,17,True,696.0,4
78,21373,10,122,2026-06-24 19:51:00,2026-06-24 19:53:00,2026-06-24 20:09:00,UPI,Delivered,15,18,True,1050.0,6
79,25797,17,147,2026-06-28 20:43:00,2026-06-28 20:45:00,2026-06-28 21:01:00,UPI,Delivered,15,18,True,876.0,2
80,20063,4,70,2026-06-26 19:04:00,2026-06-26 19:06:00,2026-06-26 19:25:00,COD,Delivered,15,21,True,2885.0,10
81,39344,1,121,2026-06-04 11:10:00,2026-06-04 11:12:00,2026-06-04 11:24:00,UPI,Delivered,15,14,False,1793.0,6
82,35689,12,18,2026-06-23 19:16:00,2026-06-23 19:21:00,2026-06-23 19:37:00,UPI,Cancelled,15,21,True,2197.0,8
83,16751,13,174,2026-06-09 21:47:00,2026-06-09 21:52:00,2026-06-09 21:56:00,UPI,Delivered,15,9,False,2383.0,10
84,42770,13,161,2026-06-27 19:13:00,2026-06-27 19:16:00,2026-06-27 19:33:00,UPI,Delivered,15,20,True,2687.0,9
85,19737,2,50,2026-06-29 17:16:00,2026-06-29 17:18:00,2026-06-29 17:28:00,UPI,Delivered,15,12,False,974.0,6
86,19761,13,166,2026-06-26 18:58:00,2026-06-26 19:00:00,2026-06-26 19:13:00,UPI,Delivered,15,15,False,1410.0,5
87,28388,10,126,2026-06-28 19:29:00,2026-06-28 19:32:00,2026-06-28 19:50:00,UPI,Cancelled,15,21,True,1632.0,8
88,22942,10,178,2026-06-24 19:51:00,2026-06-24 19:56:00,2026-06-24 20:07:00,COD,Delivered,15,16,True,430.0,1
89,48927,20,124,2026-06-18 10:20:00,2026-06-18 10:24:00,2026-06-18 10:34:00,UPI,Delivered,15,14,False,1653.0,5
90,10933,11,103,2026-06-18 12:24:00,2026-06-18 12:29:00,2026-06-18 12:39:00,UPI,Cancelled,15,15,False,1350.0,4
91,43653,8,152,2026-06-10 20:50:00,2026-06-10 20:55:00,2026-06-10 21:12:00,UPI,Delivered,15,22,True,1619.0,9
92,43147,1,137,2026-06-16 21:28:00,2026-06-16 21:31:00,2026-06-16 21:40:00,Wallet,Delivered,15,12,False,1245.0,7
93,18238,18,117,2026-06-01 13:51:00,2026-06-01 13:54:00,2026-06-01 14:05:00,UPI,Delivered,15,14,False,2187.0,11
94,40141,19,185,2026-06-30 19:49:00,2026-06-30 19:53:00,2026-06-30 20:03:00,UPI,Delivered,15,14,False,184.0,1
95,44451,15,156,2026-06-04 22:14:00,2026-06-04 22:18:00,2026-06-04 22:27:00,Wallet,Delivered,15,13,False,600.0,3
96,15300,1,92,2026-06-09 14:26:00,2026-06-09 14:28:00,2026-06-09 14:38:00,COD,Delivered,15,12,False,1336.0,5
97,35427,5,76,2026-06-09 22:53:00,2026-06-09 22:58:00,2026-06-09 23:07:00,Card,Delivered,15,14,False,2205.0,9
98,11335,15,187,2026-06-08 18:03:00,2026-06-08 18:08:00,2026-06-08 18:21:00,COD,Returned,15,18,True,1242.0,3
99,28027,2,28,2026-06-02 19:36:00,2026-06-02 19:41:00,2026-06-02 19:57:00,UPI,Delivered,15,21,True,415.0,1
100,12114,8,152,2026-06-13 19:13:00,2026-06-13 19:15:00,2026-06-13 19:31:00,Card,Delivered,15,18,True,1854.0,8
101,36060,12,18,2026-06-10 11:01:00,2026-06-10 11:05:00,2026-06-10 11:15:00,UPI,Delivered,15,14,False,843.0,3
102,46443,5,37,2026-06-08 20:44:00,2026-06-08 20:46:00,2026-06-08 21:11:00,UPI,Delivered,15,27,True,194.0,1
103,29470,20,124,2026-06-25 21:12:00,2026-06-25 21:17:00,2026-06-25 21:29:00,UPI,Delivered,15,17,True,2541.0,9
104,37578,1,114,2026-06-27 11:19:00,2026-06-27 11:22:00,2026-06-27 11:29:00,UPI,Delivered,15,10,False,1284.0,3
105,41971,1,46,2026-06-27 12:16:00,2026-06-27 12:20:00,2026-06-27 12:36:00,Card,Delivered,15,20,True,790.0,4
106,40442,2,50,2026-06-30 19:22:00,2026-06-30 19:26:00,2026-06-30 19:40:00,COD,Delivered,15,18,True,2494.0,10
107,41609,4,63,2026-06-01 21:44:00,2026-06-01 21:48:00,2026-06-01 21:56:00,UPI,Delivered,15,12,False,1811.0,7
108,49500,14,56,2026-06-23 21:55:00,2026-06-23 21:59:00,2026-06-23 22:13:00,Wallet,Delivered,15,18,True,592.0,5
109,18341,3,159,2026-06-22 13:25:00,2026-06-22 13:30:00,2026-06-22 13:40:00,UPI,Delivered,15,15,False,2396.0,10
110,41447,19,185,2026-06-25 20:04:00,2026-06-25 20:06:00,2026-06-25 20:20:00,UPI,Delivered,15,16,True,1914.0,7
111,47631,10,173,2026-06-14 20:47:00,2026-06-14 20:52:00,2026-06-14 21:05:00,UPI,Delivered,15,18,True,1971.0,8
112,29916,10,178,2026-06-09 22:21:00,2026-06-09 22:24:00,2026-06-09 22:39:00,UPI,Delivered,15,18,True,1206.0,3
113,20058,16,190,2026-06-22 19:52:00,2026-06-22 19:55:00,2026-06-22 20:15:00,UPI,Delivered,15,23,True,947.0,3
114,28287,8,120,2026-06-14 21:48:00,2026-06-14 21:50:00,2026-06-14 21:59:00,COD,Delivered,15,11,False,566.0,3
115,28397,14,197,2026-06-12 20:35:00,2026-06-12 20:37:00,2026-06-12 20:52:00,UPI,Delivered,15,17,True,1683.0,8
116,15739,19,48,2026-06-07 20:53:00,2026-06-07 20:58:00,2026-06-07 21:13:00,Card,Cancelled,15,20,True,134.0,1
117,36566,1,46,2026-06-05 21:13:00,2026-06-05 21:17:00,2026-06-05 21:25:00,COD,Delivered,15,12,False,1689.0,5
118,35196,11,184,2026-06-12 20:14:00,2026-06-12 20:17:00,2026-06-12 20:29:00,Wallet,Delivered,15,15,False,3183.0,11
119,31549,9,31,2026-06-23 19:43:00,2026-06-23 19:48:00,2026-06-23 20:03:00,UPI,Delivered,15,20,True,1893.0,9
120,25623,6,165,2026-06-25 13:47:00,2026-06-25 13:49:00,2026-06-25 14:02:00,Card,Cancelled,15,15,False,114.0,1
121,34213,20,72,2026-06-06 18:32:00,2026-06-06 18:34:00,2026-06-06 18:47:00,Card,Delivered,15,15,False,633.0,6
122,41780,6,111,2026-06-22 14:51:00,2026-06-22 14:54:00,2026-06-22 15:05:00,UPI,Delivered,15,14,False,378.0,2
123,19167,13,61,2026-06-20 14:58:00,2026-06-20 15:01:00,2026-06-20 15:12:00,UPI,Delivered,15,14,False,850.0,8
124,36305,10,51,2026-06-25 21:24:00,2026-06-25 21:28:00,2026-06-25 21:37:00,Wallet,Cancelled,15,13,False,2254.0,10
125,24994,18,105,2026-06-26 20:23:00,2026-06-26 20:26:00,2026-06-26 20:37:00,UPI,Delivered,15,14,False,2252.0,9
126,35469,1,36,2026-06-19 13:29:00,2026-06-19 13:33:00,2026-06-19 13:48:00,Wallet,Delivered,15,19,True,832.0,2
127,30797,10,138,2026-06-08 09:13:00,2026-06-08 09:15:00,2026-06-08 09:28:00,UPI,Delivered,15,15,False,1755.0,8
128,16615,16,171,2026-06-17 19:13:00,2026-06-17 19:17:00,2026-06-17 19:33:00,UPI,Delivered,15,20,True,2613.0,9
129,35892,12,146,2026-06-06 20:01:00,2026-06-06 20:05:00,2026-06-06 20:17:00,UPI,Delivered,15,16,True,1401.0,6
130,42785,16,155,2026-06-19 18:12:00,2026-06-19 18:16:00,2026-06-19 18:26:00,COD,Delivered,15,14,False,2381.0,14
131,49326,7,22,2026-06-16 22:32:00,2026-06-16 22:37:00,2026-06-16 22:47:00,Card,Delivered,15,15,False,2669.0,8
132,41404,8,29,2026-06-07 20:10:00,2026-06-07 20:12:00,2026-06-07 20:32:00,Card,Cancelled,15,22,True,115.0,3
133,37786,4,175,2026-06-10 21:54:00,2026-06-10 21:57:00,2026-06-10 22:09:00,UPI,Delivered,15,15,False,631.0,3
134,21307,8,120,2026-06-26 10:23:00,2026-06-26 10:25:00,2026-06-26 10:36:00,UPI,Delivered,15,13,False,2859.0,12
135,20186,5,35,2026-06-15 21:55:00,2026-06-15 21:59:00,2026-06-15 22:08:00,Card,Delivered,15,13,False,2310.0,8
136,48680,16,199,2026-06-13 22:11:00,2026-06-13 22:16:00,2026-06-13 22:24:00,Card,Delivered,15,13,False,865.0,3
137,33329,7,83,2026-06-15 18:51:00,2026-06-15 18:56:00,2026-06-15 19:08:00,UPI,Delivered,15,17,True,3564.0,12
138,31030,20,26,2026-06-12 14:23:00,2026-06-12 14:27:00,2026-06-12 14:36:00,Card,Delivered,15,13,False,2518.0,9
139,11966,10,129,2026-06-16 12:41:00,2026-06-16 12:43:00,2026-06-16 13:02:00,Wallet,Cancelled,15,21,True,872.0,4
140,31999,2,14,2026-06-25 21:54:00,2026-06-25 21:57:00,2026-06-25 22:07:00,COD,Delivered,15,13,False,1092.0,4
141,15816,16,179,2026-06-26 11:17:00,2026-06-26 11:21:00,2026-06-26 11:30:00,UPI,Delivered,15,13,False,1105.0,6
142,37940,8,29,2026-06-27 19:06:00,2026-06-27 19:09:00,2026-06-27 19:29:00,UPI,Delivered,15,23,True,936.0,3
143,32051,14,68,2026-06-27 11:27:00,2026-06-27 11:32:00,2026-06-27 11:43:00,Card,Delivered,15,16,True,253.0,1
144,27623,13,65,2026-06-08 21:45:00,2026-06-08 21:49:00,2026-06-08 21:58:00,UPI,Delivered,15,13,False,1888.0,5
145,44575,10,178,2026-06-10 13:33:00,2026-06-10 13:35:00,2026-06-10 13:53:00,UPI,Delivered,15,20,True,2132.0,8
146,43394,7,158,2026-06-27 18:41:00,2026-06-27 18:43:00,2026-06-27 18:53:00,Wallet,Delivered,15,12,False,378.0,2
147,11708,4,63,2026-06-24 20:14:00,2026-06-24 20:18:00,2026-06-24 20:30:00,UPI,Cancelled,15,16,True,1358.0,4
148,48069,10,183,2026-06-24 18:20:00,2026-06-24 18:22:00,2026-06-24 18:33:00,UPI,Delivered,15,13,False,2418.0,8
149,15520,5,151,2026-06-13 18:15:00,2026-06-13 18:17:00,2026-06-13 18:28:00,UPI,Delivered,15,13,False,1291.0,7
150,33630,1,46,2026-06-18 11:25:00,2026-06-18 11:28:00,2026-06-18 11:38:00,Wallet,Delivered,15,13,False,1454.0,4
151,41919,11,104,2026-06-11 09:23:00,2026-06-11 09:26:00,2026-06-11 09:37:00,COD,Cancelled,15,14,False,1219.0,3
152,34891,3,186,2026-06-25 18:53:00,2026-06-25 18:56:00,2026-06-25 19:12:00,Card,Delivered,15,19,True,1953.0,7
153,17499,17,106,2026-06-02 20:22:00,2026-06-02 20:27:00,2026-06-02 20:37:00,COD,Delivered,15,15,False,1405.0,5
154,16281,4,63,2026-06-18 15:12:00,2026-06-18 15:14:00,2026-06-18 15:27:00,Card,Delivered,15,15,False,2111.0,11
155,43524,4,70,2026-06-22 21:25:00,2026-06-22 21:28:00,2026-06-22 21:41:00,Card,Delivered,15,16,True,2124.0,8
156,12753,20,5,2026-06-25 19:12:00,2026-06-25 19:16:00,2026-06-25 19:30:00,UPI,Delivered,15,18,True,366.0,3
157,11277,9,96,2026-06-19 18:50:00,2026-06-19 18:52:00,2026-06-19 19:05:00,Wallet,Delivered,15,15,False,3160.0,11
158,43117,18,1,2026-06-24 20:06:00,2026-06-24 20:11:00,2026-06-24 20:24:00,COD,Delivered,15,18,True,947.0,6
159,46567,17,134,2026-06-06 19:24:00,2026-06-06 19:29:00,2026-06-06 19:48:00,COD,Delivered,15,24,True,3460.0,11
160,25905,9,198,2026-06-05 20:56:00,2026-06-05 21:01:00,2026-06-05 21:20:00,UPI,Cancelled,15,24,True,888.0,4
161,44118,3,69,2026-06-22 21:30:00,2026-06-22 21:35:00,2026-06-22 21:39:00,COD,Delivered,15,9,False,1486.0,6
162,10328,16,155,2026-06-07 18:28:00,2026-06-07 18:30:00,2026-06-07 18:43:00,COD,Delivered,15,15,False,1146.0,4
163,26468,14,68,2026-06-28 11:39:00,2026-06-28 11:41:00,2026-06-28 11:51:00,UPI,Returned,15,12,False,1053.0,3
164,49193,10,126,2026-06-21 21:33:00,2026-06-21 21:35:00,2026-06-21 21:47:00,COD,Delivered,15,14,False,1480.0,4
165,26034,15,180,2026-06-20 10:56:00,2026-06-20 11:01:00,2026-06-20 11:08:00,COD,Delivered,15,12,False,1532.0,6
166,16651,11,103,2026-06-14 14:27:00,2026-06-14 14:31:00,2026-06-14 14:43:00,Card,Delivered,15,16,True,1056.0,5
167,44990,4,8,2026-06-08 20:20:00,2026-06-08 20:25:00,2026-06-08 20:39:00,Card,Delivered,15,19,True,1840.0,6
168,39033,20,150,2026-06-28 20:24:00,2026-06-28 20:28:00,2026-06-28 20:46:00,UPI,Delivered,15,22,True,2188.0,7
169,42442,9,31,2026-06-14 13:41:00,2026-06-14 13:46:00,2026-06-14 14:02:00,UPI,Delivered,15,21,True,768.0,4
170,22412,4,157,2026-06-17 21:25:00,2026-06-17 21:27:00,2026-06-17 21:39:00,Card,Returned,15,14,False,1539.0,7
171,39949,3,159,2026-06-08 20:55:00,2026-06-08 20:57:00,2026-06-08 21:16:00,UPI,Delivered,15,21,True,258.0,3
172,21170,9,198,2026-06-27 19:39:00,2026-06-27 19:44:00,2026-06-27 19:51:00,Card,Delivered,15,12,False,306.0,3
173,27892,8,128,2026-06-27 10:39:00,2026-06-27 10:43:00,2026-06-27 10:52:00,Card,Delivered,15,13,False,2613.0,9
174,15381,7,108,2026-06-02 12:26:00,2026-06-02 12:28:00,2026-06-02 12:40:00,UPI,Delivered,15,14,False,2429.0,7
175,40552,4,157,2026-06-12 13:59:00,2026-06-12 14:04:00,2026-06-12 14:14:00,Card,Delivered,15,15,False,1158.0,5
176,17730,17,30,2026-06-09 21:43:00,2026-06-09 21:48:00,2026-06-09 21:57:00,COD,Cancelled,15,14,False,802.0,4
177,33050,17,134,2026-06-05 21:27:00,2026-06-05 21:31:00,2026-06-05 21:44:00,UPI,Delivered,15,17,True,853.0,2
178,30300,15,163,2026-06-18 19:52:00,2026-06-18 19:57:00,2026-06-18 20:05:00,UPI,Delivered,15,13,False,2105.0,7
179,30087,18,192,2026-06-03 10:54:00,2026-06-03 10:58:00,2026-06-03 11:06:00,UPI,Delivered,15,12,False,2850.0,9
180,32452,8,29,2026-06-26 19:39:00,2026-06-26 19:42:00,2026-06-26 20:02:00,UPI,Delivered,15,23,True,2611.0,13
181,16529,3,69,2026-06-22 19:54:00,2026-06-22 19:57:00,2026-06-22 20:13:00,Card,Delivered,15,19,True,2072.0,9
182,21118,16,155,2026-06-24 22:38:00,2026-06-24 22:43:00,2026-06-24 22:51:00,UPI,Delivered,15,13,False,1023.0,8
183,21856,9,31,2026-06-15 19:56:00,2026-06-15 19:58:00,2026-06-15 20:18:00,UPI,Delivered,15,22,True,2727.0,11
184,17578,10,32,2026-06-12 20:26:00,2026-06-12 20:28:00,2026-06-12 20:45:00,Card,Delivered,15,19,True,2890.0,11
185,46619,11,64,2026-06-18 14:00:00,2026-06-18 14:02:00,2026-06-18 14:13:00,COD,Delivered,15,13,False,2020.0,7
186,25713,15,21,2026-06-28 21:31:00,2026-06-28 21:34:00,2026-06-28 21:41:00,UPI,Delivered,15,10,False,687.0,7
187,19508,4,125,2026-06-26 14:01:00,2026-06-26 14:03:00,2026-06-26 14:13:00,COD,Delivered,15,12,False,2081.0,8
188,14705,16,171,2026-06-04 09:21:00,2026-06-04 09:23:00,2026-06-04 09:35:00,UPI,Delivered,15,14,False,2314.0,10
189,15561,14,197,2026-06-13 20:49:00,2026-06-13 20:53:00,2026-06-13 21:11:00,UPI,Delivered,15,22,True,286.0,1
190,44548,9,31,2026-06-15 14:09:00,2026-06-15 14:12:00,2026-06-15 14:21:00,UPI,Delivered,15,12,False,128.0,1
191,22208,19,182,2026-06-26 13:13:00,2026-06-26 13:17:00,2026-06-26 13:29:00,COD,Delivered,15,16,True,2867.0,9
192,17639,6,71,2026-06-28 22:22:00,2026-06-28 22:27:00,2026-06-28 22:35:00,Card,Delivered,15,13,False,2008.0,6
193,11228,17,106,2026-06-13 20:07:00,2026-06-13 20:11:00,2026-06-13 20:22:00,COD,Delivered,15,15,False,789.0,5
194,10354,1,137,2026-06-17 21:04:00,2026-06-17 21:09:00,2026-06-17 21:17:00,UPI,Delivered,15,13,False,866.0,4
195,41915,6,6,2026-06-12 21:33:00,2026-06-12 21:35:00,2026-06-12 21:49:00,UPI,Delivered,15,16,True,1205.0,9
196,17510,16,155,2026-06-22 13:34:00,2026-06-22 13:36:00,2026-06-22 13:46:00,UPI,Delivered,15,12,False,2153.0,9
197,48416,14,130,2026-06-19 22:18:00,2026-06-19 22:23:00,2026-06-19 22:28:00,Card,Delivered,15,10,False,3117.0,12
198,12536,18,140,2026-06-06 20:26:00,2026-06-06 20:29:00,2026-06-06 20:35:00,COD,Delivered,15,9,False,42.0,1
199,34191,16,190,2026-06-27 20:28:00,2026-06-27 20:33:00,2026-06-27 20:53:00,UPI,Delivered,15,25,True,299.0,4
200,40294,7,158,2026-06-22 19:53:00,2026-06-22 19:57:00,2026-06-22 20:17:00,UPI,Delivered,15,24,True,1586.0,5
201,18515,1,36,2026-06-23 19:29:00,2026-06-23 19:33:00,2026-06-23 19:49:00,COD,Delivered,15,20,True,1541.0,6
202,19654,14,130,2026-06-27 20:24:00,2026-06-27 20:26:00,2026-06-27 20:49:00,UPI,Delivered,15,25,True,3069.0,9
203,45720,16,190,2026-06-03 21:29:00,2026-06-03 21:32:00,2026-06-03 21:39:00,UPI,Delivered,15,10,False,1856.0,6
204,46065,14,169,2026-06-12 22:26:00,2026-06-12 22:29:00,2026-06-12 22:43:00,UPI,Delivered,15,17,True,1389.0,6
205,10142,9,198,2026-06-29 11:46:00,2026-06-29 11:49:00,2026-06-29 11:59:00,UPI,Delivered,15,13,False,395.0,4
206,49189,5,37,2026-06-16 20:36:00,2026-06-16 20:41:00,2026-06-16 20:49:00,UPI,Delivered,15,13,False,2342.0,10
207,18563,6,165,2026-06-21 18:59:00,2026-06-21 19:03:00,2026-06-21 19:15:00,UPI,Delivered,15,16,True,1595.0,6
208,32021,3,94,2026-06-14 21:05:00,2026-06-14 21:08:00,2026-06-14 21:19:00,UPI,Delivered,15,14,False,853.0,4
209,22466,4,167,2026-06-25 21:07:00,2026-06-25 21:09:00,2026-06-25 21:21:00,UPI,Delivered,15,14,False,3353.0,13
210,41034,7,101,2026-06-09 11:20:00,2026-06-09 11:24:00,2026-06-09 11:34:00,UPI,Delivered,15,14,False,1328.0,7
211,47887,12,39,2026-06-12 12:24:00,2026-06-12 12:29:00,2026-06-12 12:40:00,UPI,Delivered,15,16,True,614.0,3
212,22540,13,161,2026-06-30 21:45:00,2026-06-30 21:47:00,2026-06-30 22:01:00,COD,Delivered,15,16,True,1544.0,5
213,45607,4,63,2026-06-06 20:42:00,2026-06-06 20:47:00,2026-06-06 21:02:00,Wallet,Delivered,15,20,True,342.0,3
214,21211,9,133,2026-06-02 15:30:00,2026-06-02 15:35:00,2026-06-02 15:41:00,Card,Delivered,15,11,False,1132.0,6
215,27125,4,175,2026-06-23 13:17:00,2026-06-23 13:22:00,2026-06-23 13:31:00,Card,Delivered,15,14,False,546.0,2
216,16807,18,1,2026-06-15 14:27:00,2026-06-15 14:29:00,2026-06-15 14:41:00,Card,Delivered,15,14,False,2167.0,8
217,28296,14,197,2026-06-23 20:10:00,2026-06-23 20:15:00,2026-06-23 20:27:00,COD,Delivered,15,17,True,3572.0,10
218,33482,13,116,2026-06-02 21:27:00,2026-06-02 21:29:00,2026-06-02 21:42:00,COD,Delivered,15,15,False,374.0,1
219,26829,1,81,2026-06-26 21:39:00,2026-06-26 21:42:00,2026-06-26 21:53:00,Card,Delivered,15,14,False,267.0,5
220,46853,15,156,2026-06-09 20:27:00,2026-06-09 20:31:00,2026-06-09 20:48:00,UPI,Delivered,15,21,True,3123.0,12
221,30297,8,128,2026-06-05 13:23:00,2026-06-05 13:28:00,2026-06-05 13:32:00,UPI,Delivered,15,9,False,138.0,1
222,21268,3,159,2026-06-08 19:26:00,2026-06-08 19:28:00,2026-06-08 19:46:00,COD,Delivered,15,20,True,2202.0,11
223,49663,18,42,2026-06-22 13:24:00,2026-06-22 13:29:00,2026-06-22 13:40:00,COD,Delivered,15,16,True,478.0,3
224,37907,7,101,2026-06-22 13:00:00,2026-06-22 13:03:00,2026-06-22 13:15:00,UPI,Cancelled,15,15,False,1123.0,7
225,41391,4,157,2026-06-16 19:45:00,2026-06-16 19:47:00,2026-06-16 20:01:00,UPI,Delivered,15,16,True,1518.0,9
226,24429,14,197,2026-06-18 14:10:00,2026-06-18 14:12:00,2026-06-18 14:25:00,UPI,Delivered,15,15,False,1806.0,5
227,20027,14,131,2026-06-01 20:32:00,2026-06-01 20:36:00,2026-06-01 20:56:00,UPI,Delivered,15,24,True,2167.0,6
228,38625,15,163,2026-06-28 12:02:00,2026-06-28 12:05:00,2026-06-28 12:15:00,Wallet,Delivered,15,13,False,2575.0,13
229,46514,16,199,2026-06-04 20:06:00,2026-06-04 20:10:00,2026-06-04 20:20:00,Wallet,Delivered,15,14,False,908.0,7
230,18340,11,25,2026-06-03 20:47:00,2026-06-03 20:51:00,2026-06-03 21:10:00,UPI,Delivered,15,23,True,232.0,1
231,20260,14,56,2026-06-05 21:10:00,2026-06-05 21:13:00,2026-06-05 21:25:00,COD,Delivered,15,15,False,774.0,3
232,38622,18,172,2026-06-17 21:03:00,2026-06-17 21:08:00,2026-06-17 21:19:00,UPI,Delivered,15,16,True,640.0,4
233,48757,4,167,2026-06-16 11:41:00,2026-06-16 11:43:00,2026-06-16 11:57:00,Card,Delivered,15,16,True,1244.0,6
234,43742,18,192,2026-06-14 20:42:00,2026-06-14 20:44:00,2026-06-14 21:03:00,UPI,Delivered,15,21,True,283.0,2
235,16036,10,138,2026-06-27 13:05:00,2026-06-27 13:08:00,2026-06-27 13:21:00,COD,Delivered,15,16,True,88.0,2
236,16811,20,93,2026-06-22 21:52:00,2026-06-22 21:56:00,2026-06-22 22:08:00,UPI,Delivered,15,16,True,2740.0,8
237,18271,7,162,2026-06-21 13:12:00,2026-06-21 13:17:00,2026-06-21 13:31:00,Card,Delivered,15,19,True,630.0,5
238,26409,13,13,2026-06-03 21:24:00,2026-06-03 21:26:00,2026-06-03 21:41:00,Card,Delivered,15,17,True,1238.0,4
239,39723,5,151,2026-06-21 08:52:00,2026-06-21 08:57:00,2026-06-21 09:03:00,UPI,Delivered,15,11,False,40.0,1
240,32887,6,6,2026-06-23 13:27:00,2026-06-23 13:31:00,2026-06-23 13:49:00,UPI,Delivered,15,22,True,433.0,1
241,20871,2,20,2026-06-03 18:40:00,2026-06-03 18:43:00,2026-06-03 18:54:00,UPI,Delivered,15,14,False,2218.0,8
242,32574,5,151,2026-06-06 21:06:00,2026-06-06 21:09:00,2026-06-06 21:19:00,UPI,Delivered,15,13,False,692.0,4
243,34604,3,94,2026-06-23 13:52:00,2026-06-23 13:56:00,2026-06-23 14:06:00,Card,Delivered,15,14,False,4159.0,12
244,10012,11,17,2026-06-08 10:50:00,2026-06-08 10:52:00,2026-06-08 11:05:00,UPI,Delivered,15,15,False,93.0,3
245,42628,2,189,2026-06-11 21:13:00,2026-06-11 21:16:00,2026-06-11 21:26:00,UPI,Delivered,15,13,False,1242.0,6
246,17333,18,105,2026-06-17 12:16:00,2026-06-17 12:21:00,2026-06-17 12:31:00,UPI,Delivered,15,15,False,627.0,3
247,30291,14,169,2026-06-28 13:25:00,2026-06-28 13:29:00,2026-06-28 13:47:00,COD,Delivered,15,22,True,914.0,8
248,39046,12,194,2026-06-24 21:48:00,2026-06-24 21:52:00,2026-06-24 22:01:00,UPI,Delivered,15,13,False,1222.0,5
249,29564,15,141,2026-06-08 20:27:00,2026-06-08 20:31:00,2026-06-08 20:48:00,UPI,Cancelled,15,21,True,1178.0,5
250,32320,11,104,2026-06-27 10:38:00,2026-06-27 10:42:00,2026-06-27 10:52:00,UPI,Delivered,15,14,False,3361.0,10
251,22176,4,77,2026-06-22 13:03:00,2026-06-22 13:05:00,2026-06-22 13:20:00,UPI,Returned,15,17,True,2172.0,10
252,27036,18,42,2026-06-04 21:18:00,2026-06-04 21:20:00,2026-06-04 21:29:00,UPI,Delivered,15,11,False,298.0,2
253,35747,13,33,2026-06-23 21:46:00,2026-06-23 21:48:00,2026-06-23 22:00:00,UPI,Delivered,15,14,False,1388.0,5
254,37318,14,7,2026-06-16 20:43:00,2026-06-16 20:45:00,2026-06-16 21:00:00,UPI,Delivered,15,17,True,1872.0,9
255,29406,6,181,2026-06-16 19:41:00,2026-06-16 19:44:00,2026-06-16 19:59:00,Card,Delivered,15,18,True,2568.0,10
256,10053,20,93,2026-06-07 20:40:00,2026-06-07 20:44:00,2026-06-07 20:50:00,Card,Delivered,15,10,False,1463.0,7
257,28462,16,171,2026-06-09 20:57:00,2026-06-09 21:02:00,2026-06-09 21:23:00,COD,Delivered,15,26,True,1338.0,7
258,49968,6,40,2026-06-11 20:56:00,2026-06-11 21:01:00,2026-06-11 21:15:00,COD,Delivered,15,19,True,1715.0,5
259,11021,2,28,2026-06-13 20:35:00,2026-06-13 20:39:00,2026-06-13 20:51:00,UPI,Delivered,15,16,True,1359.0,7
260,38847,12,146,2026-06-28 13:03:00,2026-06-28 13:06:00,2026-06-28 13:21:00,UPI,Delivered,15,18,True,2720.0,8
261,37655,1,46,2026-06-26 19:12:00,2026-06-26 19:16:00,2026-06-26 19:25:00,Wallet,Delivered,15,13,False,2579.0,9
262,36158,11,17,2026-06-27 18:12:00,2026-06-27 18:15:00,2026-06-27 18:23:00,UPI,Returned,15,11,False,572.0,4
263,15367,15,141,2026-06-04 21:53:00,2026-06-04 21:55:00,2026-06-04 22:07:00,Wallet,Delivered,15,14,False,3059.0,10
264,45096,16,155,2026-06-22 13:29:00,2026-06-22 13:31:00,2026-06-22 13:45:00,UPI,Cancelled,15,16,True,708.0,4
265,19677,8,128,2026-06-11 10:18:00,2026-06-11 10:23:00,2026-06-11 10:31:00,Wallet,Delivered,15,13,False,1766.0,7
266,15270,6,90,2026-06-07 17:50:00,2026-06-07 17:52:00,2026-06-07 18:05:00,Wallet,Delivered,15,15,False,132.0,3
267,33145,4,70,2026-06-25 12:49:00,2026-06-25 12:53:00,2026-06-25 13:11:00,UPI,Delivered,15,22,True,309.0,1
268,20154,20,55,2026-06-19 20:51:00,2026-06-19 20:55:00,2026-06-19 21:12:00,Card,Cancelled,15,21,True,2321.0,7
269,49407,3,159,2026-06-07 18:56:00,2026-06-07 18:58:00,2026-06-07 19:11:00,UPI,Delivered,15,15,False,2586.0,10
270,14827,18,42,2026-06-02 13:11:00,2026-06-02 13:14:00,2026-06-02 13:29:00,UPI,Delivered,15,18,True,1078.0,6
271,47751,15,21,2026-06-12 20:32:00,2026-06-12 20:37:00,2026-06-12 20:47:00,Card,Delivered,15,15,False,384.0,3
272,27538,9,31,2026-06-25 11:15:00,2026-06-25 11:19:00,2026-06-25 11:28:00,UPI,Delivered,15,13,False,1970.0,6
273,44862,15,156,2026-06-07 20:33:00,2026-06-07 20:37:00,2026-06-07 20:44:00,UPI,Delivered,15,11,False,1735.0,9
274,11424,5,193,2026-06-11 19:34:00,2026-06-11 19:38:00,2026-06-11 19:53:00,UPI,Delivered,15,19,True,961.0,4
275,35214,12,148,2026-06-12 19:10:00,2026-06-12 19:15:00,2026-06-12 19:30:00,COD,Returned,15,20,True,51.0,1
276,33343,6,191,2026-06-07 13:44:00,2026-06-07 13:49:00,2026-06-07 14:01:00,Card,Delivered,15,17,True,84.0,3
277,29441,14,7,2026-06-20 21:02:00,2026-06-20 21:07:00,2026-06-20 21:17:00,Wallet,Delivered,15,15,False,2056.0,8
278,40054,16,179,2026-06-11 10:35:00,2026-06-11 10:39:00,2026-06-11 10:52:00,Wallet,Delivered,15,17,True,674.0,2
279,37728,11,103,2026-06-05 12:38:00,2026-06-05 12:41:00,2026-06-05 13:03:00,Wallet,Delivered,15,25,True,1113.0,4
280,34230,10,126,2026-06-21 21:15:00,2026-06-21 21:17:00,2026-06-21 21:30:00,COD,Cancelled,15,15,False,21.0,1
281,22872,17,147,2026-06-03 20:26:00,2026-06-03 20:31:00,2026-06-03 20:49:00,COD,Delivered,15,23,True,1511.0,4
282,21663,11,64,2026-06-30 19:25:00,2026-06-30 19:28:00,2026-06-30 19:42:00,Wallet,Delivered,15,17,True,2149.0,8
283,24670,1,57,2026-06-06 19:52:00,2026-06-06 19:57:00,2026-06-06 20:13:00,Card,Delivered,15,21,True,740.0,2
284,34386,9,164,2026-06-23 13:03:00,2026-06-23 13:08:00,2026-06-23 13:20:00,UPI,Delivered,15,17,True,763.0,7
285,34411,15,180,2026-06-20 14:34:00,2026-06-20 14:39:00,2026-06-20 14:51:00,Card,Delivered,15,17,True,1005.0,5
286,33197,12,85,2026-06-21 21:37:00,2026-06-21 21:40:00,2026-06-21 21:54:00,COD,Cancelled,15,17,True,760.0,4
287,14623,3,186,2026-06-20 17:11:00,2026-06-20 17:16:00,2026-06-20 17:25:00,UPI,Delivered,15,14,False,906.0,3
288,25586,3,142,2026-06-02 11:25:00,2026-06-02 11:29:00,2026-06-02 11:36:00,Card,Delivered,15,11,False,1372.0,4
289,26216,7,74,2026-06-11 19:28:00,2026-06-11 19:32:00,2026-06-11 19:58:00,UPI,Delivered,15,30,True,1152.0,3
290,38157,16,155,2026-06-30 14:37:00,2026-06-30 14:39:00,2026-06-30 14:55:00,UPI,Delivered,15,18,True,1608.0,10
291,32319,16,190,2026-06-11 19:25:00,2026-06-11 19:30:00,2026-06-11 19:41:00,UPI,Returned,15,16,True,803.0,6
292,22145,6,191,2026-06-26 20:52:00,2026-06-26 20:56:00,2026-06-26 21:07:00,UPI,Delivered,15,15,False,1120.0,5
293,31358,7,75,2026-06-01 13:12:00,2026-06-01 13:17:00,2026-06-01 13:26:00,UPI,Delivered,15,14,False,3047.0,10
294,36582,9,31,2026-06-10 19:32:00,2026-06-10 19:36:00,2026-06-10 19:53:00,Wallet,Delivered,15,21,True,907.0,8
295,16172,13,65,2026-06-06 18:47:00,2026-06-06 18:49:00,2026-06-06 19:00:00,Wallet,Delivered,15,13,False,1690.0,7
296,20254,13,161,2026-06-17 20:17:00,2026-06-17 20:19:00,2026-06-17 20:35:00,COD,Delivered,15,18,True,1228.0,7
297,22206,14,130,2026-06-03 21:54:00,2026-06-03 21:56:00,2026-06-03 22:06:00,UPI,Delivered,15,12,False,2691.0,9
298,32048,3,69,2026-06-18 08:26:00,2026-06-18 08:29:00,2026-06-18 08:40:00,Card,Delivered,15,14,False,2537.0,10
299,23061,10,183,2026-06-08 21:39:00,2026-06-08 21:41:00,2026-06-08 21:53:00,UPI,Delivered,15,14,False,270.0,2
300,46711,5,170,2026-06-20 18:54:00,2026-06-20 18:56:00,2026-06-20 19:07:00,UPI,Delivered,15,13,False,2101.0,11
301,11394,19,143,2026-06-16 15:21:00,2026-06-16 15:23:00,2026-06-16 15:35:00,UPI,Returned,15,14,False,440.0,5
302,19854,12,148,2026-06-01 12:33:00,2026-06-01 12:35:00,2026-06-01 12:53:00,UPI,Delivered,15,20,True,1544.0,7
303,32310,18,140,2026-06-11 13:02:00,2026-06-11 13:06:00,2026-06-11 13:19:00,UPI,Delivered,15,17,True,1915.0,8
304,32226,18,105,2026-06-10 13:40:00,2026-06-10 13:45:00,2026-06-10 13:51:00,Card,Delivered,15,11,False,678.0,8
305,32757,2,24,2026-06-23 21:20:00,2026-06-23 21:25:00,2026-06-23 21:32:00,UPI,Delivered,15,12,False,700.0,4
306,22480,6,90,2026-06-23 19:12:00,2026-06-23 19:17:00,2026-06-23 19:29:00,Wallet,Delivered,15,17,True,1270.0,6
307,12367,4,167,2026-06-08 21:45:00,2026-06-08 21:50:00,2026-06-08 21:59:00,UPI,Delivered,15,14,False,443.0,1
308,19513,13,65,2026-06-10 14:18:00,2026-06-10 14:21:00,2026-06-10 14:29:00,UPI,Delivered,15,11,False,1678.0,7
309,18357,20,11,2026-06-11 18:35:00,2026-06-11 18:38:00,2026-06-11 18:51:00,UPI,Delivered,15,16,True,1397.0,4
310,39681,15,141,2026-06-09 21:59:00,2026-06-09 22:04:00,2026-06-09 22:14:00,Wallet,Delivered,15,15,False,92.0,2
311,18134,3,94,2026-06-10 19:59:00,2026-06-10 20:02:00,2026-06-10 20:13:00,Wallet,Delivered,15,14,False,1454.0,6
312,10023,7,38,2026-06-11 21:10:00,2026-06-11 21:12:00,2026-06-11 21:22:00,COD,Delivered,15,12,False,757.0,8
313,37256,3,87,2026-06-02 21:18:00,2026-06-02 21:21:00,2026-06-02 21:34:00,UPI,Cancelled,15,16,True,1506.0,6
314,46192,2,45,2026-06-15 20:50:00,2026-06-15 20:55:00,2026-06-15 21:05:00,COD,Delivered,15,15,False,1553.0,6
315,32685,9,133,2026-06-14 19:00:00,2026-06-14 19:02:00,2026-06-14 19:14:00,Card,Delivered,15,14,False,1499.0,10
316,14834,15,21,2026-06-03 22:27:00,2026-06-03 22:31:00,2026-06-03 22:40:00,Wallet,Delivered,15,13,False,2506.0,10
317,29725,3,69,2026-06-21 14:33:00,2026-06-21 14:37:00,2026-06-21 14:46:00,UPI,Delivered,15,13,False,863.0,5
318,47722,15,180,2026-06-25 19:23:00,2026-06-25 19:27:00,2026-06-25 19:41:00,Wallet,Delivered,15,18,True,3129.0,11
319,48269,18,168,2026-06-24 19:56:00,2026-06-24 20:00:00,2026-06-24 20:18:00,UPI,Delivered,15,22,True,1925.0,7
320,26921,4,167,2026-06-27 11:53:00,2026-06-27 11:56:00,2026-06-27 12:02:00,UPI,Delivered,15,9,False,525.0,3
321,22066,16,190,2026-06-07 19:54:00,2026-06-07 19:56:00,2026-06-07 20:18:00,Wallet,Delivered,15,24,True,2207.0,8
322,28426,20,124,2026-06-28 12:48:00,2026-06-28 12:53:00,2026-06-28 13:03:00,COD,Delivered,15,15,False,135.0,1
323,35447,12,19,2026-06-24 12:34:00,2026-06-24 12:39:00,2026-06-24 12:56:00,COD,Delivered,15,22,True,507.0,3
324,49407,4,125,2026-06-05 20:17:00,2026-06-05 20:22:00,2026-06-05 20:37:00,UPI,Delivered,15,20,True,1870.0,11
325,20474,9,133,2026-06-26 21:05:00,2026-06-26 21:09:00,2026-06-26 21:20:00,COD,Cancelled,15,15,False,1203.0,4
326,11364,15,141,2026-06-05 13:14:00,2026-06-05 13:17:00,2026-06-05 13:30:00,COD,Delivered,15,16,True,378.0,2
327,45448,3,69,2026-06-04 19:14:00,2026-06-04 19:16:00,2026-06-04 19:32:00,Wallet,Delivered,15,18,True,1809.0,6
328,34033,13,33,2026-06-21 21:47:00,2026-06-21 21:52:00,2026-06-21 22:04:00,UPI,Delivered,15,17,True,400.0,2
329,47610,9,164,2026-06-17 20:53:00,2026-06-17 20:56:00,2026-06-17 21:12:00,UPI,Returned,15,19,True,1603.0,10
330,26255,10,173,2026-06-07 19:12:00,2026-06-07 19:17:00,2026-06-07 19:28:00,COD,Delivered,15,16,True,1669.0,7
331,31951,8,29,2026-06-13 21:42:00,2026-06-13 21:46:00,2026-06-13 21:55:00,COD,Delivered,15,13,False,1121.0,6
332,19324,8,152,2026-06-30 18:20:00,2026-06-30 18:25:00,2026-06-30 18:32:00,Card,Delivered,15,12,False,1224.0,3
333,36326,13,161,2026-06-29 12:44:00,2026-06-29 12:49:00,2026-06-29 12:58:00,UPI,Delivered,15,14,False,1369.0,5
334,46520,8,128,2026-06-07 20:32:00,2026-06-07 20:36:00,2026-06-07 20:50:00,UPI,Cancelled,15,18,True,606.0,3
335,32979,8,152,2026-06-03 21:58:00,2026-06-03 22:03:00,2026-06-03 22:10:00,UPI,Delivered,15,12,False,441.0,1
336,43682,6,60,2026-06-10 14:41:00,2026-06-10 14:44:00,2026-06-10 14:52:00,COD,Delivered,15,11,False,2204.0,12
337,12317,4,175,2026-06-27 11:17:00,2026-06-27 11:20:00,2026-06-27 11:30:00,Wallet,Cancelled,15,13,False,807.0,5
338,38826,2,45,2026-06-14 14:07:00,2026-06-14 14:11:00,2026-06-14 14:19:00,UPI,Delivered,15,12,False,938.0,4
339,35853,15,156,2026-06-02 14:09:00,2026-06-02 14:14:00,2026-06-02 14:25:00,UPI,Delivered,15,16,True,3410.0,11
340,36041,2,136,2026-06-27 13:36:00,2026-06-27 13:41:00,2026-06-27 13:51:00,UPI,Delivered,15,15,False,3079.0,9
341,44716,8,128,2026-06-01 19:22:00,2026-06-01 19:27:00,2026-06-01 19:37:00,UPI,Delivered,15,15,False,1233.0,6
342,35537,12,115,2026-06-14 13:13:00,2026-06-14 13:15:00,2026-06-14 13:29:00,Card,Delivered,15,16,True,1773.0,8
343,46118,13,65,2026-06-26 17:06:00,2026-06-26 17:08:00,2026-06-26 17:19:00,Wallet,Delivered,15,13,False,1036.0,3
344,15956,7,83,2026-06-11 19:13:00,2026-06-11 19:15:00,2026-06-11 19:33:00,COD,Delivered,15,20,True,303.0,1
345,24264,17,3,2026-06-25 13:16:00,2026-06-25 13:18:00,2026-06-25 13:31:00,UPI,Delivered,15,15,False,1355.0,7
346,45875,5,170,2026-06-15 20:19:00,2026-06-15 20:21:00,2026-06-15 20:39:00,Wallet,Delivered,15,20,True,162.0,3
347,44162,4,125,2026-06-10 10:07:00,2026-06-10 10:09:00,2026-06-10 10:22:00,UPI,Delivered,15,15,False,1164.0,5
348,40211,13,154,2026-06-06 10:58:00,2026-06-06 11:02:00,2026-06-06 11:10:00,UPI,Cancelled,15,12,False,535.0,4
349,13759,15,156,2026-06-03 21:25:00,2026-06-03 21:30:00,2026-06-03 21:40:00,Card,Delivered,15,15,False,200.0,1
350,16911,17,3,2026-06-22 18:02:00,2026-06-22 18:04:00,2026-06-22 18:15:00,COD,Delivered,15,13,False,694.0,5
351,30023,12,4,2026-06-14 15:20:00,2026-06-14 15:23:00,2026-06-14 15:31:00,Card,Cancelled,15,11,False,575.0,3
352,33146,10,122,2026-06-07 21:47:00,2026-06-07 21:49:00,2026-06-07 21:57:00,COD,Delivered,15,10,False,1151.0,4
353,45077,4,167,2026-06-21 10:09:00,2026-06-21 10:13:00,2026-06-21 10:19:00,Card,Delivered,15,10,False,442.0,4
354,27658,13,61,2026-06-19 14:37:00,2026-06-19 14:39:00,2026-06-19 14:49:00,Wallet,Delivered,15,12,False,1948.0,8
355,38375,10,122,2026-06-15 20:13:00,2026-06-15 20:17:00,2026-06-15 20:29:00,UPI,Delivered,15,16,True,1266.0,6
356,39599,1,57,2026-06-26 18:19:00,2026-06-26 18:22:00,2026-06-26 18:27:00,UPI,Delivered,15,8,False,1115.0,5
357,44077,7,22,2026-06-30 13:59:00,2026-06-30 14:03:00,2026-06-30 14:21:00,UPI,Delivered,15,22,True,140.0,2
358,16572,15,180,2026-06-22 13:16:00,2026-06-22 13:18:00,2026-06-22 13:31:00,Card,Delivered,15,15,False,2596.0,12
359,46545,1,81,2026-06-02 19:03:00,2026-06-02 19:08:00,2026-06-02 19:22:00,UPI,Delivered,15,19,True,558.0,2
360,34506,3,69,2026-06-30 20:13:00,2026-06-30 20:15:00,2026-06-30 20:37:00,UPI,Delivered,15,24,True,2271.0,9
361,21387,10,102,2026-06-10 11:41:00,2026-06-10 11:45:00,2026-06-10 11:56:00,COD,Delivered,15,15,False,2037.0,5
362,15238,20,26,2026-06-04 12:42:00,2026-06-04 12:45:00,2026-06-04 13:01:00,UPI,Returned,15,19,True,510.0,3
363,18530,5,35,2026-06-29 18:23:00,2026-06-29 18:27:00,2026-06-29 18:34:00,Wallet,Cancelled,15,11,False,1706.0,8
364,11360,18,105,2026-06-11 21:00:00,2026-06-11 21:02:00,2026-06-11 21:14:00,UPI,Delivered,15,14,False,1244.0,7
365,33931,9,198,2026-06-05 21:51:00,2026-06-05 21:54:00,2026-06-05 22:06:00,UPI,Delivered,15,15,False,618.0,3
366,24579,8,128,2026-06-23 21:54:00,2026-06-23 21:57:00,2026-06-23 22:09:00,COD,Delivered,15,15,False,1308.0,8
367,48808,19,91,2026-06-12 10:50:00,2026-06-12 10:52:00,2026-06-12 11:04:00,COD,Delivered,15,14,False,2154.0,11
368,28917,13,174,2026-06-08 19:41:00,2026-06-08 19:44:00,2026-06-08 19:59:00,UPI,Returned,15,18,True,2728.0,10
369,34419,7,75,2026-06-30 13:16:00,2026-06-30 13:20:00,2026-06-30 13:27:00,UPI,Delivered,15,11,False,1511.0,5
370,21002,16,155,2026-06-29 20:13:00,2026-06-29 20:18:00,2026-06-29 20:32:00,COD,Delivered,15,19,True,1677.0,9
371,26612,8,128,2026-06-01 14:09:00,2026-06-01 14:14:00,2026-06-01 14:23:00,UPI,Delivered,15,14,False,2714.0,13
372,21181,7,108,2026-06-20 21:19:00,2026-06-20 21:24:00,2026-06-20 21:35:00,Card,Delivered,15,16,True,862.0,4
373,34239,19,107,2026-06-05 21:07:00,2026-06-05 21:09:00,2026-06-05 21:21:00,UPI,Delivered,15,14,False,1458.0,9
374,14065,6,44,2026-06-11 18:33:00,2026-06-11 18:35:00,2026-06-11 18:47:00,UPI,Delivered,15,14,False,1328.0,7
375,23416,20,72,2026-06-02 18:48:00,2026-06-02 18:52:00,2026-06-02 19:01:00,Wallet,Delivered,15,13,False,1852.0,5
376,18656,10,95,2026-06-29 20:46:00,2026-06-29 20:51:00,2026-06-29 21:08:00,COD,Returned,15,22,True,1329.0,3
377,34196,19,149,2026-06-23 22:23:00,2026-06-23 22:25:00,2026-06-23 22:36:00,Card,Delivered,15,13,False,1116.0,3
378,11645,5,170,2026-06-08 20:23:00,2026-06-08 20:28:00,2026-06-08 20:46:00,COD,Delivered,15,23,True,458.0,6
379,42513,12,115,2026-06-23 18:32:00,2026-06-23 18:34:00,2026-06-23 18:48:00,Card,Delivered,15,16,True,1218.0,10
380,10834,9,31,2026-06-01 19:50:00,2026-06-01 19:53:00,2026-06-01 20:13:00,UPI,Delivered,15,23,True,2119.0,8
381,30033,13,33,2026-06-28 19:37:00,2026-06-28 19:39:00,2026-06-28 19:59:00,UPI,Delivered,15,22,True,516.0,2
382,12660,6,80,2026-06-21 19:08:00,2026-06-21 19:13:00,2026-06-21 19:21:00,Wallet,Delivered,15,13,False,185.0,1
383,46660,7,162,2026-06-11 21:32:00,2026-06-11 21:36:00,2026-06-11 21:43:00,UPI,Delivered,15,11,False,2320.0,9
384,24950,5,37,2026-06-13 20:41:00,2026-06-13 20:46:00,2026-06-13 21:06:00,Wallet,Delivered,15,25,True,516.0,3
385,22500,16,179,2026-06-29 13:20:00,2026-06-29 13:23:00,2026-06-29 13:36:00,UPI,Delivered,15,16,True,1765.0,8
386,37899,6,80,2026-06-27 14:02:00,2026-06-27 14:05:00,2026-06-27 14:17:00,UPI,Returned,15,15,False,1689.0,6
387,20931,9,133,2026-06-13 21:13:00,2026-06-13 21:16:00,2026-06-13 21:26:00,UPI,Delivered,15,13,False,3435.0,12
388,11220,8,128,2026-06-23 19:46:00,2026-06-23 19:49:00,2026-06-23 20:09:00,UPI,Delivered,15,23,True,930.0,5
389,15704,11,104,2026-06-25 19:56:00,2026-06-25 19:58:00,2026-06-25 20:16:00,Card,Delivered,15,20,True,2910.0,11
390,46998,6,165,2026-06-27 21:51:00,2026-06-27 21:55:00,2026-06-27 22:07:00,Wallet,Delivered,15,16,True,933.0,6
391,49194,11,25,2026-06-01 19:57:00,2026-06-01 19:59:00,2026-06-01 20:11:00,Card,Cancelled,15,14,False,1649.0,5
392,24013,20,11,2026-06-03 19:14:00,2026-06-03 19:19:00,2026-06-03 19:37:00,Card,Delivered,15,23,True,1468.0,4
393,46919,13,65,2026-06-25 19:03:00,2026-06-25 19:08:00,2026-06-25 19:23:00,COD,Delivered,15,20,True,317.0,1
394,23387,18,172,2026-06-15 19:39:00,2026-06-15 19:42:00,2026-06-15 19:57:00,Card,Delivered,15,18,True,1859.0,8
395,27374,15,187,2026-06-08 18:08:00,2026-06-08 18:13:00,2026-06-08 18:21:00,UPI,Delivered,15,13,False,605.0,3
396,34671,11,9,2026-06-19 18:34:00,2026-06-19 18:36:00,2026-06-19 18:51:00,UPI,Delivered,15,17,True,1875.0,5
397,11025,4,157,2026-06-29 20:34:00,2026-06-29 20:38:00,2026-06-29 20:58:00,Wallet,Delivered,15,24,True,1057.0,3
398,20672,19,182,2026-06-14 21:50:00,2026-06-14 21:54:00,2026-06-14 22:01:00,UPI,Returned,15,11,False,816.0,3
399,39210,4,8,2026-06-15 20:09:00,2026-06-15 20:13:00,2026-06-15 20:31:00,UPI,Cancelled,15,22,True,1402.0,7
400,22318,4,175,2026-06-07 19:44:00,2026-06-07 19:48:00,2026-06-07 19:59:00,UPI,Delivered,15,15,False,2924.0,11
401,34774,9,31,2026-06-24 21:36:00,2026-06-24 21:39:00,2026-06-24 21:52:00,COD,Delivered,15,16,True,1828.0,7
402,19743,9,133,2026-06-17 18:50:00,2026-06-17 18:55:00,2026-06-17 19:03:00,UPI,Delivered,15,13,False,2134.0,8
403,31952,16,199,2026-06-18 20:35:00,2026-06-18 20:40:00,2026-06-18 20:51:00,Card,Delivered,15,16,True,2151.0,7
404,27660,11,64,2026-06-18 21:58:00,2026-06-18 22:03:00,2026-06-18 22:13:00,COD,Delivered,15,15,False,1488.0,7
405,32754,13,65,2026-06-20 18:55:00,2026-06-20 18:59:00,2026-06-20 19:09:00,UPI,Delivered,15,14,False,1507.0,10
406,38038,4,175,2026-06-03 21:17:00,2026-06-03 21:19:00,2026-06-03 21:31:00,UPI,Delivered,15,14,False,1930.0,6
407,10413,6,6,2026-06-07 20:10:00,2026-06-07 20:15:00,2026-06-07 20:34:00,Card,Delivered,15,24,True,852.0,3
408,36855,5,37,2026-06-07 13:07:00,2026-06-07 13:12:00,2026-06-07 13:27:00,COD,Delivered,15,20,True,3393.0,11
409,32967,16,155,2026-06-08 12:46:00,2026-06-08 12:48:00,2026-06-08 13:03:00,Wallet,Delivered,15,17,True,1939.0,10
410,16826,3,94,2026-06-24 14:04:00,2026-06-24 14:07:00,2026-06-24 14:18:00,UPI,Delivered,15,14,False,3072.0,11
411,48472,13,33,2026-06-20 21:11:00,2026-06-20 21:14:00,2026-06-20 21:22:00,COD,Delivered,15,11,False,2506.0,11
412,32908,17,106,2026-06-05 19:10:00,2026-06-05 19:12:00,2026-06-05 19:27:00,UPI,Delivered,15,17,True,61.0,1
413,32777,19,12,2026-06-08 18:56:00,2026-06-08 19:00:00,2026-06-08 19:07:00,UPI,Delivered,15,11,False,338.0,2
414,32721,18,27,2026-06-20 14:02:00,2026-06-20 14:04:00,2026-06-20 14:16:00,Card,Delivered,15,14,False,613.0,4
415,10228,15,62,2026-06-21 09:51:00,2026-06-21 09:53:00,2026-06-21 10:07:00,UPI,Delivered,15,16,True,1190.0,9
416,12443,7,101,2026-06-16 11:29:00,2026-06-16 11:31:00,2026-06-16 11:43:00,UPI,Delivered,15,14,False,2075.0,8
417,46991,7,101,2026-06-15 15:31:00,2026-06-15 15:33:00,2026-06-15 15:48:00,UPI,Delivered,15,17,True,2428.0,9
418,32334,3,186,2026-06-17 19:32:00,2026-06-17 19:35:00,2026-06-17 19:57:00,UPI,Cancelled,15,25,True,365.0,1
419,48284,19,107,2026-06-29 14:55:00,2026-06-29 15:00:00,2026-06-29 15:08:00,UPI,Delivered,15,13,False,3413.0,10
420,19128,8,120,2026-06-24 14:02:00,2026-06-24 14:04:00,2026-06-24 14:12:00,Card,Delivered,15,10,False,1030.0,4
421,20028,19,182,2026-06-28 21:04:00,2026-06-28 21:06:00,2026-06-28 21:18:00,UPI,Delivered,15,14,False,416.0,2
422,25166,2,45,2026-06-12 12:49:00,2026-06-12 12:51:00,2026-06-12 12:58:00,COD,Delivered,15,9,False,631.0,8
423,44669,18,192,2026-06-26 18:07:00,2026-06-26 18:12:00,2026-06-26 18:24:00,UPI,Delivered,15,17,True,1654.0,6
424,18023,14,169,2026-06-03 21:27:00,2026-06-03 21:30:00,2026-06-03 21:40:00,Card,Cancelled,15,13,False,2164.0,8
425,32735,18,105,2026-06-26 19:30:00,2026-06-26 19:33:00,2026-06-26 19:58:00,UPI,Delivered,15,28,True,1721.0,7
426,28614,11,43,2026-06-24 17:01:00,2026-06-24 17:06:00,2026-06-24 17:15:00,Card,Delivered,15,14,False,471.0,3
427,36917,5,123,2026-06-21 13:09:00,2026-06-21 13:11:00,2026-06-21 13:23:00,Wallet,Delivered,15,14,False,498.0,4
428,24619,17,147,2026-06-28 20:50:00,2026-06-28 20:52:00,2026-06-28 21:13:00,COD,Cancelled,15,23,True,1488.0,7
429,13528,10,129,2026-06-30 20:10:00,2026-06-30 20:15:00,2026-06-30 20:35:00,COD,Delivered,15,25,True,1182.0,6
430,20647,16,190,2026-06-28 20:31:00,2026-06-28 20:34:00,2026-06-28 20:44:00,Card,Cancelled,15,13,False,2060.0,8
431,27823,6,80,2026-06-25 22:22:00,2026-06-25 22:25:00,2026-06-25 22:37:00,UPI,Delivered,15,15,False,2759.0,14
432,17751,11,25,2026-06-03 13:26:00,2026-06-03 13:28:00,2026-06-03 13:45:00,Card,Delivered,15,19,True,255.0,3
433,14475,17,134,2026-06-13 18:44:00,2026-06-13 18:47:00,2026-06-13 18:59:00,Card,Delivered,15,15,False,1275.0,4
434,40364,13,33,2026-06-15 19:51:00,2026-06-15 19:53:00,2026-06-15 20:09:00,Card,Cancelled,15,18,True,885.0,3
435,45966,7,101,2026-06-30 12:42:00,2026-06-30 12:46:00,2026-06-30 13:00:00,Card,Delivered,15,18,True,932.0,6
436,12472,19,91,2026-06-21 14:17:00,2026-06-21 14:20:00,2026-06-21 14:29:00,COD,Delivered,15,12,False,340.0,2
437,44584,15,62,2026-06-25 12:03:00,2026-06-25 12:08:00,2026-06-25 12:20:00,Wallet,Delivered,15,17,True,1034.0,6
438,20582,20,16,2026-06-07 13:11:00,2026-06-07 13:15:00,2026-06-07 13:28:00,Wallet,Delivered,15,17,True,1154.0,4
439,14314,20,26,2026-06-10 19:35:00,2026-06-10 19:40:00,2026-06-10 19:47:00,Card,Delivered,15,12,False,1283.0,7
440,45772,15,21,2026-06-07 20:46:00,2026-06-07 20:51:00,2026-06-07 21:06:00,Card,Returned,15,20,True,4024.0,11
441,49504,18,117,2026-06-24 22:07:00,2026-06-24 22:09:00,2026-06-24 22:18:00,UPI,Delivered,15,11,False,550.0,2
442,21309,1,92,2026-06-29 18:34:00,2026-06-29 18:39:00,2026-06-29 18:50:00,UPI,Delivered,15,16,True,334.0,4
443,24116,13,161,2026-06-16 19:58:00,2026-06-16 20:01:00,2026-06-16 20:10:00,Wallet,Delivered,15,12,False,410.0,2
444,38501,3,186,2026-06-01 21:30:00,2026-06-01 21:32:00,2026-06-01 21:47:00,UPI,Cancelled,15,17,True,864.0,6
445,38007,13,161,2026-06-30 18:33:00,2026-06-30 18:37:00,2026-06-30 18:47:00,UPI,Delivered,15,14,False,1179.0,9
446,33529,17,106,2026-06-11 13:33:00,2026-06-11 13:35:00,2026-06-11 13:47:00,UPI,Delivered,15,14,False,3145.0,9
447,26462,3,69,2026-06-14 21:43:00,2026-06-14 21:45:00,2026-06-14 21:58:00,Card,Delivered,15,15,False,2340.0,10
448,41460,16,155,2026-06-11 14:56:00,2026-06-11 14:58:00,2026-06-11 15:08:00,Card,Delivered,15,12,False,756.0,3
449,14694,10,78,2026-06-11 14:20:00,2026-06-11 14:22:00,2026-06-11 14:37:00,UPI,Delivered,15,17,True,1452.0,4
450,15527,18,1,2026-06-25 21:56:00,2026-06-25 21:58:00,2026-06-25 22:08:00,UPI,Delivered,15,12,False,1359.0,9
451,46006,11,17,2026-06-12 19:04:00,2026-06-12 19:08:00,2026-06-12 19:25:00,COD,Delivered,15,21,True,348.0,4
452,24724,20,93,2026-06-01 13:19:00,2026-06-01 13:23:00,2026-06-01 13:38:00,UPI,Delivered,15,19,True,3446.0,12
453,18841,2,24,2026-06-19 20:16:00,2026-06-19 20:19:00,2026-06-19 20:42:00,UPI,Delivered,15,26,True,2976.0,8
454,13321,8,152,2026-06-20 21:32:00,2026-06-20 21:37:00,2026-06-20 21:44:00,UPI,Delivered,15,12,False,339.0,3
455,43364,17,2,2026-06-28 14:44:00,2026-06-28 14:49:00,2026-06-28 14:57:00,UPI,Delivered,15,13,False,1742.0,8
456,22116,18,192,2026-06-20 18:20:00,2026-06-20 18:25:00,2026-06-20 18:30:00,Card,Delivered,15,10,False,214.0,1
457,23650,4,157,2026-06-15 11:52:00,2026-06-15 11:54:00,2026-06-15 12:06:00,Card,Delivered,15,14,False,945.0,5
458,37203,9,198,2026-06-22 18:53:00,2026-06-22 18:58:00,2026-06-22 19:06:00,UPI,Cancelled,15,13,False,474.0,3
459,49150,18,117,2026-06-26 11:49:00,2026-06-26 11:53:00,2026-06-26 12:04:00,UPI,Delivered,15,15,False,463.0,3
460,14467,19,177,2026-06-15 18:04:00,2026-06-15 18:07:00,2026-06-15 18:19:00,UPI,Delivered,15,15,False,641.0,4
461,34800,4,10,2026-06-05 12:14:00,2026-06-05 12:16:00,2026-06-05 12:28:00,UPI,Delivered,15,14,False,2035.0,10
462,28289,7,101,2026-06-05 21:55:00,2026-06-05 21:58:00,2026-06-05 22:11:00,UPI,Delivered,15,16,True,1503.0,5
463,15703,8,152,2026-06-05 19:32:00,2026-06-05 19:34:00,2026-06-05 19:54:00,Wallet,Delivered,15,22,True,1120.0,5
464,42753,5,37,2026-06-04 20:30:00,2026-06-04 20:32:00,2026-06-04 20:52:00,UPI,Delivered,15,22,True,1783.0,7
465,12937,19,110,2026-06-05 20:07:00,2026-06-05 20:12:00,2026-06-05 20:31:00,Wallet,Delivered,15,24,True,260.0,2
466,44862,9,133,2026-06-16 17:11:00,2026-06-16 17:13:00,2026-06-16 17:24:00,UPI,Delivered,15,13,False,2635.0,9
467,47951,8,120,2026-06-19 19:42:00,2026-06-19 19:44:00,2026-06-19 19:58:00,COD,Delivered,15,16,True,342.0,3
468,37490,2,188,2026-06-08 21:52:00,2026-06-08 21:56:00,2026-06-08 22:01:00,Wallet,Delivered,15,9,False,1321.0,5
469,45125,20,58,2026-06-29 20:54:00,2026-06-29 20:57:00,2026-06-29 21:06:00,UPI,Delivered,15,12,False,1738.0,6
470,15780,19,160,2026-06-09 21:01:00,2026-06-09 21:06:00,2026-06-09 21:18:00,Wallet,Delivered,15,17,True,669.0,5
471,48179,14,197,2026-06-12 17:34:00,2026-06-12 17:38:00,2026-06-12 17:48:00,UPI,Delivered,15,14,False,62.0,1
472,46226,6,181,2026-06-21 21:45:00,2026-06-21 21:50:00,2026-06-21 21:57:00,UPI,Delivered,15,12,False,990.0,5
473,14741,4,10,2026-06-23 19:59:00,2026-06-23 20:03:00,2026-06-23 20:16:00,UPI,Delivered,15,17,True,149.0,1
474,28487,3,94,2026-06-24 12:16:00,2026-06-24 12:20:00,2026-06-24 12:37:00,COD,Delivered,15,21,True,2762.0,11
475,15393,15,187,2026-06-18 15:09:00,2026-06-18 15:11:00,2026-06-18 15:23:00,UPI,Delivered,15,14,False,1350.0,10
476,45505,20,124,2026-06-17 12:37:00,2026-06-17 12:41:00,2026-06-17 12:58:00,UPI,Delivered,15,21,True,3323.0,9
477,20005,11,17,2026-06-10 13:52:00,2026-06-10 13:57:00,2026-06-10 14:09:00,Card,Delivered,15,17,True,1940.0,8
478,36294,14,130,2026-06-19 21:31:00,2026-06-19 21:36:00,2026-06-19 21:42:00,UPI,Delivered,15,11,False,1012.0,4
479,35663,10,102,2026-06-19 13:16:00,2026-06-19 13:19:00,2026-06-19 13:24:00,UPI,Cancelled,15,8,False,458.0,5
480,35187,16,199,2026-06-14 19:14:00,2026-06-14 19:16:00,2026-06-14 19:37:00,Wallet,Cancelled,15,23,True,1178.0,5
481,25214,9,133,2026-06-25 09:50:00,2026-06-25 09:54:00,2026-06-25 10:03:00,Wallet,Delivered,15,13,False,1224.0,3
482,48615,19,12,2026-06-19 14:23:00,2026-06-19 14:27:00,2026-06-19 14:38:00,UPI,Delivered,15,15,False,336.0,1
483,24571,3,142,2026-06-26 09:11:00,2026-06-26 09:13:00,2026-06-26 09:26:00,UPI,Delivered,15,15,False,936.0,3
484,42103,14,130,2026-06-29 20:20:00,2026-06-29 20:25:00,2026-06-29 20:39:00,Card,Delivered,15,19,True,2061.0,9
485,17923,17,147,2026-06-25 18:35:00,2026-06-25 18:37:00,2026-06-25 18:49:00,Wallet,Delivered,15,14,False,84.0,1
486,22805,6,111,2026-06-06 14:33:00,2026-06-06 14:38:00,2026-06-06 14:51:00,UPI,Delivered,15,18,True,1334.0,5
487,40702,19,89,2026-06-27 09:49:00,2026-06-27 09:53:00,2026-06-27 10:04:00,UPI,Returned,15,15,False,851.0,4
488,37794,2,189,2026-06-02 14:05:00,2026-06-02 14:10:00,2026-06-02 14:18:00,UPI,Returned,15,13,False,3444.0,10
489,38219,12,85,2026-06-09 20:21:00,2026-06-09 20:26:00,2026-06-09 20:45:00,UPI,Delivered,15,24,True,2281.0,8
490,47193,13,174,2026-06-13 18:20:00,2026-06-13 18:25:00,2026-06-13 18:35:00,UPI,Delivered,15,15,False,512.0,2
491,13939,1,137,2026-06-12 18:34:00,2026-06-12 18:39:00,2026-06-12 18:48:00,Card,Delivered,15,14,False,1498.0,7
492,36204,14,131,2026-06-27 14:46:00,2026-06-27 14:50:00,2026-06-27 14:59:00,Wallet,Delivered,15,13,False,1144.0,7
493,47884,14,132,2026-06-30 13:37:00,2026-06-30 13:42:00,2026-06-30 13:54:00,UPI,Delivered,15,17,True,1691.0,6
494,11251,8,128,2026-06-30 13:37:00,2026-06-30 13:39:00,2026-06-30 13:55:00,UPI,Delivered,15,18,True,1847.0,10
495,47033,8,152,2026-06-13 19:14:00,2026-06-13 19:18:00,2026-06-13 19:36:00,UPI,Delivered,15,22,True,156.0,3
496,15227,14,197,2026-06-02 09:55:00,2026-06-02 09:57:00,2026-06-02 10:12:00,UPI,Delivered,15,17,True,73.0,1
497,43233,18,27,2026-06-06 19:19:00,2026-06-06 19:23:00,2026-06-06 19:39:00,Card,Delivered,15,20,True,1107.0,7
498,36956,5,76,2026-06-30 20:44:00,2026-06-30 20:47:00,2026-06-30 21:08:00,COD,Delivered,15,24,True,694.0,2
499,13712,14,197,2026-06-19 18:19:00,2026-06-19 18:22:00,2026-06-19 18:31:00,Card,Delivered,15,12,False,36.0,2
500,43393,14,7,2026-06-15 21:21:00,2026-06-15 21:24:00,2026-06-15 21:36:00,UPI,Cancelled,15,15,False,1454.0,7
501,39436,9,198,2026-06-20 19:00:00,2026-06-20 19:02:00,2026-06-20 19:14:00,UPI,Cancelled,15,14,False,504.0,3
502,38942,20,93,2026-06-12 18:33:00,2026-06-12 18:35:00,2026-06-12 18:44:00,UPI,Delivered,15,11,False,1471.0,6
503,12055,8,128,2026-06-07 20:34:00,2026-06-07 20:39:00,2026-06-07 20:53:00,COD,Cancelled,15,19,True,1247.0,5
504,17599,6,60,2026-06-27 18:35:00,2026-06-27 18:39:00,2026-06-27 18:48:00,UPI,Delivered,15,13,False,1444.0,7
505,29825,11,17,2026-06-17 19:57:00,2026-06-17 20:00:00,2026-06-17 20:20:00,UPI,Delivered,15,23,True,90.0,3
506,16910,1,81,2026-06-30 12:11:00,2026-06-30 12:16:00,2026-06-30 12:24:00,UPI,Delivered,15,13,False,591.0,3
507,17404,13,116,2026-06-23 10:02:00,2026-06-23 10:07:00,2026-06-23 10:17:00,UPI,Delivered,15,15,False,2119.0,10
508,16766,13,154,2026-06-12 17:15:00,2026-06-12 17:18:00,2026-06-12 17:28:00,UPI,Delivered,15,13,False,1040.0,5
509,21790,17,2,2026-06-22 11:29:00,2026-06-22 11:34:00,2026-06-22 11:45:00,Wallet,Delivered,15,16,True,1620.0,7
510,41995,10,196,2026-06-20 21:22:00,2026-06-20 21:27:00,2026-06-20 21:30:00,Card,Cancelled,15,8,False,932.0,11
511,27563,11,9,2026-06-20 21:31:00,2026-06-20 21:36:00,2026-06-20 21:48:00,UPI,Delivered,15,17,True,1633.0,6
512,12209,20,127,2026-06-24 13:56:00,2026-06-24 14:01:00,2026-06-24 14:15:00,COD,Delivered,15,19,True,1225.0,5
513,39021,2,112,2026-06-22 19:43:00,2026-06-22 19:48:00,2026-06-22 19:57:00,UPI,Delivered,15,14,False,708.0,3
514,46301,7,22,2026-06-19 12:48:00,2026-06-19 12:53:00,2026-06-19 13:03:00,UPI,Delivered,15,15,False,1339.0,4
515,17953,3,186,2026-06-22 11:14:00,2026-06-22 11:17:00,2026-06-22 11:27:00,UPI,Delivered,15,13,False,2343.0,6
516,35003,3,69,2026-06-01 12:08:00,2026-06-01 12:13:00,2026-06-01 12:25:00,UPI,Delivered,15,17,True,1291.0,4
517,20493,17,30,2026-06-20 11:36:00,2026-06-20 11:40:00,2026-06-20 11:51:00,Card,Delivered,15,15,False,558.0,2
518,35188,2,98,2026-06-10 14:30:00,2026-06-10 14:34:00,2026-06-10 14:42:00,UPI,Delivered,15,12,False,2980.0,10
519,11991,9,133,2026-06-11 21:19:00,2026-06-11 21:24:00,2026-06-11 21:34:00,Card,Delivered,15,15,False,1106.0,3
520,29817,16,190,2026-06-06 21:12:00,2026-06-06 21:15:00,2026-06-06 21:28:00,UPI,Delivered,15,16,True,492.0,3
521,48925,8,128,2026-06-26 10:59:00,2026-06-26 11:03:00,2026-06-26 11:14:00,Card,Delivered,15,15,False,1492.0,5
522,44709,20,16,2026-06-11 22:46:00,2026-06-11 22:48:00,2026-06-11 23:00:00,UPI,Returned,15,14,False,947.0,5
523,24527,15,156,2026-06-10 20:52:00,2026-06-10 20:56:00,2026-06-10 21:19:00,Card,Delivered,15,27,True,1815.0,7
524,41219,5,35,2026-06-08 21:13:00,2026-06-08 21:15:00,2026-06-08 21:22:00,COD,Delivered,15,9,False,2067.0,10
525,44268,9,31,2026-06-10 19:04:00,2026-06-10 19:08:00,2026-06-10 19:28:00,UPI,Delivered,15,24,True,3408.0,9
526,37353,12,19,2026-06-12 20:30:00,2026-06-12 20:35:00,2026-06-12 20:45:00,UPI,Delivered,15,15,False,2785.0,9
527,30366,17,3,2026-06-23 11:57:00,2026-06-23 11:59:00,2026-06-23 12:11:00,UPI,Delivered,15,14,False,1942.0,11
528,34860,14,56,2026-06-06 21:38:00,2026-06-06 21:40:00,2026-06-06 21:52:00,UPI,Delivered,15,14,False,1060.0,6
529,20288,4,157,2026-06-19 12:55:00,2026-06-19 12:57:00,2026-06-19 13:14:00,UPI,Delivered,15,19,True,1819.0,8
530,16106,20,26,2026-06-06 13:09:00,2026-06-06 13:12:00,2026-06-06 13:22:00,UPI,Delivered,15,13,False,833.0,7
531,20372,18,42,2026-06-09 19:09:00,2026-06-09 19:11:00,2026-06-09 19:27:00,COD,Delivered,15,18,True,1320.0,5
532,47667,12,135,2026-06-26 20:35:00,2026-06-26 20:37:00,2026-06-26 20:51:00,COD,Delivered,15,16,True,2100.0,8
533,40934,6,60,2026-06-30 18:33:00,2026-06-30 18:36:00,2026-06-30 18:46:00,UPI,Delivered,15,13,False,1671.0,7
534,21022,19,118,2026-06-27 14:11:00,2026-06-27 14:16:00,2026-06-27 14:25:00,Card,Delivered,15,14,False,1880.0,11
535,16488,18,42,2026-06-07 21:10:00,2026-06-07 21:15:00,2026-06-07 21:21:00,UPI,Delivered,15,11,False,1475.0,4
536,46219,2,189,2026-06-11 15:54:00,2026-06-11 15:59:00,2026-06-11 16:05:00,Card,Delivered,15,11,False,828.0,2
537,25722,9,31,2026-06-28 15:15:00,2026-06-28 15:18:00,2026-06-28 15:27:00,Wallet,Delivered,15,12,False,214.0,1
538,46994,5,151,2026-06-19 14:42:00,2026-06-19 14:46:00,2026-06-19 14:52:00,COD,Delivered,15,10,False,2043.0,9
539,23680,20,26,2026-06-19 20:44:00,2026-06-19 20:47:00,2026-06-19 21:05:00,UPI,Delivered,15,21,True,651.0,4
540,34051,6,40,2026-06-13 15:48:00,2026-06-13 15:52:00,2026-06-13 15:59:00,UPI,Delivered,15,11,False,1582.0,11
541,14918,2,112,2026-06-23 14:11:00,2026-06-23 14:15:00,2026-06-23 14:25:00,UPI,Delivered,15,14,False,1138.0,5
542,29075,12,39,2026-06-24 22:44:00,2026-06-24 22:46:00,2026-06-24 22:57:00,UPI,Delivered,15,13,False,288.0,3
543,25695,18,1,2026-06-21 20:37:00,2026-06-21 20:42:00,2026-06-21 20:52:00,Wallet,Delivered,15,15,False,1059.0,3
544,46370,15,163,2026-06-29 13:21:00,2026-06-29 13:24:00,2026-06-29 13:39:00,Card,Delivered,15,18,True,1424.0,7
545,38180,5,76,2026-06-07 14:47:00,2026-06-07 14:49:00,2026-06-07 15:00:00,Card,Delivered,15,13,False,1376.0,8
546,43036,7,108,2026-06-24 09:23:00,2026-06-24 09:28:00,2026-06-24 09:36:00,UPI,Delivered,15,13,False,3037.0,10
547,23339,11,25,2026-06-16 12:40:00,2026-06-16 12:42:00,2026-06-16 12:57:00,UPI,Delivered,15,17,True,943.0,3
548,15686,13,61,2026-06-24 18:56:00,2026-06-24 18:58:00,2026-06-24 19:11:00,UPI,Delivered,15,15,False,1100.0,10
549,10080,20,139,2026-06-25 18:00:00,2026-06-25 18:03:00,2026-06-25 18:15:00,Card,Delivered,15,15,False,2176.0,6
550,21869,13,154,2026-06-25 21:55:00,2026-06-25 22:00:00,2026-06-25 22:10:00,UPI,Delivered,15,15,False,112.0,1
551,36424,7,108,2026-06-11 11:19:00,2026-06-11 11:23:00,2026-06-11 11:33:00,UPI,Delivered,15,14,False,1078.0,4
552,47089,9,31,2026-06-02 21:49:00,2026-06-02 21:52:00,2026-06-02 22:01:00,COD,Delivered,15,12,False,1596.0,7
553,37216,1,81,2026-06-08 11:01:00,2026-06-08 11:06:00,2026-06-08 11:15:00,UPI,Delivered,15,14,False,2491.0,11
554,15570,18,42,2026-06-03 14:38:00,2026-06-03 14:43:00,2026-06-03 14:49:00,Card,Delivered,15,11,False,1583.0,6
555,22101,19,91,2026-06-11 09:52:00,2026-06-11 09:57:00,2026-06-11 10:05:00,UPI,Delivered,15,13,False,2601.0,12
556,19929,3,94,2026-06-01 21:18:00,2026-06-01 21:23:00,2026-06-01 21:31:00,Wallet,Delivered,15,13,False,1164.0,6
557,10119,8,128,2026-06-27 19:07:00,2026-06-27 19:11:00,2026-06-27 19:35:00,UPI,Delivered,15,28,True,816.0,3
558,20257,4,8,2026-06-02 19:45:00,2026-06-02 19:47:00,2026-06-02 19:57:00,Card,Delivered,15,12,False,1084.0,4
559,13626,4,125,2026-06-13 22:38:00,2026-06-13 22:42:00,2026-06-13 22:52:00,UPI,Delivered,15,14,False,2494.0,9
560,14889,9,164,2026-06-01 19:18:00,2026-06-01 19:22:00,2026-06-01 19:40:00,UPI,Delivered,15,22,True,632.0,2
561,46955,8,29,2026-06-11 20:56:00,2026-06-11 20:58:00,2026-06-11 21:21:00,UPI,Delivered,15,25,True,1275.0,4
562,49950,10,173,2026-06-07 10:51:00,2026-06-07 10:56:00,2026-06-07 11:06:00,UPI,Delivered,15,15,False,1698.0,8
563,13636,2,109,2026-06-12 12:00:00,2026-06-12 12:05:00,2026-06-12 12:16:00,UPI,Delivered,15,16,True,1037.0,5
564,23021,11,9,2026-06-27 09:45:00,2026-06-27 09:48:00,2026-06-27 09:57:00,UPI,Delivered,15,12,False,114.0,1
565,10792,12,146,2026-06-07 14:57:00,2026-06-07 14:59:00,2026-06-07 15:08:00,Card,Delivered,15,11,False,2372.0,7
566,17312,19,113,2026-06-16 20:33:00,2026-06-16 20:36:00,2026-06-16 20:50:00,UPI,Delivered,15,17,True,2089.0,9
567,43311,6,181,2026-06-17 17:54:00,2026-06-17 17:57:00,2026-06-17 18:07:00,UPI,Delivered,15,13,False,1530.0,5
568,19476,1,81,2026-06-29 12:29:00,2026-06-29 12:31:00,2026-06-29 12:45:00,UPI,Delivered,15,16,True,2032.0,6
569,42927,1,81,2026-06-20 20:15:00,2026-06-20 20:19:00,2026-06-20 20:36:00,Wallet,Delivered,15,21,True,1163.0,8
570,28228,13,166,2026-06-08 08:50:00,2026-06-08 08:52:00,2026-06-08 09:01:00,UPI,Delivered,15,11,False,1868.0,10
571,24984,18,140,2026-06-21 09:26:00,2026-06-21 09:30:00,2026-06-21 09:39:00,UPI,Delivered,15,13,False,1558.0,6
572,17839,13,33,2026-06-29 20:46:00,2026-06-29 20:50:00,2026-06-29 21:11:00,Wallet,Delivered,15,25,True,1122.0,3
573,23698,11,104,2026-06-17 22:51:00,2026-06-17 22:56:00,2026-06-17 23:02:00,Wallet,Delivered,15,11,False,2579.0,11
574,32839,5,123,2026-06-26 21:22:00,2026-06-26 21:25:00,2026-06-26 21:41:00,Card,Delivered,15,19,True,735.0,5
575,46406,5,153,2026-06-18 20:12:00,2026-06-18 20:14:00,2026-06-18 20:32:00,Wallet,Delivered,15,20,True,1253.0,9
576,10111,15,180,2026-06-14 20:22:00,2026-06-14 20:24:00,2026-06-14 20:44:00,UPI,Delivered,15,22,True,3263.0,12
577,38013,3,142,2026-06-26 11:52:00,2026-06-26 11:55:00,2026-06-26 12:08:00,COD,Delivered,15,16,True,1140.0,5
578,40997,15,21,2026-06-26 21:54:00,2026-06-26 21:59:00,2026-06-26 22:05:00,UPI,Delivered,15,11,False,1083.0,3
579,14540,7,158,2026-06-17 20:02:00,2026-06-17 20:07:00,2026-06-17 20:30:00,Wallet,Delivered,15,28,True,1926.0,11
580,17243,13,13,2026-06-29 19:41:00,2026-06-29 19:46:00,2026-06-29 20:02:00,UPI,Delivered,15,21,True,2216.0,10
581,20527,7,74,2026-06-29 21:43:00,2026-06-29 21:48:00,2026-06-29 21:58:00,COD,Delivered,15,15,False,1540.0,5
582,24783,3,159,2026-06-17 14:23:00,2026-06-17 14:25:00,2026-06-17 14:38:00,UPI,Delivered,15,15,False,2647.0,7
583,32418,18,117,2026-06-14 20:12:00,2026-06-14 20:17:00,2026-06-14 20:36:00,UPI,Delivered,15,24,True,2694.0,12
584,36606,5,37,2026-06-12 19:37:00,2026-06-12 19:40:00,2026-06-12 19:57:00,Card,Delivered,15,20,True,1789.0,8
585,39254,10,183,2026-06-22 21:05:00,2026-06-22 21:10:00,2026-06-22 21:16:00,UPI,Delivered,15,11,False,462.0,8
586,35738,7,53,2026-06-26 20:17:00,2026-06-26 20:19:00,2026-06-26 20:35:00,Card,Delivered,15,18,True,3630.0,10
587,45369,3,159,2026-06-15 20:59:00,2026-06-15 21:03:00,2026-06-15 21:23:00,UPI,Delivered,15,24,True,2231.0,9
588,45711,8,29,2026-06-19 12:06:00,2026-06-19 12:08:00,2026-06-19 12:17:00,COD,Delivered,15,11,False,1667.0,10
589,15518,14,197,2026-06-17 17:35:00,2026-06-17 17:39:00,2026-06-17 17:50:00,UPI,Delivered,15,15,False,120.0,1
590,32295,4,8,2026-06-25 21:18:00,2026-06-25 21:23:00,2026-06-25 21:35:00,UPI,Delivered,15,17,True,1501.0,5
591,23173,14,56,2026-06-06 09:12:00,2026-06-06 09:15:00,2026-06-06 09:22:00,COD,Delivered,15,10,False,1982.0,9
592,45127,2,109,2026-06-02 13:13:00,2026-06-02 13:17:00,2026-06-02 13:34:00,Card,Delivered,15,21,True,256.0,4
593,42672,19,113,2026-06-15 14:12:00,2026-06-15 14:15:00,2026-06-15 14:30:00,UPI,Delivered,15,18,True,1900.0,8
594,32324,10,51,2026-06-01 21:18:00,2026-06-01 21:20:00,2026-06-01 21:31:00,COD,Delivered,15,13,False,1672.0,5
595,10983,11,9,2026-06-07 11:13:00,2026-06-07 11:15:00,2026-06-07 11:27:00,UPI,Delivered,15,14,False,570.0,4
596,30713,13,61,2026-06-12 18:27:00,2026-06-12 18:29:00,2026-06-12 18:41:00,UPI,Delivered,15,14,False,2720.0,9
597,33050,14,169,2026-06-16 20:46:00,2026-06-16 20:49:00,2026-06-16 21:00:00,Wallet,Delivered,15,14,False,1523.0,7
598,33447,8,29,2026-06-24 14:40:00,2026-06-24 14:45:00,2026-06-24 14:53:00,UPI,Delivered,15,13,False,622.0,4
599,21010,8,29,2026-06-13 13:50:00,2026-06-13 13:54:00,2026-06-13 14:09:00,Card,Delivered,15,19,True,2874.0,10
600,37454,4,10,2026-06-05 20:29:00,2026-06-05 20:32:00,2026-06-05 20:50:00,UPI,Delivered,15,21,True,1620.0,6
601,22869,2,189,2026-06-29 22:44:00,2026-06-29 22:48:00,2026-06-29 22:57:00,UPI,Delivered,15,13,False,834.0,3
602,23992,8,120,2026-06-27 12:05:00,2026-06-27 12:07:00,2026-06-27 12:24:00,COD,Delivered,15,19,True,299.0,4
603,37703,20,119,2026-06-04 20:15:00,2026-06-04 20:17:00,2026-06-04 20:32:00,UPI,Delivered,15,17,True,2409.0,9
604,42315,15,62,2026-06-21 20:20:00,2026-06-21 20:23:00,2026-06-21 20:38:00,UPI,Delivered,15,18,True,966.0,6
605,41413,12,148,2026-06-24 08:09:00,2026-06-24 08:13:00,2026-06-24 08:25:00,Card,Delivered,15,16,True,1054.0,9
606,22488,14,130,2026-06-02 18:11:00,2026-06-02 18:14:00,2026-06-02 18:31:00,COD,Delivered,15,20,True,416.0,1
607,46578,3,159,2026-06-06 14:05:00,2026-06-06 14:10:00,2026-06-06 14:23:00,UPI,Delivered,15,18,True,1470.0,6
608,18854,5,37,2026-06-13 19:23:00,2026-06-13 19:27:00,2026-06-13 19:35:00,UPI,Delivered,15,12,False,2129.0,10
609,47582,14,56,2026-06-12 19:52:00,2026-06-12 19:57:00,2026-06-12 20:18:00,UPI,Delivered,15,26,True,1478.0,5
610,13558,13,116,2026-06-29 15:54:00,2026-06-29 15:57:00,2026-06-29 16:05:00,COD,Delivered,15,11,False,924.0,6
611,23696,15,141,2026-06-15 20:39:00,2026-06-15 20:41:00,2026-06-15 21:00:00,UPI,Delivered,15,21,True,2530.0,11
612,39400,5,193,2026-06-24 20:31:00,2026-06-24 20:34:00,2026-06-24 20:52:00,UPI,Delivered,15,21,True,2511.0,8
613,43265,18,192,2026-06-08 12:56:00,2026-06-08 12:59:00,2026-06-08 13:10:00,Card,Delivered,15,14,False,1409.0,5
614,15257,8,152,2026-06-07 19:54:00,2026-06-07 19:58:00,2026-06-07 20:10:00,Wallet,Delivered,15,16,True,1253.0,4
615,12740,6,52,2026-06-10 13:42:00,2026-06-10 13:45:00,2026-06-10 13:56:00,COD,Delivered,15,14,False,1545.0,7
616,49589,9,96,2026-06-01 18:36:00,2026-06-01 18:38:00,2026-06-01 18:48:00,Card,Delivered,15,12,False,1306.0,9
617,24728,2,188,2026-06-28 19:13:00,2026-06-28 19:16:00,2026-06-28 19:39:00,UPI,Delivered,15,26,True,2709.0,10
618,42128,10,145,2026-06-16 13:18:00,2026-06-16 13:23:00,2026-06-16 13:38:00,UPI,Delivered,15,20,True,915.0,6
619,41754,17,147,2026-06-28 21:34:00,2026-06-28 21:38:00,2026-06-28 21:49:00,UPI,Delivered,15,15,False,1726.0,5
620,49266,18,117,2026-06-29 19:10:00,2026-06-29 19:14:00,2026-06-29 19:26:00,UPI,Delivered,15,16,True,600.0,2
621,39676,8,120,2026-06-16 21:19:00,2026-06-16 21:23:00,2026-06-16 21:32:00,COD,Delivered,15,13,False,2354.0,8
622,42861,5,153,2026-06-13 18:15:00,2026-06-13 18:18:00,2026-06-13 18:24:00,UPI,Delivered,15,9,False,717.0,8
623,46954,3,142,2026-06-05 19:23:00,2026-06-05 19:26:00,2026-06-05 19:42:00,COD,Delivered,15,19,True,118.0,2
624,48691,2,109,2026-06-23 19:56:00,2026-06-23 19:58:00,2026-06-23 20:20:00,UPI,Returned,15,24,True,1479.0,8
625,34421,15,141,2026-06-21 14:58:00,2026-06-21 15:02:00,2026-06-21 15:08:00,UPI,Delivered,15,10,False,528.0,2
626,38162,1,121,2026-06-21 18:57:00,2026-06-21 19:01:00,2026-06-21 19:11:00,UPI,Cancelled,15,14,False,669.0,3
627,16902,6,44,2026-06-05 18:09:00,2026-06-05 18:11:00,2026-06-05 18:21:00,COD,Delivered,15,12,False,2257.0,8
628,19380,13,33,2026-06-15 13:25:00,2026-06-15 13:30:00,2026-06-15 13:37:00,Wallet,Cancelled,15,12,False,107.0,1
629,13953,16,171,2026-06-02 22:16:00,2026-06-02 22:21:00,2026-06-02 22:31:00,UPI,Delivered,15,15,False,1887.0,8
630,11989,9,198,2026-06-23 21:11:00,2026-06-23 21:15:00,2026-06-23 21:20:00,COD,Delivered,15,9,False,2014.0,5
631,37906,4,157,2026-06-26 20:41:00,2026-06-26 20:44:00,2026-06-26 20:58:00,UPI,Delivered,15,17,True,906.0,6
632,22536,5,170,2026-06-18 20:57:00,2026-06-18 21:01:00,2026-06-18 21:10:00,UPI,Delivered,15,13,False,102.0,1
633,39725,10,173,2026-06-29 20:22:00,2026-06-29 20:24:00,2026-06-29 20:38:00,UPI,Delivered,15,16,True,1642.0,6
634,34974,1,36,2026-06-06 14:30:00,2026-06-06 14:34:00,2026-06-06 14:43:00,UPI,Delivered,15,13,False,3271.0,14
635,18393,3,142,2026-06-22 15:05:00,2026-06-22 15:07:00,2026-06-22 15:19:00,Card,Delivered,15,14,False,1220.0,5
636,25565,6,6,2026-06-01 21:27:00,2026-06-01 21:30:00,2026-06-01 21:43:00,Card,Delivered,15,16,True,746.0,2
637,22451,3,94,2026-06-04 20:03:00,2026-06-04 20:06:00,2026-06-04 20:14:00,Card,Delivered,15,11,False,729.0,6
638,48223,4,167,2026-06-14 13:32:00,2026-06-14 13:36:00,2026-06-14 13:48:00,Wallet,Delivered,15,16,True,905.0,5
639,18453,5,193,2026-06-09 13:59:00,2026-06-09 14:04:00,2026-06-09 14:14:00,COD,Delivered,15,15,False,1342.0,11
640,38827,11,64,2026-06-03 20:08:00,2026-06-03 20:10:00,2026-06-03 20:30:00,UPI,Delivered,15,22,True,2459.0,9
641,24502,20,58,2026-06-14 14:04:00,2026-06-14 14:07:00,2026-06-14 14:20:00,UPI,Delivered,15,16,True,2767.0,10
642,40807,2,14,2026-06-22 15:39:00,2026-06-22 15:42:00,2026-06-22 15:56:00,UPI,Delivered,15,17,True,489.0,3
643,49937,16,171,2026-06-18 20:24:00,2026-06-18 20:28:00,2026-06-18 20:41:00,COD,Delivered,15,17,True,1887.0,9
644,37137,17,3,2026-06-27 19:52:00,2026-06-27 19:56:00,2026-06-27 20:15:00,COD,Delivered,15,23,True,1062.0,7
645,16213,1,137,2026-06-04 20:03:00,2026-06-04 20:06:00,2026-06-04 20:26:00,Wallet,Delivered,15,23,True,816.0,3
646,15374,1,81,2026-06-08 10:18:00,2026-06-08 10:20:00,2026-06-08 10:32:00,UPI,Delivered,15,14,False,1668.0,7
647,42808,13,33,2026-06-09 13:00:00,2026-06-09 13:04:00,2026-06-09 13:17:00,UPI,Delivered,15,17,True,836.0,5
648,46756,12,115,2026-06-25 19:33:00,2026-06-25 19:37:00,2026-06-25 19:55:00,COD,Delivered,15,22,True,2616.0,10
649,26961,19,48,2026-06-04 11:16:00,2026-06-04 11:19:00,2026-06-04 11:32:00,UPI,Delivered,15,16,True,2643.0,10
650,41245,7,38,2026-06-08 12:29:00,2026-06-08 12:31:00,2026-06-08 12:44:00,Wallet,Delivered,15,15,False,1782.0,9
651,38748,17,2,2026-06-10 20:53:00,2026-06-10 20:57:00,2026-06-10 21:16:00,UPI,Cancelled,15,23,True,2400.0,7
652,13560,1,114,2026-06-04 11:54:00,2026-06-04 11:56:00,2026-06-04 12:08:00,UPI,Delivered,15,14,False,893.0,5
653,44792,6,111,2026-06-02 20:11:00,2026-06-02 20:13:00,2026-06-02 20:34:00,UPI,Delivered,15,23,True,189.0,1
654,42340,11,43,2026-06-30 10:56:00,2026-06-30 11:00:00,2026-06-30 11:08:00,UPI,Delivered,15,12,False,655.0,4
655,45222,13,65,2026-06-05 19:06:00,2026-06-05 19:11:00,2026-06-05 19:27:00,COD,Delivered,15,21,True,2234.0,10
656,47097,7,108,2026-06-23 18:53:00,2026-06-23 18:55:00,2026-06-23 19:05:00,UPI,Delivered,15,12,False,2211.0,7
657,41288,19,200,2026-06-13 13:54:00,2026-06-13 13:57:00,2026-06-13 14:09:00,UPI,Delivered,15,15,False,421.0,3
658,15561,8,152,2026-06-06 21:50:00,2026-06-06 21:52:00,2026-06-06 22:03:00,UPI,Cancelled,15,13,False,2548.0,11
659,17001,20,26,2026-06-16 13:51:00,2026-06-16 13:55:00,2026-06-16 14:08:00,Card,Delivered,15,17,True,594.0,4
660,38334,8,128,2026-06-19 15:15:00,2026-06-19 15:17:00,2026-06-19 15:28:00,Card,Delivered,15,13,False,199.0,1
661,25310,11,25,2026-06-11 19:43:00,2026-06-11 19:45:00,2026-06-11 20:01:00,UPI,Delivered,15,18,True,145.0,1
662,30803,9,96,2026-06-29 13:45:00,2026-06-29 13:49:00,2026-06-29 14:01:00,Card,Delivered,15,16,True,980.0,5
663,47132,2,73,2026-06-29 12:25:00,2026-06-29 12:29:00,2026-06-29 12:44:00,Card,Delivered,15,19,True,1298.0,4
664,13921,7,38,2026-06-10 20:06:00,2026-06-10 20:09:00,2026-06-10 20:28:00,UPI,Delivered,15,22,True,2097.0,9
665,45001,16,179,2026-06-05 14:33:00,2026-06-05 14:38:00,2026-06-05 14:52:00,UPI,Delivered,15,19,True,2589.0,12
666,43834,16,190,2026-06-21 10:06:00,2026-06-21 10:09:00,2026-06-21 10:20:00,UPI,Delivered,15,14,False,3153.0,12
667,37746,16,155,2026-06-30 20:33:00,2026-06-30 20:36:00,2026-06-30 20:53:00,Card,Cancelled,15,20,True,142.0,2
668,33163,17,3,2026-06-10 18:49:00,2026-06-10 18:52:00,2026-06-10 19:02:00,UPI,Delivered,15,13,False,333.0,3
669,12165,20,82,2026-06-19 12:45:00,2026-06-19 12:48:00,2026-06-19 13:06:00,UPI,Cancelled,15,21,True,2217.0,8
670,36660,20,58,2026-06-06 18:15:00,2026-06-06 18:18:00,2026-06-06 18:31:00,Wallet,Delivered,15,16,True,1784.0,8
671,23761,18,172,2026-06-26 13:04:00,2026-06-26 13:06:00,2026-06-26 13:21:00,UPI,Delivered,15,17,True,1548.0,6
672,23064,9,133,2026-06-20 15:12:00,2026-06-20 15:16:00,2026-06-20 15:26:00,COD,Delivered,15,14,False,642.0,2
673,12576,14,68,2026-06-04 21:28:00,2026-06-04 21:31:00,2026-06-04 21:39:00,COD,Returned,15,11,False,751.0,4
674,42845,1,81,2026-06-24 14:29:00,2026-06-24 14:34:00,2026-06-24 14:46:00,UPI,Delivered,15,17,True,727.0,5
675,22177,4,70,2026-06-18 20:44:00,2026-06-18 20:46:00,2026-06-18 20:58:00,UPI,Delivered,15,14,False,288.0,1
676,36762,5,151,2026-06-05 19:09:00,2026-06-05 19:11:00,2026-06-05 19:27:00,UPI,Delivered,15,18,True,504.0,3
677,13554,8,29,2026-06-16 21:05:00,2026-06-16 21:08:00,2026-06-16 21:19:00,UPI,Delivered,15,14,False,742.0,4
678,32902,10,183,2026-06-26 19:37:00,2026-06-26 19:40:00,2026-06-26 19:58:00,COD,Delivered,15,21,True,2900.0,8
679,48614,18,117,2026-06-03 20:59:00,2026-06-03 21:03:00,2026-06-03 21:22:00,UPI,Delivered,15,23,True,777.0,5
680,16550,8,120,2026-06-17 14:29:00,2026-06-17 14:33:00,2026-06-17 14:42:00,Card,Delivered,15,13,False,1200.0,7
681,13534,15,156,2026-06-12 20:58:00,2026-06-12 21:02:00,2026-06-12 21:14:00,COD,Delivered,15,16,True,3066.0,9
682,44461,1,88,2026-06-15 17:52:00,2026-06-15 17:55:00,2026-06-15 18:05:00,UPI,Delivered,15,13,False,1396.0,5
683,23825,5,170,2026-06-17 19:19:00,2026-06-17 19:21:00,2026-06-17 19:33:00,UPI,Delivered,15,14,False,1749.0,5
684,38766,19,143,2026-06-11 18:13:00,2026-06-11 18:15:00,2026-06-11 18:29:00,UPI,Delivered,15,16,True,1908.0,8
685,30285,15,163,2026-06-06 21:01:00,2026-06-06 21:06:00,2026-06-06 21:18:00,UPI,Delivered,15,17,True,1244.0,9
686,30353,4,10,2026-06-05 20:55:00,2026-06-05 20:57:00,2026-06-05 21:14:00,UPI,Cancelled,15,19,True,941.0,4
687,20185,16,199,2026-06-08 20:34:00,2026-06-08 20:36:00,2026-06-08 20:51:00,Card,Delivered,15,17,True,98.0,1
688,23635,13,13,2026-06-03 20:15:00,2026-06-03 20:19:00,2026-06-03 20:36:00,Card,Delivered,15,21,True,2168.0,10
689,13567,4,70,2026-06-25 17:14:00,2026-06-25 17:16:00,2026-06-25 17:29:00,Card,Delivered,15,15,False,1299.0,3
690,10142,7,108,2026-06-30 14:39:00,2026-06-30 14:42:00,2026-06-30 14:50:00,UPI,Delivered,15,11,False,774.0,3
691,21746,20,26,2026-06-10 13:24:00,2026-06-10 13:27:00,2026-06-10 13:42:00,UPI,Delivered,15,18,True,314.0,2
692,25058,15,163,2026-06-16 15:02:00,2026-06-16 15:04:00,2026-06-16 15:18:00,UPI,Delivered,15,16,True,923.0,8
693,35558,11,64,2026-06-20 20:46:00,2026-06-20 20:51:00,2026-06-20 21:08:00,UPI,Delivered,15,22,True,1324.0,4
694,11055,16,171,2026-06-13 13:34:00,2026-06-13 13:37:00,2026-06-13 13:52:00,UPI,Delivered,15,18,True,2351.0,7
695,40440,10,51,2026-06-23 19:12:00,2026-06-23 19:17:00,2026-06-23 19:33:00,UPI,Delivered,15,21,True,619.0,3
696,28064,19,160,2026-06-28 13:40:00,2026-06-28 13:44:00,2026-06-28 13:56:00,UPI,Delivered,15,16,True,1041.0,3
697,43202,6,80,2026-06-08 20:51:00,2026-06-08 20:53:00,2026-06-08 21:10:00,UPI,Delivered,15,19,True,278.0,1
698,20220,5,123,2026-06-14 19:14:00,2026-06-14 19:17:00,2026-06-14 19:38:00,UPI,Delivered,15,24,True,2182.0,10
699,30335,19,12,2026-06-25 14:19:00,2026-06-25 14:21:00,2026-06-25 14:31:00,COD,Delivered,15,12,False,723.0,4
700,29123,18,172,2026-06-24 14:17:00,2026-06-24 14:22:00,2026-06-24 14:32:00,Card,Delivered,15,15,False,2644.0,8
701,36019,20,150,2026-06-30 11:36:00,2026-06-30 11:39:00,2026-06-30 11:49:00,UPI,Delivered,15,13,False,2940.0,9
702,22325,12,146,2026-06-04 19:02:00,2026-06-04 19:05:00,2026-06-04 19:21:00,Wallet,Delivered,15,19,True,354.0,3
703,20683,7,75,2026-06-23 20:57:00,2026-06-23 21:00:00,2026-06-23 21:19:00,UPI,Delivered,15,22,True,413.0,1
704,29632,4,157,2026-06-08 18:19:00,2026-06-08 18:23:00,2026-06-08 18:35:00,UPI,Delivered,15,16,True,1425.0,4
705,17267,4,175,2026-06-08 20:50:00,2026-06-08 20:54:00,2026-06-08 21:08:00,UPI,Delivered,15,18,True,1003.0,4
706,37077,20,72,2026-06-14 12:27:00,2026-06-14 12:31:00,2026-06-14 12:44:00,UPI,Delivered,15,17,True,779.0,7
707,34513,5,123,2026-06-27 11:50:00,2026-06-27 11:52:00,2026-06-27 12:04:00,Wallet,Delivered,15,14,False,2586.0,10
708,26658,7,101,2026-06-24 12:04:00,2026-06-24 12:09:00,2026-06-24 12:19:00,Card,Delivered,15,15,False,1733.0,9
709,29580,14,197,2026-06-15 21:06:00,2026-06-15 21:09:00,2026-06-15 21:17:00,COD,Delivered,15,11,False,2931.0,11
710,47752,15,187,2026-06-02 20:09:00,2026-06-02 20:13:00,2026-06-02 20:34:00,UPI,Delivered,15,25,True,986.0,3
711,32857,12,135,2026-06-04 21:03:00,2026-06-04 21:05:00,2026-06-04 21:14:00,Card,Delivered,15,11,False,1366.0,7
712,30992,3,69,2026-06-10 20:10:00,2026-06-10 20:14:00,2026-06-10 20:30:00,Card,Delivered,15,20,True,726.0,2
713,33542,16,171,2026-06-04 20:58:00,2026-06-04 21:03:00,2026-06-04 21:25:00,Wallet,Delivered,15,27,True,2415.0,8
714,34100,9,96,2026-06-17 11:06:00,2026-06-17 11:08:00,2026-06-17 11:19:00,COD,Delivered,15,13,False,2625.0,8
715,49499,18,42,2026-06-22 20:22:00,2026-06-22 20:26:00,2026-06-22 20:51:00,UPI,Delivered,15,29,True,504.0,2
716,43620,20,84,2026-06-29 18:22:00,2026-06-29 18:27:00,2026-06-29 18:38:00,UPI,Delivered,15,16,True,2470.0,8
717,36251,11,43,2026-06-03 21:03:00,2026-06-03 21:05:00,2026-06-03 21:17:00,UPI,Delivered,15,14,False,1062.0,3
718,17552,11,103,2026-06-04 17:11:00,2026-06-04 17:14:00,2026-06-04 17:24:00,UPI,Delivered,15,13,False,1931.0,6
719,42681,3,87,2026-06-07 21:50:00,2026-06-07 21:54:00,2026-06-07 22:07:00,UPI,Delivered,15,17,True,140.0,2
720,17747,18,117,2026-06-23 10:29:00,2026-06-23 10:34:00,2026-06-23 10:45:00,UPI,Delivered,15,16,True,1455.0,5
721,20172,5,193,2026-06-18 11:13:00,2026-06-18 11:15:00,2026-06-18 11:23:00,COD,Delivered,15,10,False,2262.0,9
722,17060,13,161,2026-06-14 17:39:00,2026-06-14 17:42:00,2026-06-14 17:51:00,UPI,Delivered,15,12,False,549.0,3
723,34378,1,88,2026-06-12 19:12:00,2026-06-12 19:15:00,2026-06-12 19:38:00,UPI,Delivered,15,26,True,1738.0,6
724,18025,6,80,2026-06-12 13:23:00,2026-06-12 13:26:00,2026-06-12 13:36:00,COD,Delivered,15,13,False,123.0,3
725,22066,9,133,2026-06-12 12:06:00,2026-06-12 12:08:00,2026-06-12 12:24:00,UPI,Delivered,15,18,True,1972.0,7
726,15185,6,165,2026-06-27 19:41:00,2026-06-27 19:45:00,2026-06-27 20:03:00,UPI,Delivered,15,22,True,423.0,6
727,34140,18,140,2026-06-22 13:40:00,2026-06-22 13:44:00,2026-06-22 13:55:00,UPI,Cancelled,15,15,False,2301.0,12
728,39033,2,98,2026-06-12 13:44:00,2026-06-12 13:47:00,2026-06-12 14:01:00,COD,Delivered,15,17,True,712.0,2
729,13741,20,139,2026-06-13 21:35:00,2026-06-13 21:37:00,2026-06-13 21:48:00,UPI,Delivered,15,13,False,1250.0,4
730,14857,16,155,2026-06-30 19:11:00,2026-06-30 19:16:00,2026-06-30 19:33:00,UPI,Delivered,15,22,True,1770.0,8
731,30283,13,13,2026-06-13 22:06:00,2026-06-13 22:09:00,2026-06-13 22:18:00,UPI,Delivered,15,12,False,1631.0,6
732,23418,18,192,2026-06-17 19:28:00,2026-06-17 19:30:00,2026-06-17 19:47:00,Card,Delivered,15,19,True,1433.0,8
733,20174,11,17,2026-06-14 12:01:00,2026-06-14 12:06:00,2026-06-14 12:22:00,COD,Delivered,15,21,True,1849.0,7
734,37032,15,21,2026-06-16 13:01:00,2026-06-16 13:06:00,2026-06-16 13:19:00,UPI,Delivered,15,18,True,1861.0,9
735,38051,20,119,2026-06-19 14:49:00,2026-06-19 14:53:00,2026-06-19 15:04:00,UPI,Delivered,15,15,False,3839.0,11
736,26054,14,169,2026-06-20 13:44:00,2026-06-20 13:47:00,2026-06-20 14:01:00,UPI,Delivered,15,17,True,907.0,4
737,39382,1,88,2026-06-02 11:52:00,2026-06-02 11:57:00,2026-06-02 12:06:00,Card,Delivered,15,14,False,2687.0,10
738,36873,20,26,2026-06-11 19:01:00,2026-06-11 19:06:00,2026-06-11 19:15:00,UPI,Delivered,15,14,False,317.0,3
739,33005,16,179,2026-06-30 13:44:00,2026-06-30 13:49:00,2026-06-30 14:02:00,UPI,Delivered,15,18,True,673.0,2
740,19351,4,167,2026-06-19 11:33:00,2026-06-19 11:37:00,2026-06-19 11:46:00,COD,Delivered,15,13,False,1905.0,10
741,29269,9,133,2026-06-05 21:23:00,2026-06-05 21:25:00,2026-06-05 21:35:00,UPI,Delivered,15,12,False,257.0,1
742,41739,9,198,2026-06-21 13:16:00,2026-06-21 13:18:00,2026-06-21 13:32:00,Wallet,Delivered,15,16,True,132.0,1
743,34694,14,132,2026-06-01 14:47:00,2026-06-01 14:51:00,2026-06-01 15:02:00,COD,Delivered,15,15,False,1916.0,9
744,25211,5,170,2026-06-27 19:02:00,2026-06-27 19:06:00,2026-06-27 19:23:00,Card,Delivered,15,21,True,1307.0,6
745,41781,8,128,2026-06-28 20:27:00,2026-06-28 20:30:00,2026-06-28 20:44:00,UPI,Delivered,15,17,True,2552.0,7
746,12602,8,29,2026-06-28 10:23:00,2026-06-28 10:25:00,2026-06-28 10:36:00,UPI,Delivered,15,13,False,1035.0,6
747,31704,16,155,2026-06-17 18:19:00,2026-06-17 18:23:00,2026-06-17 18:33:00,Card,Delivered,15,14,False,1481.0,7
748,14339,12,148,2026-06-06 14:45:00,2026-06-06 14:49:00,2026-06-06 15:00:00,UPI,Delivered,15,15,False,652.0,3
749,14662,3,87,2026-06-25 21:45:00,2026-06-25 21:49:00,2026-06-25 21:57:00,Card,Delivered,15,12,False,1357.0,8
750,35378,13,116,2026-06-01 19:18:00,2026-06-01 19:22:00,2026-06-01 19:34:00,UPI,Delivered,15,16,True,828.0,8
751,21884,2,50,2026-06-12 19:32:00,2026-06-12 19:34:00,2026-06-12 19:48:00,UPI,Delivered,15,16,True,1122.0,6
752,13763,4,77,2026-06-19 13:16:00,2026-06-19 13:18:00,2026-06-19 13:34:00,Card,Delivered,15,18,True,1290.0,3
753,21881,5,153,2026-06-20 12:12:00,2026-06-20 12:16:00,2026-06-20 12:27:00,Card,Returned,15,15,False,2454.0,10
754,46868,6,90,2026-06-23 19:36:00,2026-06-23 19:38:00,2026-06-23 19:55:00,Card,Delivered,15,19,True,1339.0,8
755,23130,11,184,2026-06-02 21:03:00,2026-06-02 21:05:00,2026-06-02 21:19:00,Wallet,Delivered,15,16,True,1176.0,4
756,19948,1,121,2026-06-13 20:22:00,2026-06-13 20:25:00,2026-06-13 20:45:00,Wallet,Returned,15,23,True,1267.0,7
757,18514,13,161,2026-06-18 20:17:00,2026-06-18 20:20:00,2026-06-18 20:33:00,UPI,Delivered,15,16,True,978.0,8
758,45355,19,149,2026-06-05 18:37:00,2026-06-05 18:39:00,2026-06-05 18:51:00,UPI,Delivered,15,14,False,1969.0,7
759,23150,20,139,2026-06-13 21:56:00,2026-06-13 22:00:00,2026-06-13 22:12:00,Card,Delivered,15,16,True,1870.0,8
760,20984,3,159,2026-06-03 11:52:00,2026-06-03 11:57:00,2026-06-03 12:04:00,COD,Cancelled,15,12,False,567.0,4
761,38684,13,13,2026-06-01 13:08:00,2026-06-01 13:10:00,2026-06-01 13:20:00,UPI,Delivered,15,12,False,1245.0,5
762,47185,1,46,2026-06-26 19:47:00,2026-06-26 19:50:00,2026-06-26 20:03:00,UPI,Delivered,15,16,True,1363.0,7
763,29335,2,112,2026-06-17 19:13:00,2026-06-17 19:16:00,2026-06-17 19:30:00,Card,Delivered,15,17,True,2117.0,11
764,47102,12,39,2026-06-12 12:44:00,2026-06-12 12:46:00,2026-06-12 12:54:00,UPI,Delivered,15,10,False,519.0,3
765,32334,4,175,2026-06-15 09:13:00,2026-06-15 09:15:00,2026-06-15 09:25:00,Card,Delivered,15,12,False,1761.0,7
766,26479,20,82,2026-06-28 11:50:00,2026-06-28 11:53:00,2026-06-28 12:07:00,UPI,Delivered,15,17,True,182.0,1
767,42634,14,130,2026-06-04 18:52:00,2026-06-04 18:55:00,2026-06-04 19:03:00,UPI,Delivered,15,11,False,1440.0,7
768,41020,6,90,2026-06-29 19:37:00,2026-06-29 19:39:00,2026-06-29 19:58:00,Card,Delivered,15,21,True,1329.0,5
769,35592,14,7,2026-06-13 19:35:00,2026-06-13 19:37:00,2026-06-13 19:59:00,Wallet,Delivered,15,24,True,2144.0,10
770,18708,1,36,2026-06-29 22:57:00,2026-06-29 23:00:00,2026-06-29 23:12:00,Card,Delivered,15,15,False,1432.0,5
771,45510,12,194,2026-06-29 17:59:00,2026-06-29 18:01:00,2026-06-29 18:12:00,COD,Delivered,15,13,False,2386.0,9
772,40029,19,177,2026-06-27 19:43:00,2026-06-27 19:48:00,2026-06-27 20:01:00,UPI,Delivered,15,18,True,2622.0,12
773,14839,14,7,2026-06-30 11:46:00,2026-06-30 11:48:00,2026-06-30 11:57:00,Wallet,Delivered,15,11,False,1579.0,7
774,20860,12,18,2026-06-19 18:57:00,2026-06-19 18:59:00,2026-06-19 19:12:00,Wallet,Delivered,15,15,False,1617.0,5
775,39572,7,75,2026-06-26 20:57:00,2026-06-26 20:59:00,2026-06-26 21:18:00,UPI,Delivered,15,21,True,191.0,1
776,12082,18,105,2026-06-12 12:05:00,2026-06-12 12:07:00,2026-06-12 12:20:00,UPI,Delivered,15,15,False,566.0,2
777,45538,1,46,2026-06-08 19:55:00,2026-06-08 19:57:00,2026-06-08 20:12:00,COD,Delivered,15,17,True,865.0,4
778,37635,5,170,2026-06-12 20:04:00,2026-06-12 20:08:00,2026-06-12 20:22:00,COD,Delivered,15,18,True,2472.0,7
779,16290,3,94,2026-06-05 19:03:00,2026-06-05 19:08:00,2026-06-05 19:20:00,COD,Delivered,15,17,True,507.0,5
780,28373,14,169,2026-06-05 20:53:00,2026-06-05 20:57:00,2026-06-05 21:14:00,UPI,Delivered,15,21,True,528.0,2
781,47565,7,158,2026-06-12 22:31:00,2026-06-12 22:34:00,2026-06-12 22:43:00,UPI,Delivered,15,12,False,66.0,3
782,31289,18,105,2026-06-28 20:06:00,2026-06-28 20:10:00,2026-06-28 20:23:00,Card,Delivered,15,17,True,1374.0,7
783,16458,11,43,2026-06-16 19:33:00,2026-06-16 19:36:00,2026-06-16 19:50:00,UPI,Cancelled,15,17,True,480.0,3
784,38022,17,147,2026-06-28 20:00:00,2026-06-28 20:03:00,2026-06-28 20:18:00,Wallet,Delivered,15,18,True,2053.0,10
785,42128,3,159,2026-06-25 20:51:00,2026-06-25 20:54:00,2026-06-25 21:08:00,Wallet,Delivered,15,17,True,491.0,4
786,15839,10,145,2026-06-16 21:40:00,2026-06-16 21:45:00,2026-06-16 21:56:00,UPI,Delivered,15,16,True,2154.0,6
787,10345,13,154,2026-06-11 20:51:00,2026-06-11 20:56:00,2026-06-11 21:09:00,UPI,Delivered,15,18,True,347.0,5
788,35237,2,14,2026-06-07 20:06:00,2026-06-07 20:11:00,2026-06-07 20:32:00,UPI,Delivered,15,26,True,84.0,2
789,46357,8,128,2026-06-26 13:32:00,2026-06-26 13:35:00,2026-06-26 13:49:00,Card,Delivered,15,17,True,1238.0,5
790,37772,6,71,2026-06-12 13:58:00,2026-06-12 14:00:00,2026-06-12 14:16:00,Card,Delivered,15,18,True,597.0,4
791,44192,9,198,2026-06-07 19:45:00,2026-06-07 19:48:00,2026-06-07 20:00:00,UPI,Delivered,15,15,False,2258.0,8
792,29077,6,52,2026-06-29 17:14:00,2026-06-29 17:19:00,2026-06-29 17:31:00,UPI,Delivered,15,17,True,776.0,2
793,45962,13,61,2026-06-28 15:31:00,2026-06-28 15:36:00,2026-06-28 15:47:00,UPI,Delivered,15,16,True,1883.0,8
794,22851,13,166,2026-06-05 18:50:00,2026-06-05 18:55:00,2026-06-05 19:02:00,UPI,Delivered,15,12,False,1659.0,4
795,18418,10,67,2026-06-28 21:55:00,2026-06-28 21:58:00,2026-06-28 22:09:00,UPI,Delivered,15,14,False,26.0,1
796,39886,20,16,2026-06-23 13:52:00,2026-06-23 13:55:00,2026-06-23 14:10:00,UPI,Cancelled,15,18,True,681.0,7
797,40045,2,99,2026-06-12 19:47:00,2026-06-12 19:51:00,2026-06-12 20:01:00,Card,Cancelled,15,14,False,837.0,4
798,18426,18,105,2026-06-01 20:13:00,2026-06-01 20:18:00,2026-06-01 20:41:00,UPI,Delivered,15,28,True,705.0,3
799,10487,6,181,2026-06-18 20:38:00,2026-06-18 20:42:00,2026-06-18 20:54:00,UPI,Delivered,15,16,True,1200.0,6
800,30207,2,73,2026-06-17 18:15:00,2026-06-17 18:20:00,2026-06-17 18:29:00,UPI,Delivered,15,14,False,1975.0,10
801,46548,7,158,2026-06-13 08:11:00,2026-06-13 08:14:00,2026-06-13 08:22:00,UPI,Delivered,15,11,False,1054.0,6
802,27909,6,181,2026-06-08 19:19:00,2026-06-08 19:24:00,2026-06-08 19:42:00,UPI,Delivered,15,23,True,2407.0,10
803,30240,17,59,2026-06-06 21:07:00,2026-06-06 21:09:00,2026-06-06 21:20:00,Wallet,Delivered,15,13,False,812.0,9
804,46947,18,168,2026-06-03 18:41:00,2026-06-03 18:44:00,2026-06-03 18:58:00,UPI,Delivered,15,17,True,1764.0,5
805,40024,11,104,2026-06-08 21:06:00,2026-06-08 21:08:00,2026-06-08 21:17:00,Card,Cancelled,15,11,False,1192.0,4
806,43505,3,186,2026-06-19 19:26:00,2026-06-19 19:28:00,2026-06-19 19:47:00,UPI,Delivered,15,21,True,1941.0,9
807,17822,16,190,2026-06-05 14:56:00,2026-06-05 15:00:00,2026-06-05 15:07:00,UPI,Delivered,15,11,False,1631.0,7
808,13778,9,133,2026-06-24 20:13:00,2026-06-24 20:16:00,2026-06-24 20:31:00,UPI,Delivered,15,18,True,3735.0,12
809,47419,5,151,2026-06-07 19:45:00,2026-06-07 19:48:00,2026-06-07 19:59:00,UPI,Delivered,15,14,False,706.0,2
810,12061,3,94,2026-06-16 11:27:00,2026-06-16 11:30:00,2026-06-16 11:42:00,UPI,Delivered,15,15,False,492.0,3
811,27515,15,187,2026-06-04 22:39:00,2026-06-04 22:41:00,2026-06-04 22:52:00,Card,Delivered,15,13,False,2321.0,13
812,20800,16,155,2026-06-18 20:23:00,2026-06-18 20:28:00,2026-06-18 20:37:00,UPI,Delivered,15,14,False,700.0,6
813,48898,3,142,2026-06-19 17:32:00,2026-06-19 17:36:00,2026-06-19 17:50:00,UPI,Delivered,15,18,True,294.0,3
814,36914,12,115,2026-06-07 19:13:00,2026-06-07 19:18:00,2026-06-07 19:24:00,UPI,Delivered,15,11,False,608.0,5
815,39760,12,115,2026-06-06 21:58:00,2026-06-06 22:01:00,2026-06-06 22:12:00,Wallet,Delivered,15,14,False,3885.0,13
816,28648,8,152,2026-06-25 17:04:00,2026-06-25 17:07:00,2026-06-25 17:16:00,UPI,Delivered,15,12,False,610.0,5
817,13347,5,35,2026-06-22 20:01:00,2026-06-22 20:05:00,2026-06-22 20:25:00,Card,Delivered,15,24,True,1203.0,7
818,44927,13,13,2026-06-21 19:25:00,2026-06-21 19:29:00,2026-06-21 19:38:00,UPI,Cancelled,15,13,False,838.0,4
819,17290,10,32,2026-06-20 19:57:00,2026-06-20 20:01:00,2026-06-20 20:16:00,Wallet,Cancelled,15,19,True,55.0,3
820,14486,8,152,2026-06-11 21:42:00,2026-06-11 21:46:00,2026-06-11 21:55:00,Card,Delivered,15,13,False,1766.0,5
821,40434,13,154,2026-06-16 18:48:00,2026-06-16 18:52:00,2026-06-16 19:00:00,COD,Delivered,15,12,False,1557.0,4
822,33801,1,36,2026-06-25 21:39:00,2026-06-25 21:42:00,2026-06-25 21:53:00,Wallet,Delivered,15,14,False,2662.0,7
823,48694,8,120,2026-06-12 20:51:00,2026-06-12 20:56:00,2026-06-12 21:01:00,UPI,Delivered,15,10,False,480.0,3
824,46385,6,80,2026-06-21 21:14:00,2026-06-21 21:17:00,2026-06-21 21:28:00,UPI,Delivered,15,14,False,608.0,9
825,27726,18,105,2026-06-25 13:39:00,2026-06-25 13:41:00,2026-06-25 13:55:00,Card,Delivered,15,16,True,964.0,5
826,48256,11,104,2026-06-07 21:28:00,2026-06-07 21:31:00,2026-06-07 21:38:00,UPI,Delivered,15,10,False,2009.0,8
827,35378,16,155,2026-06-23 14:33:00,2026-06-23 14:35:00,2026-06-23 14:46:00,UPI,Delivered,15,13,False,1386.0,4
828,32759,11,17,2026-06-13 21:07:00,2026-06-13 21:11:00,2026-06-13 21:20:00,COD,Delivered,15,13,False,283.0,1
829,47509,4,77,2026-06-29 19:10:00,2026-06-29 19:15:00,2026-06-29 19:27:00,Card,Delivered,15,17,True,665.0,2
830,21771,20,5,2026-06-25 20:37:00,2026-06-25 20:39:00,2026-06-25 20:54:00,Wallet,Delivered,15,17,True,543.0,4
831,44388,16,155,2026-06-15 13:37:00,2026-06-15 13:41:00,2026-06-15 13:58:00,COD,Delivered,15,21,True,694.0,2
832,17944,6,165,2026-06-22 21:48:00,2026-06-22 21:51:00,2026-06-22 22:03:00,UPI,Delivered,15,15,False,602.0,3
833,31924,3,186,2026-06-10 17:52:00,2026-06-10 17:54:00,2026-06-10 18:03:00,UPI,Delivered,15,11,False,2069.0,11
834,47879,8,120,2026-06-16 20:37:00,2026-06-16 20:40:00,2026-06-16 20:57:00,COD,Delivered,15,20,True,1089.0,3
835,44482,1,114,2026-06-12 19:24:00,2026-06-12 19:26:00,2026-06-12 19:42:00,UPI,Delivered,15,18,True,1702.0,7
836,32284,8,152,2026-06-29 21:30:00,2026-06-29 21:33:00,2026-06-29 21:44:00,UPI,Delivered,15,14,False,1527.0,7
837,13446,9,96,2026-06-21 21:53:00,2026-06-21 21:56:00,2026-06-21 22:08:00,UPI,Delivered,15,15,False,2280.0,9
838,47871,17,59,2026-06-29 22:03:00,2026-06-29 22:06:00,2026-06-29 22:16:00,UPI,Delivered,15,13,False,1802.0,9
839,36365,3,94,2026-06-24 21:51:00,2026-06-24 21:55:00,2026-06-24 22:06:00,UPI,Delivered,15,15,False,2312.0,10
840,11994,13,13,2026-06-21 19:11:00,2026-06-21 19:14:00,2026-06-21 19:35:00,Card,Delivered,15,24,True,1008.0,3
841,22776,12,41,2026-06-28 21:00:00,2026-06-28 21:03:00,2026-06-28 21:15:00,UPI,Delivered,15,15,False,925.0,3
842,40974,13,65,2026-06-30 21:08:00,2026-06-30 21:11:00,2026-06-30 21:20:00,UPI,Cancelled,15,12,False,663.0,6
843,31166,10,78,2026-06-07 13:50:00,2026-06-07 13:54:00,2026-06-07 14:05:00,Card,Delivered,15,15,False,3165.0,11
844,33293,15,163,2026-06-21 21:32:00,2026-06-21 21:36:00,2026-06-21 21:47:00,UPI,Delivered,15,15,False,1341.0,6
845,25981,11,103,2026-06-08 20:59:00,2026-06-08 21:01:00,2026-06-08 21:13:00,UPI,Delivered,15,14,False,24.0,1
846,47256,15,180,2026-06-30 20:38:00,2026-06-30 20:41:00,2026-06-30 21:00:00,UPI,Delivered,15,22,True,1336.0,7
847,26375,3,186,2026-06-26 13:57:00,2026-06-26 13:59:00,2026-06-26 14:13:00,Card,Delivered,15,16,True,929.0,5
848,34524,10,51,2026-06-15 22:17:00,2026-06-15 22:22:00,2026-06-15 22:29:00,Card,Delivered,15,12,False,146.0,2
849,14850,13,33,2026-06-14 22:35:00,2026-06-14 22:38:00,2026-06-14 22:50:00,UPI,Delivered,15,15,False,591.0,4
850,27089,17,3,2026-06-13 20:14:00,2026-06-13 20:16:00,2026-06-13 20:28:00,UPI,Delivered,15,14,False,1652.0,6
851,12924,16,171,2026-06-14 19:15:00,2026-06-14 19:20:00,2026-06-14 19:29:00,Card,Delivered,15,14,False,2858.0,11
852,16872,2,189,2026-06-24 13:37:00,2026-06-24 13:40:00,2026-06-24 13:56:00,COD,Delivered,15,19,True,1682.0,8
853,39827,1,121,2026-06-23 14:15:00,2026-06-23 14:17:00,2026-06-23 14:28:00,UPI,Cancelled,15,13,False,42.0,2
854,34624,19,149,2026-06-22 18:29:00,2026-06-22 18:32:00,2026-06-22 18:43:00,UPI,Cancelled,15,14,False,1590.0,7
855,37083,6,191,2026-06-06 19:31:00,2026-06-06 19:35:00,2026-06-06 19:51:00,Wallet,Delivered,15,20,True,2119.0,9
856,24510,5,151,2026-06-04 13:27:00,2026-06-04 13:32:00,2026-06-04 13:42:00,UPI,Delivered,15,15,False,1951.0,7
857,29715,16,171,2026-06-23 18:45:00,2026-06-23 18:49:00,2026-06-23 18:56:00,UPI,Delivered,15,11,False,120.0,1
858,46094,9,31,2026-06-11 17:52:00,2026-06-11 17:54:00,2026-06-11 18:05:00,UPI,Delivered,15,13,False,290.0,2
859,49745,17,59,2026-06-19 12:36:00,2026-06-19 12:39:00,2026-06-19 12:51:00,UPI,Returned,15,15,False,782.0,7
860,44535,20,84,2026-06-27 20:49:00,2026-06-27 20:51:00,2026-06-27 21:07:00,COD,Delivered,15,18,True,572.0,6
861,47864,19,48,2026-06-15 13:41:00,2026-06-15 13:44:00,2026-06-15 14:00:00,Wallet,Delivered,15,19,True,2619.0,13
862,18052,8,152,2026-06-24 11:37:00,2026-06-24 11:42:00,2026-06-24 11:50:00,COD,Delivered,15,13,False,2611.0,12
863,28346,15,163,2026-06-12 19:25:00,2026-06-12 19:29:00,2026-06-12 19:44:00,UPI,Delivered,15,19,True,2960.0,10
864,12930,7,162,2026-06-15 19:01:00,2026-06-15 19:06:00,2026-06-15 19:21:00,UPI,Delivered,15,20,True,2024.0,6
865,37962,8,152,2026-06-15 22:55:00,2026-06-15 23:00:00,2026-06-15 23:08:00,COD,Delivered,15,13,False,1312.0,8
866,38007,9,96,2026-06-29 19:25:00,2026-06-29 19:30:00,2026-06-29 19:48:00,UPI,Delivered,15,23,True,2427.0,11
867,47902,16,179,2026-06-26 13:55:00,2026-06-26 13:59:00,2026-06-26 14:11:00,UPI,Delivered,15,16,True,1973.0,8
868,33655,14,169,2026-06-12 20:42:00,2026-06-12 20:46:00,2026-06-12 21:04:00,UPI,Delivered,15,22,True,1146.0,11
869,34963,2,189,2026-06-09 12:57:00,2026-06-09 13:00:00,2026-06-09 13:16:00,COD,Delivered,15,19,True,1248.0,9
870,47355,17,106,2026-06-15 13:37:00,2026-06-15 13:41:00,2026-06-15 13:52:00,UPI,Delivered,15,15,False,1897.0,6
871,40676,20,26,2026-06-13 18:08:00,2026-06-13 18:13:00,2026-06-13 18:19:00,COD,Delivered,15,11,False,1788.0,6
872,48238,18,1,2026-06-26 21:17:00,2026-06-26 21:19:00,2026-06-26 21:30:00,COD,Returned,15,13,False,1502.0,10
873,16769,20,26,2026-06-21 21:14:00,2026-06-21 21:19:00,2026-06-21 21:29:00,UPI,Cancelled,15,15,False,2238.0,9
874,11070,10,129,2026-06-22 14:34:00,2026-06-22 14:37:00,2026-06-22 14:48:00,UPI,Delivered,15,14,False,1687.0,9
875,36450,16,171,2026-06-19 21:58:00,2026-06-19 22:00:00,2026-06-19 22:16:00,UPI,Delivered,15,18,True,508.0,2
876,48499,18,42,2026-06-08 20:33:00,2026-06-08 20:38:00,2026-06-08 20:54:00,UPI,Delivered,15,21,True,1763.0,11
877,37346,15,62,2026-06-19 14:38:00,2026-06-19 14:42:00,2026-06-19 14:51:00,UPI,Delivered,15,13,False,1408.0,7
878,17917,7,75,2026-06-19 22:19:00,2026-06-19 22:23:00,2026-06-19 22:31:00,UPI,Delivered,15,12,False,329.0,7
879,43851,16,155,2026-06-17 21:57:00,2026-06-17 21:59:00,2026-06-17 22:09:00,UPI,Delivered,15,12,False,2930.0,9
880,15555,14,132,2026-06-08 20:15:00,2026-06-08 20:18:00,2026-06-08 20:30:00,UPI,Delivered,15,15,False,1074.0,7
881,37904,17,59,2026-06-21 20:38:00,2026-06-21 20:42:00,2026-06-21 20:54:00,Card,Delivered,15,16,True,2306.0,11
882,15167,6,111,2026-06-26 22:35:00,2026-06-26 22:39:00,2026-06-26 22:49:00,Card,Delivered,15,14,False,1687.0,7
883,29262,6,23,2026-06-16 19:35:00,2026-06-16 19:40:00,2026-06-16 19:52:00,Card,Cancelled,15,17,True,1359.0,9
884,44618,10,126,2026-06-18 13:08:00,2026-06-18 13:10:00,2026-06-18 13:27:00,UPI,Delivered,15,19,True,2243.0,6
885,22562,10,126,2026-06-13 19:39:00,2026-06-13 19:44:00,2026-06-13 20:02:00,UPI,Delivered,15,23,True,2862.0,12
886,24212,20,55,2026-06-05 20:57:00,2026-06-05 21:02:00,2026-06-05 21:12:00,UPI,Returned,15,15,False,392.0,4
887,22742,6,80,2026-06-24 12:26:00,2026-06-24 12:31:00,2026-06-24 12:37:00,UPI,Delivered,15,11,False,624.0,2
888,39625,10,102,2026-06-25 10:10:00,2026-06-25 10:15:00,2026-06-25 10:25:00,COD,Cancelled,15,15,False,816.0,3
889,37875,8,128,2026-06-28 14:14:00,2026-06-28 14:18:00,2026-06-28 14:22:00,Card,Delivered,15,8,False,432.0,3
890,36855,5,153,2026-06-13 20:31:00,2026-06-13 20:35:00,2026-06-13 20:51:00,UPI,Delivered,15,20,True,1995.0,9
891,15620,15,163,2026-06-07 18:34:00,2026-06-07 18:38:00,2026-06-07 18:49:00,Wallet,Delivered,15,15,False,320.0,1
892,17939,17,30,2026-06-12 19:39:00,2026-06-12 19:43:00,2026-06-12 19:58:00,Card,Delivered,15,19,True,1236.0,9
893,12869,9,133,2026-06-21 20:10:00,2026-06-21 20:14:00,2026-06-21 20:38:00,UPI,Delivered,15,28,True,807.0,5
894,33507,15,156,2026-06-25 18:52:00,2026-06-25 18:56:00,2026-06-25 19:04:00,UPI,Delivered,15,12,False,1472.0,7
895,48580,20,26,2026-06-20 19:58:00,2026-06-20 20:01:00,2026-06-20 20:13:00,UPI,Delivered,15,15,False,1657.0,6
896,12960,15,187,2026-06-13 12:44:00,2026-06-13 12:49:00,2026-06-13 13:01:00,COD,Delivered,15,17,True,872.0,10
897,22830,13,61,2026-06-19 21:18:00,2026-06-19 21:21:00,2026-06-19 21:28:00,UPI,Delivered,15,10,False,1148.0,10
898,10984,10,122,2026-06-23 12:37:00,2026-06-23 12:41:00,2026-06-23 12:47:00,UPI,Delivered,15,10,False,2641.0,11
899,46785,9,198,2026-06-24 20:43:00,2026-06-24 20:46:00,2026-06-24 20:55:00,UPI,Delivered,15,12,False,2269.0,7
900,25459,6,71,2026-06-08 18:20:00,2026-06-08 18:22:00,2026-06-08 18:35:00,Wallet,Delivered,15,15,False,376.0,1
901,46649,11,43,2026-06-26 10:15:00,2026-06-26 10:19:00,2026-06-26 10:30:00,UPI,Delivered,15,15,False,454.0,2
902,45913,2,189,2026-06-14 14:21:00,2026-06-14 14:23:00,2026-06-14 14:37:00,COD,Delivered,15,16,True,516.0,3
903,36617,3,69,2026-06-28 20:47:00,2026-06-28 20:52:00,2026-06-28 21:06:00,Wallet,Delivered,15,19,True,2956.0,9
904,40369,18,42,2026-06-03 12:57:00,2026-06-03 13:00:00,2026-06-03 13:12:00,COD,Delivered,15,15,False,2308.0,11
905,37464,9,198,2026-06-25 13:48:00,2026-06-25 13:53:00,2026-06-25 14:01:00,Card,Delivered,15,13,False,410.0,5
906,13083,17,134,2026-06-03 20:11:00,2026-06-03 20:14:00,2026-06-03 20:22:00,UPI,Delivered,15,11,False,1359.0,7
907,10824,3,87,2026-06-03 20:03:00,2026-06-03 20:07:00,2026-06-03 20:23:00,UPI,Delivered,15,20,True,1555.0,7
908,16125,8,120,2026-06-22 20:24:00,2026-06-22 20:27:00,2026-06-22 20:45:00,UPI,Delivered,15,21,True,1728.0,7
909,10019,6,40,2026-06-28 19:01:00,2026-06-28 19:04:00,2026-06-28 19:28:00,UPI,Delivered,15,27,True,1455.0,9
910,30249,6,111,2026-06-24 17:06:00,2026-06-24 17:09:00,2026-06-24 17:21:00,Card,Delivered,15,15,False,1286.0,4
911,29148,4,175,2026-06-17 15:19:00,2026-06-17 15:22:00,2026-06-17 15:35:00,Card,Delivered,15,16,True,492.0,3
912,12407,7,83,2026-06-23 09:25:00,2026-06-23 09:28:00,2026-06-23 09:40:00,Card,Delivered,15,15,False,288.0,2
913,10115,14,197,2026-06-27 19:38:00,2026-06-27 19:41:00,2026-06-27 20:01:00,COD,Delivered,15,23,True,2003.0,5
914,32286,6,44,2026-06-05 18:38:00,2026-06-05 18:43:00,2026-06-05 18:51:00,UPI,Delivered,15,13,False,927.0,5
915,35135,8,152,2026-06-12 13:36:00,2026-06-12 13:41:00,2026-06-12 13:48:00,UPI,Delivered,15,12,False,680.0,4
916,30587,3,94,2026-06-29 21:13:00,2026-06-29 21:16:00,2026-06-29 21:27:00,Wallet,Delivered,15,14,False,1029.0,3
917,19991,3,159,2026-06-09 19:57:00,2026-06-09 20:01:00,2026-06-09 20:20:00,UPI,Cancelled,15,23,True,1572.0,8
918,26344,15,187,2026-06-05 13:12:00,2026-06-05 13:15:00,2026-06-05 13:28:00,COD,Cancelled,15,16,True,3164.0,10
919,27448,11,9,2026-06-30 12:26:00,2026-06-30 12:29:00,2026-06-30 12:45:00,Card,Delivered,15,19,True,3836.0,11
920,30608,10,95,2026-06-02 21:50:00,2026-06-02 21:54:00,2026-06-02 22:06:00,COD,Delivered,15,16,True,1493.0,5
921,16423,2,24,2026-06-22 17:54:00,2026-06-22 17:59:00,2026-06-22 18:08:00,UPI,Delivered,15,14,False,1263.0,6
922,18107,6,23,2026-06-09 11:33:00,2026-06-09 11:37:00,2026-06-09 11:44:00,UPI,Delivered,15,11,False,3213.0,12
923,30955,9,133,2026-06-29 22:42:00,2026-06-29 22:44:00,2026-06-29 22:53:00,UPI,Cancelled,15,11,False,2741.0,10
924,20936,12,18,2026-06-23 19:32:00,2026-06-23 19:35:00,2026-06-23 19:52:00,Card,Delivered,15,20,True,602.0,4
925,18641,14,68,2026-06-19 12:40:00,2026-06-19 12:42:00,2026-06-19 12:55:00,UPI,Delivered,15,15,False,1876.0,8
926,23671,3,186,2026-06-11 21:06:00,2026-06-11 21:10:00,2026-06-11 21:17:00,Wallet,Delivered,15,11,False,3253.0,10
927,49774,14,7,2026-06-30 20:32:00,2026-06-30 20:35:00,2026-06-30 20:52:00,UPI,Cancelled,15,20,True,1887.0,9
928,19236,11,103,2026-06-25 18:48:00,2026-06-25 18:53:00,2026-06-25 19:02:00,Card,Cancelled,15,14,False,201.0,3
929,31385,17,30,2026-06-06 20:46:00,2026-06-06 20:51:00,2026-06-06 21:03:00,UPI,Delivered,15,17,True,1727.0,9
930,11432,12,41,2026-06-07 18:37:00,2026-06-07 18:40:00,2026-06-07 18:48:00,UPI,Delivered,15,11,False,1968.0,7
931,25140,4,10,2026-06-02 17:29:00,2026-06-02 17:31:00,2026-06-02 17:45:00,Card,Delivered,15,16,True,2280.0,7
932,16602,14,68,2026-06-25 22:17:00,2026-06-25 22:22:00,2026-06-25 22:32:00,Card,Delivered,15,15,False,1291.0,5
933,35532,12,148,2026-06-12 17:12:00,2026-06-12 17:16:00,2026-06-12 17:27:00,UPI,Delivered,15,15,False,742.0,2
934,21713,10,32,2026-06-16 18:49:00,2026-06-16 18:53:00,2026-06-16 19:01:00,UPI,Delivered,15,12,False,2486.0,10
935,32370,14,197,2026-06-30 12:09:00,2026-06-30 12:12:00,2026-06-30 12:24:00,UPI,Delivered,15,15,False,3023.0,11
936,40414,13,116,2026-06-28 11:42:00,2026-06-28 11:46:00,2026-06-28 11:58:00,UPI,Delivered,15,16,True,3121.0,9
937,49946,5,170,2026-06-29 21:14:00,2026-06-29 21:17:00,2026-06-29 21:28:00,UPI,Returned,15,14,False,1192.0,7
938,23607,6,44,2026-06-03 10:10:00,2026-06-03 10:13:00,2026-06-03 10:24:00,Card,Delivered,15,14,False,435.0,3
939,44423,13,166,2026-06-19 12:01:00,2026-06-19 12:03:00,2026-06-19 12:18:00,UPI,Delivered,15,17,True,1926.0,6
940,32570,5,153,2026-06-17 20:37:00,2026-06-17 20:42:00,2026-06-17 20:52:00,UPI,Delivered,15,15,False,1447.0,4
941,48259,18,42,2026-06-11 20:34:00,2026-06-11 20:39:00,2026-06-11 21:05:00,UPI,Delivered,15,31,True,3853.0,14
942,16449,13,65,2026-06-04 18:49:00,2026-06-04 18:52:00,2026-06-04 18:59:00,COD,Delivered,15,10,False,1218.0,5
943,42157,19,91,2026-06-07 18:43:00,2026-06-07 18:47:00,2026-06-07 18:53:00,UPI,Delivered,15,10,False,703.0,3
944,32558,16,171,2026-06-24 14:20:00,2026-06-24 14:24:00,2026-06-24 14:35:00,Wallet,Delivered,15,15,False,774.0,6
945,29200,2,98,2026-06-17 19:53:00,2026-06-17 19:57:00,2026-06-17 20:15:00,COD,Delivered,15,22,True,921.0,3
946,39803,16,155,2026-06-24 11:28:00,2026-06-24 11:30:00,2026-06-24 11:40:00,UPI,Delivered,15,12,False,127.0,1
947,33641,8,29,2026-06-20 19:54:00,2026-06-20 19:57:00,2026-06-20 20:14:00,Card,Delivered,15,20,True,2598.0,11
948,25101,16,171,2026-06-16 19:01:00,2026-06-16 19:05:00,2026-06-16 19:16:00,Card,Delivered,15,15,False,825.0,3
949,22744,17,106,2026-06-16 12:05:00,2026-06-16 12:07:00,2026-06-16 12:19:00,COD,Delivered,15,14,False,2146.0,8
950,48257,17,30,2026-06-09 17:10:00,2026-06-09 17:12:00,2026-06-09 17:23:00,UPI,Cancelled,15,13,False,3874.0,12
951,24984,19,149,2026-06-21 13:21:00,2026-06-21 13:24:00,2026-06-21 13:38:00,Wallet,Delivered,15,17,True,680.0,4
952,24754,16,155,2026-06-11 18:47:00,2026-06-11 18:52:00,2026-06-11 18:59:00,UPI,Delivered,15,12,False,1552.0,4
953,44870,10,49,2026-06-02 20:25:00,2026-06-02 20:30:00,2026-06-02 20:40:00,COD,Delivered,15,15,False,1983.0,9
954,22953,10,32,2026-06-02 20:24:00,2026-06-02 20:29:00,2026-06-02 20:34:00,Card,Cancelled,15,10,False,2694.0,11
955,23416,10,138,2026-06-16 20:27:00,2026-06-16 20:32:00,2026-06-16 20:50:00,Wallet,Delivered,15,23,True,2517.0,8
956,45936,17,30,2026-06-20 19:51:00,2026-06-20 19:55:00,2026-06-20 20:17:00,UPI,Delivered,15,26,True,44.0,2
957,11978,12,39,2026-06-13 22:53:00,2026-06-13 22:58:00,2026-06-13 23:05:00,Card,Delivered,15,12,False,2314.0,8
958,14703,2,20,2026-06-29 19:09:00,2026-06-29 19:13:00,2026-06-29 19:31:00,COD,Delivered,15,22,True,2004.0,12
959,17277,7,101,2026-06-04 13:40:00,2026-06-04 13:42:00,2026-06-04 13:55:00,UPI,Delivered,15,15,False,3244.0,10
960,22525,11,184,2026-06-02 22:50:00,2026-06-02 22:54:00,2026-06-02 23:06:00,Card,Delivered,15,16,True,244.0,1
961,35101,6,60,2026-06-25 14:04:00,2026-06-25 14:09:00,2026-06-25 14:15:00,Wallet,Delivered,15,11,False,528.0,2
962,10321,15,163,2026-06-24 20:55:00,2026-06-24 20:57:00,2026-06-24 21:16:00,Card,Delivered,15,21,True,2073.0,8
963,16640,6,40,2026-06-26 21:53:00,2026-06-26 21:55:00,2026-06-26 22:08:00,UPI,Delivered,15,15,False,476.0,2
964,43039,11,184,2026-06-09 12:35:00,2026-06-09 12:39:00,2026-06-09 12:47:00,COD,Delivered,15,12,False,1452.0,6
965,26937,2,45,2026-06-22 21:06:00,2026-06-22 21:08:00,2026-06-22 21:22:00,UPI,Delivered,15,16,True,1701.0,8
966,43107,5,153,2026-06-15 11:28:00,2026-06-15 11:32:00,2026-06-15 11:40:00,COD,Delivered,15,12,False,1579.0,6
967,40867,20,16,2026-06-05 10:45:00,2026-06-05 10:47:00,2026-06-05 10:57:00,Wallet,Delivered,15,12,False,1320.0,5
968,13422,18,168,2026-06-26 19:48:00,2026-06-26 19:52:00,2026-06-26 20:02:00,Wallet,Delivered,15,14,False,1859.0,8
969,44853,6,90,2026-06-14 13:17:00,2026-06-14 13:21:00,2026-06-14 13:36:00,Card,Delivered,15,19,True,1832.0,11
970,28987,3,69,2026-06-10 13:43:00,2026-06-10 13:48:00,2026-06-10 14:02:00,UPI,Delivered,15,19,True,1959.0,10
971,20539,9,144,2026-06-09 10:28:00,2026-06-09 10:30:00,2026-06-09 10:40:00,UPI,Delivered,15,12,False,580.0,2
972,24404,9,144,2026-06-30 18:58:00,2026-06-30 19:02:00,2026-06-30 19:12:00,UPI,Delivered,15,14,False,630.0,2
973,10497,20,124,2026-06-06 20:55:00,2026-06-06 20:58:00,2026-06-06 21:09:00,UPI,Delivered,15,14,False,2817.0,12
974,29010,16,179,2026-06-13 19:44:00,2026-06-13 19:48:00,2026-06-13 19:59:00,UPI,Delivered,15,15,False,94.0,4
975,31146,9,96,2026-06-29 18:16:00,2026-06-29 18:18:00,2026-06-29 18:29:00,Card,Delivered,15,13,False,230.0,3
976,22695,1,46,2026-06-25 09:27:00,2026-06-25 09:31:00,2026-06-25 09:42:00,UPI,Delivered,15,15,False,232.0,1
977,22438,8,128,2026-06-22 18:33:00,2026-06-22 18:35:00,2026-06-22 18:48:00,Card,Delivered,15,15,False,839.0,7
978,27357,5,170,2026-06-09 10:30:00,2026-06-09 10:35:00,2026-06-09 10:48:00,UPI,Delivered,15,18,True,1388.0,5
979,23621,6,52,2026-06-24 18:57:00,2026-06-24 19:00:00,2026-06-24 19:12:00,COD,Delivered,15,15,False,460.0,2
980,13521,1,92,2026-06-09 19:03:00,2026-06-09 19:08:00,2026-06-09 19:21:00,UPI,Delivered,15,18,True,750.0,2
981,49089,10,183,2026-06-12 20:12:00,2026-06-12 20:17:00,2026-06-12 20:33:00,Card,Delivered,15,21,True,1351.0,5
982,33431,11,103,2026-06-02 22:40:00,2026-06-02 22:42:00,2026-06-02 22:53:00,Card,Delivered,15,13,False,1002.0,3
983,11495,20,58,2026-06-06 19:51:00,2026-06-06 19:56:00,2026-06-06 20:13:00,UPI,Delivered,15,22,True,2319.0,9
984,17739,12,4,2026-06-08 20:08:00,2026-06-08 20:10:00,2026-06-08 20:31:00,Wallet,Delivered,15,23,True,1596.0,6
985,37011,11,184,2026-06-22 19:53:00,2026-06-22 19:58:00,2026-06-22 20:12:00,Card,Delivered,15,19,True,1056.0,5
986,17695,20,127,2026-06-20 18:21:00,2026-06-20 18:23:00,2026-06-20 18:33:00,Card,Delivered,15,12,False,1693.0,7
987,27905,18,168,2026-06-10 13:37:00,2026-06-10 13:41:00,2026-06-10 13:53:00,Card,Delivered,15,16,True,777.0,3
988,41615,2,112,2026-06-15 14:07:00,2026-06-15 14:12:00,2026-06-15 14:25:00,Wallet,Delivered,15,18,True,674.0,5
989,35467,5,123,2026-06-08 15:17:00,2026-06-08 15:20:00,2026-06-08 15:29:00,UPI,Delivered,15,12,False,1563.0,11
990,13533,18,105,2026-06-15 21:02:00,2026-06-15 21:05:00,2026-06-15 21:13:00,UPI,Delivered,15,11,False,630.0,2
991,25364,15,21,2026-06-04 20:20:00,2026-06-04 20:22:00,2026-06-04 20:31:00,Card,Delivered,15,11,False,612.0,4
992,20477,6,165,2026-06-06 14:12:00,2026-06-06 14:16:00,2026-06-06 14:24:00,UPI,Delivered,15,12,False,1116.0,3
993,31032,6,40,2026-06-07 13:51:00,2026-06-07 13:53:00,2026-06-07 14:07:00,UPI,Returned,15,16,True,1403.0,6
994,24255,6,40,2026-06-19 20:14:00,2026-06-19 20:19:00,2026-06-19 20:37:00,UPI,Delivered,15,23,True,1179.0,7
995,27447,3,186,2026-06-29 12:56:00,2026-06-29 12:58:00,2026-06-29 13:16:00,UPI,Delivered,15,20,True,195.0,1
996,23722,9,198,2026-06-09 11:11:00,2026-06-09 11:16:00,2026-06-09 11:26:00,COD,Delivered,15,15,False,832.0,3
997,43580,14,7,2026-06-24 21:16:00,2026-06-24 21:18:00,2026-06-24 21:32:00,Card,Delivered,15,16,True,1284.0,6
998,48846,3,94,2026-06-14 19:01:00,2026-06-14 19:03:00,2026-06-14 19:21:00,COD,Delivered,15,20,True,1402.0,4
999,45698,14,131,2026-06-27 19:59:00,2026-06-27 20:02:00,2026-06-27 20:12:00,UPI,Delivered,15,13,False,1545.0,6
1000,39628,7,158,2026-06-24 18:32:00,2026-06-24 18:34:00,2026-06-24 18:51:00,Card,Delivered,15,19,True,1993.0,7
1001,40950,3,159,2026-06-23 20:59:00,2026-06-23 21:01:00,2026-06-23 21:15:00,Card,Delivered,15,16,True,435.0,3
1002,27121,18,42,2026-06-30 21:14:00,2026-06-30 21:18:00,2026-06-30 21:27:00,UPI,Delivered,15,13,False,813.0,5
1003,30906,7,22,2026-06-13 14:32:00,2026-06-13 14:36:00,2026-06-13 14:45:00,UPI,Delivered,15,13,False,1774.0,6
1004,49672,13,174,2026-06-16 20:05:00,2026-06-16 20:10:00,2026-06-16 20:23:00,UPI,Delivered,15,18,True,270.0,1
1005,20255,12,4,2026-06-05 12:33:00,2026-06-05 12:36:00,2026-06-05 12:49:00,UPI,Delivered,15,16,True,1711.0,8
1006,42991,15,141,2026-06-20 12:42:00,2026-06-20 12:47:00,2026-06-20 13:03:00,COD,Delivered,15,21,True,1427.0,7
1007,15845,5,35,2026-06-02 12:21:00,2026-06-02 12:25:00,2026-06-02 12:34:00,UPI,Delivered,15,13,False,1096.0,4
1008,49179,7,101,2026-06-22 15:36:00,2026-06-22 15:40:00,2026-06-22 15:50:00,COD,Cancelled,15,14,False,2608.0,12
1009,12745,3,87,2026-06-26 18:17:00,2026-06-26 18:19:00,2026-06-26 18:31:00,UPI,Delivered,15,14,False,1409.0,7
1010,35706,18,117,2026-06-14 19:39:00,2026-06-14 19:41:00,2026-06-14 19:48:00,Card,Delivered,15,9,False,1200.0,3
1011,10739,2,112,2026-06-14 13:53:00,2026-06-14 13:56:00,2026-06-14 14:12:00,UPI,Delivered,15,19,True,2434.0,13
1012,11816,6,165,2026-06-10 18:54:00,2026-06-10 18:58:00,2026-06-10 19:05:00,UPI,Delivered,15,11,False,2251.0,7
1013,31998,16,199,2026-06-21 18:00:00,2026-06-21 18:04:00,2026-06-21 18:13:00,Card,Delivered,15,13,False,4019.0,13
1014,30580,10,49,2026-06-19 13:00:00,2026-06-19 13:02:00,2026-06-19 13:12:00,UPI,Delivered,15,12,False,2069.0,11
1015,29934,18,105,2026-06-17 12:08:00,2026-06-17 12:10:00,2026-06-17 12:28:00,UPI,Delivered,15,20,True,2387.0,7
1016,31665,11,64,2026-06-15 20:14:00,2026-06-15 20:16:00,2026-06-15 20:37:00,UPI,Delivered,15,23,True,1616.0,8
1017,25905,18,168,2026-06-17 20:13:00,2026-06-17 20:17:00,2026-06-17 20:32:00,COD,Delivered,15,19,True,231.0,3
1018,30726,4,8,2026-06-11 20:46:00,2026-06-11 20:50:00,2026-06-11 21:07:00,UPI,Delivered,15,21,True,2518.0,10
1019,35454,10,67,2026-06-24 21:22:00,2026-06-24 21:26:00,2026-06-24 21:35:00,COD,Delivered,15,13,False,710.0,4
1020,46871,20,150,2026-06-29 21:24:00,2026-06-29 21:26:00,2026-06-29 21:38:00,UPI,Delivered,15,14,False,777.0,4
1021,49733,5,151,2026-06-30 21:31:00,2026-06-30 21:33:00,2026-06-30 21:43:00,UPI,Delivered,15,12,False,1808.0,6
1022,24229,11,43,2026-06-19 15:42:00,2026-06-19 15:44:00,2026-06-19 15:55:00,COD,Delivered,15,13,False,3842.0,13
1023,18417,4,10,2026-06-25 20:38:00,2026-06-25 20:43:00,2026-06-25 21:05:00,Card,Delivered,15,27,True,139.0,1
1024,29188,15,187,2026-06-21 17:54:00,2026-06-21 17:57:00,2026-06-21 18:07:00,Card,Delivered,15,13,False,1354.0,8
1025,22336,7,74,2026-06-03 12:14:00,2026-06-03 12:18:00,2026-06-03 12:35:00,UPI,Delivered,15,21,True,839.0,3
1026,44934,13,33,2026-06-23 20:21:00,2026-06-23 20:23:00,2026-06-23 20:44:00,COD,Delivered,15,23,True,800.0,2
1027,48915,13,116,2026-06-19 19:48:00,2026-06-19 19:50:00,2026-06-19 20:07:00,UPI,Delivered,15,19,True,781.0,6
1028,23671,4,175,2026-06-21 22:43:00,2026-06-21 22:45:00,2026-06-21 22:52:00,Card,Delivered,15,9,False,642.0,3
1029,11938,7,108,2026-06-22 18:23:00,2026-06-22 18:27:00,2026-06-22 18:39:00,Wallet,Delivered,15,16,True,526.0,4
1030,16240,10,196,2026-06-16 12:45:00,2026-06-16 12:48:00,2026-06-16 13:05:00,UPI,Delivered,15,20,True,1925.0,10
1031,31696,8,29,2026-06-13 20:11:00,2026-06-13 20:13:00,2026-06-13 20:28:00,UPI,Delivered,15,17,True,188.0,1
1032,16132,5,170,2026-06-11 11:51:00,2026-06-11 11:56:00,2026-06-11 12:06:00,UPI,Delivered,15,15,False,186.0,1
1033,33182,11,64,2026-06-28 18:01:00,2026-06-28 18:04:00,2026-06-28 18:12:00,Wallet,Delivered,15,11,False,1232.0,4
1034,37973,6,6,2026-06-03 20:06:00,2026-06-03 20:08:00,2026-06-03 20:24:00,UPI,Delivered,15,18,True,1053.0,4
1035,27375,9,164,2026-06-10 11:25:00,2026-06-10 11:27:00,2026-06-10 11:39:00,UPI,Delivered,15,14,False,1801.0,5
1036,39433,10,78,2026-06-19 15:33:00,2026-06-19 15:36:00,2026-06-19 15:52:00,COD,Delivered,15,19,True,1965.0,6
1037,13805,15,141,2026-06-11 19:13:00,2026-06-11 19:16:00,2026-06-11 19:39:00,Card,Delivered,15,26,True,867.0,5
1038,15334,20,16,2026-06-29 19:18:00,2026-06-29 19:21:00,2026-06-29 19:38:00,Wallet,Delivered,15,20,True,1162.0,6
1039,28907,1,81,2026-06-30 19:59:00,2026-06-30 20:02:00,2026-06-30 20:21:00,COD,Delivered,15,22,True,2014.0,5
1040,41951,20,93,2026-06-22 19:09:00,2026-06-22 19:11:00,2026-06-22 19:30:00,UPI,Delivered,15,21,True,405.0,1
1041,48420,8,120,2026-06-26 20:11:00,2026-06-26 20:15:00,2026-06-26 20:32:00,UPI,Delivered,15,21,True,2227.0,10
1042,24912,17,106,2026-06-08 19:00:00,2026-06-08 19:04:00,2026-06-08 19:20:00,UPI,Delivered,15,20,True,705.0,3
1043,32737,4,63,2026-06-04 17:01:00,2026-06-04 17:05:00,2026-06-04 17:13:00,UPI,Delivered,15,12,False,1239.0,4
1044,37264,13,174,2026-06-03 18:07:00,2026-06-03 18:11:00,2026-06-03 18:21:00,Card,Delivered,15,14,False,1270.0,6
1045,12779,4,157,2026-06-27 21:03:00,2026-06-27 21:08:00,2026-06-27 21:14:00,UPI,Delivered,15,11,False,1868.0,6
1046,42108,2,189,2026-06-26 18:18:00,2026-06-26 18:22:00,2026-06-26 18:29:00,UPI,Delivered,15,11,False,3226.0,9
1047,42096,18,172,2026-06-03 18:49:00,2026-06-03 18:52:00,2026-06-03 18:59:00,UPI,Delivered,15,10,False,1263.0,5
1048,22169,12,194,2026-06-28 19:16:00,2026-06-28 19:21:00,2026-06-28 19:37:00,UPI,Delivered,15,21,True,729.0,3
1049,20035,19,91,2026-06-17 13:39:00,2026-06-17 13:42:00,2026-06-17 14:00:00,UPI,Delivered,15,21,True,228.0,2
1050,16622,12,135,2026-06-11 18:53:00,2026-06-11 18:58:00,2026-06-11 19:06:00,UPI,Delivered,15,13,False,19.0,1
1051,42138,11,9,2026-06-07 20:00:00,2026-06-07 20:04:00,2026-06-07 20:13:00,COD,Delivered,15,13,False,120.0,1
1052,46128,12,18,2026-06-02 21:52:00,2026-06-02 21:55:00,2026-06-02 22:08:00,UPI,Delivered,15,16,True,525.0,3
1053,32455,17,3,2026-06-29 17:56:00,2026-06-29 17:59:00,2026-06-29 18:04:00,Wallet,Delivered,15,8,False,2149.0,9
1054,40244,5,35,2026-06-23 22:53:00,2026-06-23 22:58:00,2026-06-23 23:05:00,UPI,Delivered,15,12,False,165.0,3
1055,14335,16,190,2026-06-13 19:01:00,2026-06-13 19:04:00,2026-06-13 19:20:00,Card,Delivered,15,19,True,542.0,5
1056,22203,15,187,2026-06-11 19:38:00,2026-06-11 19:41:00,2026-06-11 19:56:00,UPI,Delivered,15,18,True,2016.0,6
1057,10149,20,26,2026-06-26 13:51:00,2026-06-26 13:53:00,2026-06-26 14:08:00,UPI,Delivered,15,17,True,1645.0,7
1058,31842,5,153,2026-06-06 19:44:00,2026-06-06 19:46:00,2026-06-06 20:12:00,COD,Delivered,15,28,True,610.0,3
1059,19390,12,85,2026-06-20 11:30:00,2026-06-20 11:35:00,2026-06-20 11:42:00,UPI,Delivered,15,12,False,2454.0,9
1060,49350,3,87,2026-06-24 14:07:00,2026-06-24 14:09:00,2026-06-24 14:24:00,UPI,Cancelled,15,17,True,528.0,3
1061,17592,1,46,2026-06-05 20:08:00,2026-06-05 20:10:00,2026-06-05 20:24:00,COD,Delivered,15,16,True,902.0,4
1062,11706,12,148,2026-06-19 10:07:00,2026-06-19 10:10:00,2026-06-19 10:27:00,Wallet,Cancelled,15,20,True,1014.0,3
1063,28954,9,198,2026-06-26 20:46:00,2026-06-26 20:49:00,2026-06-26 21:03:00,COD,Delivered,15,17,True,793.0,3
1064,29329,20,58,2026-06-01 20:50:00,2026-06-01 20:55:00,2026-06-01 21:04:00,Card,Delivered,15,14,False,127.0,1
1065,20248,8,120,2026-06-27 10:12:00,2026-06-27 10:14:00,2026-06-27 10:25:00,UPI,Delivered,15,13,False,372.0,2
1066,26892,3,142,2026-06-17 20:06:00,2026-06-17 20:11:00,2026-06-17 20:32:00,UPI,Delivered,15,26,True,1940.0,7
1067,10613,8,29,2026-06-03 13:09:00,2026-06-03 13:11:00,2026-06-03 13:26:00,UPI,Delivered,15,17,True,468.0,3
1068,22060,13,61,2026-06-04 18:52:00,2026-06-04 18:55:00,2026-06-04 19:08:00,Card,Delivered,15,16,True,815.0,5
1069,32599,19,118,2026-06-12 21:48:00,2026-06-12 21:52:00,2026-06-12 22:04:00,Card,Delivered,15,16,True,628.0,6
1070,49385,1,81,2026-06-30 19:02:00,2026-06-30 19:05:00,2026-06-30 19:20:00,UPI,Delivered,15,18,True,190.0,2
1071,45226,15,163,2026-06-18 08:57:00,2026-06-18 08:59:00,2026-06-18 09:14:00,UPI,Delivered,15,17,True,1424.0,5
1072,11887,1,137,2026-06-16 19:48:00,2026-06-16 19:51:00,2026-06-16 20:06:00,COD,Cancelled,15,18,True,35.0,1
1073,28779,9,198,2026-06-24 13:15:00,2026-06-24 13:18:00,2026-06-24 13:29:00,UPI,Delivered,15,14,False,1273.0,5
1074,48824,15,163,2026-06-10 21:56:00,2026-06-10 22:01:00,2026-06-10 22:10:00,COD,Delivered,15,14,False,114.0,1
1075,39116,18,42,2026-06-28 20:41:00,2026-06-28 20:44:00,2026-06-28 21:05:00,UPI,Delivered,15,24,True,1457.0,7
1076,46304,3,94,2026-06-30 20:34:00,2026-06-30 20:38:00,2026-06-30 20:47:00,COD,Delivered,15,13,False,1460.0,6
1077,37089,20,26,2026-06-22 21:53:00,2026-06-22 21:56:00,2026-06-22 22:08:00,UPI,Delivered,15,15,False,1313.0,6
1078,37583,17,2,2026-06-16 20:26:00,2026-06-16 20:30:00,2026-06-16 20:49:00,Card,Delivered,15,23,True,630.0,2
1079,12808,12,194,2026-06-17 12:14:00,2026-06-17 12:19:00,2026-06-17 12:24:00,Card,Delivered,15,10,False,3214.0,9
1080,17506,14,197,2026-06-26 12:05:00,2026-06-26 12:07:00,2026-06-26 12:20:00,UPI,Delivered,15,15,False,2443.0,9
1081,16347,1,88,2026-06-13 21:01:00,2026-06-13 21:05:00,2026-06-13 21:15:00,Card,Delivered,15,14,False,448.0,1
1082,37938,1,92,2026-06-26 14:01:00,2026-06-26 14:03:00,2026-06-26 14:15:00,UPI,Delivered,15,14,False,1994.0,10
1083,20803,13,174,2026-06-14 18:02:00,2026-06-14 18:04:00,2026-06-14 18:15:00,UPI,Delivered,15,13,False,1597.0,8
1084,22307,1,46,2026-06-29 14:37:00,2026-06-29 14:40:00,2026-06-29 14:49:00,COD,Delivered,15,12,False,1201.0,8
1085,34967,13,174,2026-06-11 21:27:00,2026-06-11 21:31:00,2026-06-11 21:43:00,COD,Delivered,15,16,True,2683.0,10
1086,22627,9,164,2026-06-10 13:26:00,2026-06-10 13:29:00,2026-06-10 13:39:00,Card,Delivered,15,13,False,167.0,1
1087,41454,1,81,2026-06-22 14:53:00,2026-06-22 14:56:00,2026-06-22 15:06:00,COD,Delivered,15,13,False,746.0,4
1088,15134,15,163,2026-06-21 17:32:00,2026-06-21 17:36:00,2026-06-21 17:46:00,UPI,Delivered,15,14,False,1709.0,9
1089,37220,15,21,2026-06-23 19:24:00,2026-06-23 19:26:00,2026-06-23 19:44:00,UPI,Delivered,15,20,True,2489.0,9
1090,14140,9,96,2026-06-06 15:57:00,2026-06-06 16:01:00,2026-06-06 16:11:00,UPI,Delivered,15,14,False,547.0,2
1091,28492,6,111,2026-06-27 19:30:00,2026-06-27 19:34:00,2026-06-27 19:49:00,COD,Delivered,15,19,True,960.0,3
1092,32599,3,87,2026-06-23 12:44:00,2026-06-23 12:49:00,2026-06-23 13:02:00,Wallet,Delivered,15,18,True,218.0,2
1093,47973,9,198,2026-06-11 13:30:00,2026-06-11 13:33:00,2026-06-11 13:49:00,UPI,Delivered,15,19,True,566.0,2
1094,12398,9,133,2026-06-17 12:32:00,2026-06-17 12:36:00,2026-06-17 12:42:00,COD,Delivered,15,10,False,1650.0,5
1095,29523,5,170,2026-06-05 13:13:00,2026-06-05 13:15:00,2026-06-05 13:34:00,Wallet,Returned,15,21,True,1068.0,3
1096,18594,9,31,2026-06-13 10:07:00,2026-06-13 10:11:00,2026-06-13 10:19:00,Wallet,Delivered,15,12,False,73.0,1
1097,38957,15,62,2026-06-15 21:45:00,2026-06-15 21:50:00,2026-06-15 21:57:00,Card,Delivered,15,12,False,2718.0,11
1098,36451,15,156,2026-06-24 19:08:00,2026-06-24 19:13:00,2026-06-24 19:31:00,Card,Cancelled,15,23,True,141.0,3
1099,39950,20,124,2026-06-12 12:18:00,2026-06-12 12:21:00,2026-06-12 12:33:00,COD,Delivered,15,15,False,2617.0,7
1100,20402,18,105,2026-06-21 20:45:00,2026-06-21 20:47:00,2026-06-21 20:59:00,UPI,Delivered,15,14,False,1665.0,7
1101,36423,3,94,2026-06-18 19:13:00,2026-06-18 19:15:00,2026-06-18 19:31:00,Card,Delivered,15,18,True,1304.0,6
1102,18331,13,116,2026-06-06 21:42:00,2026-06-06 21:46:00,2026-06-06 21:55:00,UPI,Delivered,15,13,False,988.0,4
1103,39138,18,192,2026-06-06 10:06:00,2026-06-06 10:08:00,2026-06-06 10:14:00,COD,Delivered,15,8,False,1899.0,6
1104,38746,5,153,2026-06-29 20:14:00,2026-06-29 20:18:00,2026-06-29 20:38:00,UPI,Delivered,15,24,True,663.0,5
1105,32226,1,81,2026-06-24 21:01:00,2026-06-24 21:04:00,2026-06-24 21:11:00,UPI,Delivered,15,10,False,2173.0,8
1106,22850,10,102,2026-06-07 17:50:00,2026-06-07 17:53:00,2026-06-07 18:04:00,UPI,Delivered,15,14,False,1432.0,5
1107,21524,6,23,2026-06-19 18:42:00,2026-06-19 18:47:00,2026-06-19 18:55:00,Wallet,Delivered,15,13,False,24.0,1
1108,26029,5,35,2026-06-30 20:03:00,2026-06-30 20:05:00,2026-06-30 20:26:00,UPI,Delivered,15,23,True,2734.0,10
1109,13625,10,78,2026-06-06 21:07:00,2026-06-06 21:09:00,2026-06-06 21:23:00,UPI,Delivered,15,16,True,2607.0,12
1110,37273,14,130,2026-06-14 17:02:00,2026-06-14 17:06:00,2026-06-14 17:16:00,Card,Delivered,15,14,False,525.0,7
1111,30117,12,19,2026-06-15 18:32:00,2026-06-15 18:37:00,2026-06-15 18:45:00,UPI,Delivered,15,13,False,602.0,2
1112,14132,9,133,2026-06-07 20:42:00,2026-06-07 20:44:00,2026-06-07 21:05:00,Wallet,Delivered,15,23,True,1349.0,6
1113,19160,8,120,2026-06-17 19:38:00,2026-06-17 19:42:00,2026-06-17 20:00:00,UPI,Delivered,15,22,True,126.0,3
1114,12643,1,88,2026-06-29 20:53:00,2026-06-29 20:57:00,2026-06-29 21:13:00,Wallet,Delivered,15,20,True,470.0,2
1115,21176,11,43,2026-06-25 20:35:00,2026-06-25 20:40:00,2026-06-25 20:58:00,UPI,Delivered,15,23,True,1528.0,6
1116,38185,13,174,2026-06-27 14:28:00,2026-06-27 14:33:00,2026-06-27 14:43:00,Card,Returned,15,15,False,1789.0,8
1117,13597,11,17,2026-06-20 10:08:00,2026-06-20 10:13:00,2026-06-20 10:23:00,Card,Cancelled,15,15,False,1230.0,3
1118,19530,8,128,2026-06-05 19:58:00,2026-06-05 20:00:00,2026-06-05 20:21:00,Card,Delivered,15,23,True,359.0,2
1119,45698,8,29,2026-06-28 20:06:00,2026-06-28 20:11:00,2026-06-28 20:27:00,UPI,Delivered,15,21,True,1888.0,12
1120,34443,1,88,2026-06-12 19:46:00,2026-06-12 19:51:00,2026-06-12 20:13:00,COD,Delivered,15,27,True,548.0,5
1121,49028,8,128,2026-06-29 19:42:00,2026-06-29 19:46:00,2026-06-29 20:01:00,Card,Delivered,15,19,True,2798.0,11
1122,22281,2,50,2026-06-30 21:25:00,2026-06-30 21:29:00,2026-06-30 21:37:00,Card,Delivered,15,12,False,2728.0,9
1123,29556,8,128,2026-06-18 19:39:00,2026-06-18 19:41:00,2026-06-18 20:05:00,UPI,Delivered,15,26,True,2016.0,8
1124,19148,14,130,2026-06-29 22:45:00,2026-06-29 22:48:00,2026-06-29 22:57:00,UPI,Delivered,15,12,False,1813.0,7
1125,24858,16,179,2026-06-24 22:38:00,2026-06-24 22:42:00,2026-06-24 22:53:00,UPI,Delivered,15,15,False,1108.0,3
1126,47629,4,157,2026-06-14 13:27:00,2026-06-14 13:29:00,2026-06-14 13:49:00,COD,Cancelled,15,22,True,903.0,5
1127,10708,11,9,2026-06-03 14:32:00,2026-06-03 14:34:00,2026-06-03 14:45:00,Card,Delivered,15,13,False,231.0,1
1128,35028,11,25,2026-06-23 22:42:00,2026-06-23 22:47:00,2026-06-23 22:58:00,UPI,Delivered,15,16,True,2064.0,11
1129,17583,2,112,2026-06-06 20:46:00,2026-06-06 20:51:00,2026-06-06 21:13:00,Card,Delivered,15,27,True,1906.0,8
1130,29855,3,94,2026-06-16 22:56:00,2026-06-16 23:00:00,2026-06-16 23:07:00,Card,Delivered,15,11,False,1380.0,4
1131,30254,3,142,2026-06-21 11:03:00,2026-06-21 11:08:00,2026-06-21 11:20:00,UPI,Cancelled,15,17,True,545.0,4
1132,40537,4,10,2026-06-14 20:32:00,2026-06-14 20:36:00,2026-06-14 20:52:00,UPI,Delivered,15,20,True,1837.0,5
1133,42111,16,190,2026-06-13 12:26:00,2026-06-13 12:29:00,2026-06-13 12:43:00,COD,Delivered,15,17,True,28.0,1
1134,32635,17,30,2026-06-30 18:30:00,2026-06-30 18:32:00,2026-06-30 18:42:00,UPI,Delivered,15,12,False,1858.0,7
1135,16161,6,6,2026-06-13 20:25:00,2026-06-13 20:28:00,2026-06-13 20:36:00,UPI,Delivered,15,11,False,1843.0,6
1136,20201,19,118,2026-06-27 19:18:00,2026-06-27 19:22:00,2026-06-27 19:40:00,COD,Delivered,15,22,True,2634.0,8
1137,26650,19,89,2026-06-12 11:40:00,2026-06-12 11:44:00,2026-06-12 11:50:00,COD,Delivered,15,10,False,705.0,5
1138,13994,12,194,2026-06-25 14:35:00,2026-06-25 14:39:00,2026-06-25 14:51:00,UPI,Delivered,15,16,True,2955.0,14
1139,16052,5,35,2026-06-03 18:30:00,2026-06-03 18:35:00,2026-06-03 18:46:00,UPI,Delivered,15,16,True,1018.0,5
1140,12921,3,142,2026-06-04 20:40:00,2026-06-04 20:44:00,2026-06-04 21:03:00,UPI,Delivered,15,23,True,2355.0,9
1141,10640,8,152,2026-06-09 09:05:00,2026-06-09 09:07:00,2026-06-09 09:20:00,UPI,Cancelled,15,15,False,2161.0,8
1142,32460,10,138,2026-06-19 20:23:00,2026-06-19 20:26:00,2026-06-19 20:45:00,Wallet,Delivered,15,22,True,800.0,3
1143,33943,9,96,2026-06-26 15:34:00,2026-06-26 15:39:00,2026-06-26 15:45:00,UPI,Delivered,15,11,False,2371.0,9
1144,12302,16,179,2026-06-17 15:04:00,2026-06-17 15:09:00,2026-06-17 15:19:00,Card,Delivered,15,15,False,655.0,4
1145,45784,7,22,2026-06-28 13:37:00,2026-06-28 13:39:00,2026-06-28 13:53:00,UPI,Delivered,15,16,True,62.0,2
1146,36429,17,3,2026-06-03 22:55:00,2026-06-03 22:59:00,2026-06-03 23:11:00,UPI,Delivered,15,16,True,506.0,2
1147,27431,14,132,2026-06-24 15:39:00,2026-06-24 15:41:00,2026-06-24 15:52:00,UPI,Delivered,15,13,False,1195.0,3
1148,22651,4,167,2026-06-09 19:46:00,2026-06-09 19:50:00,2026-06-09 20:03:00,UPI,Delivered,15,17,True,833.0,7
1149,14254,12,135,2026-06-10 20:50:00,2026-06-10 20:53:00,2026-06-10 21:17:00,UPI,Delivered,15,27,True,808.0,6
1150,20759,11,17,2026-06-09 18:57:00,2026-06-09 18:59:00,2026-06-09 19:14:00,COD,Returned,15,17,True,384.0,1
1151,12212,4,167,2026-06-04 19:50:00,2026-06-04 19:52:00,2026-06-04 20:05:00,UPI,Delivered,15,15,False,2892.0,10
1152,15327,11,103,2026-06-11 17:29:00,2026-06-11 17:34:00,2026-06-11 17:44:00,UPI,Delivered,15,15,False,547.0,3
1153,11654,19,177,2026-06-04 20:51:00,2026-06-04 20:53:00,2026-06-04 21:08:00,Wallet,Delivered,15,17,True,1403.0,10
1154,32937,11,104,2026-06-14 11:09:00,2026-06-14 11:13:00,2026-06-14 11:19:00,UPI,Delivered,15,10,False,1046.0,6
1155,46432,6,90,2026-06-20 13:46:00,2026-06-20 13:50:00,2026-06-20 14:00:00,Card,Delivered,15,14,False,96.0,3
1156,26750,12,18,2026-06-08 21:25:00,2026-06-08 21:28:00,2026-06-08 21:40:00,COD,Delivered,15,15,False,807.0,4
1157,38552,7,101,2026-06-28 11:02:00,2026-06-28 11:07:00,2026-06-28 11:15:00,COD,Delivered,15,13,False,2297.0,13
1158,15001,2,189,2026-06-18 22:51:00,2026-06-18 22:55:00,2026-06-18 23:04:00,UPI,Delivered,15,13,False,1546.0,9
1159,21581,10,67,2026-06-05 20:49:00,2026-06-05 20:54:00,2026-06-05 21:11:00,Card,Delivered,15,22,True,591.0,3
1160,46763,9,164,2026-06-07 20:48:00,2026-06-07 20:51:00,2026-06-07 21:04:00,UPI,Delivered,15,16,True,780.0,6
1161,32913,16,190,2026-06-12 20:27:00,2026-06-12 20:29:00,2026-06-12 20:50:00,COD,Delivered,15,23,True,240.0,2
1162,41658,7,162,2026-06-03 12:40:00,2026-06-03 12:45:00,2026-06-03 12:53:00,UPI,Delivered,15,13,False,1012.0,5
1163,26656,14,131,2026-06-25 18:07:00,2026-06-25 18:11:00,2026-06-25 18:20:00,COD,Returned,15,13,False,48.0,2
1164,43114,18,117,2026-06-17 21:58:00,2026-06-17 22:02:00,2026-06-17 22:14:00,Card,Delivered,15,16,True,2747.0,9
1165,17088,3,159,2026-06-22 18:29:00,2026-06-22 18:32:00,2026-06-22 18:42:00,COD,Delivered,15,13,False,1826.0,6
1166,13929,5,123,2026-06-27 20:23:00,2026-06-27 20:25:00,2026-06-27 20:41:00,UPI,Delivered,15,18,True,482.0,4
1167,21682,7,22,2026-06-05 20:33:00,2026-06-05 20:38:00,2026-06-05 20:57:00,UPI,Cancelled,15,24,True,1490.0,4
1168,22786,15,163,2026-06-13 13:34:00,2026-06-13 13:36:00,2026-06-13 13:51:00,UPI,Delivered,15,17,True,1209.0,5
1169,26196,2,20,2026-06-23 12:23:00,2026-06-23 12:25:00,2026-06-23 12:37:00,Wallet,Delivered,15,14,False,1845.0,6
1170,20788,4,63,2026-06-10 18:12:00,2026-06-10 18:14:00,2026-06-10 18:23:00,Card,Delivered,15,11,False,890.0,2
1171,11823,8,128,2026-06-30 19:39:00,2026-06-30 19:44:00,2026-06-30 19:56:00,UPI,Delivered,15,17,True,804.0,4
1172,39544,16,171,2026-06-11 19:01:00,2026-06-11 19:04:00,2026-06-11 19:25:00,UPI,Delivered,15,24,True,2144.0,10
1173,45967,3,87,2026-06-17 20:24:00,2026-06-17 20:26:00,2026-06-17 20:50:00,COD,Delivered,15,26,True,1804.0,8
1174,12924,11,184,2026-06-13 20:25:00,2026-06-13 20:29:00,2026-06-13 20:39:00,Card,Delivered,15,14,False,1201.0,10
1175,18364,4,63,2026-06-10 19:30:00,2026-06-10 19:34:00,2026-06-10 19:51:00,COD,Delivered,15,21,True,1189.0,5
1176,27434,6,181,2026-06-10 14:17:00,2026-06-10 14:22:00,2026-06-10 14:30:00,UPI,Delivered,15,13,False,2672.0,10
1177,42731,12,86,2026-06-01 17:04:00,2026-06-01 17:06:00,2026-06-01 17:17:00,Wallet,Cancelled,15,13,False,2543.0,11
1178,25278,4,175,2026-06-29 12:36:00,2026-06-29 12:41:00,2026-06-29 12:54:00,UPI,Returned,15,18,True,2097.0,8
1179,30237,12,41,2026-06-08 12:48:00,2026-06-08 12:53:00,2026-06-08 13:06:00,COD,Delivered,15,18,True,893.0,5
1180,14920,8,128,2026-06-20 21:12:00,2026-06-20 21:17:00,2026-06-20 21:24:00,UPI,Delivered,15,12,False,2064.0,6
1181,43905,10,196,2026-06-22 21:36:00,2026-06-22 21:41:00,2026-06-22 21:49:00,UPI,Delivered,15,13,False,2833.0,10
1182,15383,17,30,2026-06-23 09:28:00,2026-06-23 09:33:00,2026-06-23 09:46:00,UPI,Delivered,15,18,True,1261.0,7
1183,22891,2,136,2026-06-03 14:25:00,2026-06-03 14:29:00,2026-06-03 14:39:00,UPI,Delivered,15,14,False,1717.0,5
1184,17299,10,51,2026-06-11 20:17:00,2026-06-11 20:19:00,2026-06-11 20:41:00,UPI,Delivered,15,24,True,2695.0,9
1185,12228,2,20,2026-06-13 14:09:00,2026-06-13 14:11:00,2026-06-13 14:22:00,UPI,Cancelled,15,13,False,329.0,5
1186,14175,11,9,2026-06-25 18:04:00,2026-06-25 18:07:00,2026-06-25 18:17:00,Card,Delivered,15,13,False,982.0,7
1187,37251,7,158,2026-06-14 18:50:00,2026-06-14 18:54:00,2026-06-14 19:10:00,Card,Delivered,15,20,True,3687.0,11
1188,31225,10,67,2026-06-10 15:50:00,2026-06-10 15:54:00,2026-06-10 16:01:00,COD,Delivered,15,11,False,1334.0,8
1189,40862,15,141,2026-06-25 21:10:00,2026-06-25 21:12:00,2026-06-25 21:22:00,UPI,Delivered,15,12,False,950.0,5
1190,10807,20,93,2026-06-26 13:50:00,2026-06-26 13:54:00,2026-06-26 14:07:00,Wallet,Delivered,15,17,True,2192.0,11
1191,13483,4,63,2026-06-18 10:52:00,2026-06-18 10:57:00,2026-06-18 11:04:00,Wallet,Delivered,15,12,False,1006.0,5
1192,10717,16,190,2026-06-18 21:33:00,2026-06-18 21:38:00,2026-06-18 21:47:00,COD,Delivered,15,14,False,1355.0,5
1193,19489,14,130,2026-06-17 12:12:00,2026-06-17 12:15:00,2026-06-17 12:28:00,UPI,Delivered,15,16,True,2606.0,8
1194,18067,1,92,2026-06-14 20:57:00,2026-06-14 20:59:00,2026-06-14 21:18:00,UPI,Delivered,15,21,True,676.0,2
1195,43255,11,9,2026-06-09 17:08:00,2026-06-09 17:11:00,2026-06-09 17:21:00,Wallet,Delivered,15,13,False,1254.0,3
1196,29940,8,120,2026-06-13 11:16:00,2026-06-13 11:19:00,2026-06-13 11:31:00,Card,Delivered,15,15,False,2213.0,7
1197,34740,14,169,2026-06-03 09:59:00,2026-06-03 10:02:00,2026-06-03 10:13:00,UPI,Delivered,15,14,False,1202.0,4
1198,44305,7,38,2026-06-27 20:14:00,2026-06-27 20:16:00,2026-06-27 20:31:00,UPI,Delivered,15,17,True,1299.0,4
1199,24699,6,80,2026-06-02 12:36:00,2026-06-02 12:41:00,2026-06-02 12:45:00,UPI,Cancelled,15,9,False,1991.0,9
1200,48417,12,18,2026-06-01 15:44:00,2026-06-01 15:47:00,2026-06-01 16:00:00,UPI,Delivered,15,16,True,1275.0,5
1201,16044,4,77,2026-06-29 19:39:00,2026-06-29 19:42:00,2026-06-29 20:04:00,UPI,Delivered,15,25,True,950.0,7
1202,36105,5,153,2026-06-05 12:03:00,2026-06-05 12:06:00,2026-06-05 12:21:00,Wallet,Delivered,15,18,True,252.0,3
1203,27267,6,80,2026-06-05 20:09:00,2026-06-05 20:14:00,2026-06-05 20:23:00,Card,Delivered,15,14,False,1898.0,9
1204,42592,10,183,2026-06-28 20:08:00,2026-06-28 20:10:00,2026-06-28 20:24:00,UPI,Delivered,15,16,True,130.0,2
1205,43810,14,7,2026-06-14 14:15:00,2026-06-14 14:20:00,2026-06-14 14:31:00,Card,Delivered,15,16,True,310.0,6
1206,22041,16,179,2026-06-13 19:09:00,2026-06-13 19:12:00,2026-06-13 19:25:00,UPI,Delivered,15,16,True,2981.0,8
1207,45050,3,69,2026-06-21 18:53:00,2026-06-21 18:56:00,2026-06-21 19:07:00,Card,Returned,15,14,False,3149.0,11
1208,13600,1,121,2026-06-06 18:30:00,2026-06-06 18:35:00,2026-06-06 18:43:00,UPI,Delivered,15,13,False,948.0,5
1209,15536,14,169,2026-06-23 21:18:00,2026-06-23 21:21:00,2026-06-23 21:33:00,UPI,Delivered,15,15,False,1821.0,11
1210,20199,12,86,2026-06-24 12:27:00,2026-06-24 12:29:00,2026-06-24 12:50:00,UPI,Delivered,15,23,True,2421.0,12
1211,35655,16,171,2026-06-13 21:50:00,2026-06-13 21:55:00,2026-06-13 22:02:00,Card,Delivered,15,12,False,295.0,3
1212,45470,14,131,2026-06-10 19:47:00,2026-06-10 19:52:00,2026-06-10 20:11:00,COD,Delivered,15,24,True,1796.0,6
1213,49129,16,155,2026-06-01 14:32:00,2026-06-01 14:35:00,2026-06-01 14:45:00,UPI,Delivered,15,13,False,1288.0,4
1214,43065,11,17,2026-06-12 20:02:00,2026-06-12 20:04:00,2026-06-12 20:22:00,UPI,Delivered,15,20,True,1988.0,10
1215,22306,7,38,2026-06-27 22:09:00,2026-06-27 22:11:00,2026-06-27 22:21:00,UPI,Delivered,15,12,False,2141.0,6
1216,19685,10,196,2026-06-27 11:16:00,2026-06-27 11:19:00,2026-06-27 11:33:00,UPI,Delivered,15,17,True,1909.0,7
1217,11572,15,21,2026-06-21 19:58:00,2026-06-21 20:01:00,2026-06-21 20:18:00,COD,Delivered,15,20,True,1442.0,5
1218,32563,2,20,2026-06-09 21:53:00,2026-06-09 21:57:00,2026-06-09 22:06:00,UPI,Delivered,15,13,False,4198.0,13
1219,41934,5,76,2026-06-28 08:40:00,2026-06-28 08:42:00,2026-06-28 08:50:00,Card,Delivered,15,10,False,226.0,2
1220,47700,17,147,2026-06-17 15:21:00,2026-06-17 15:24:00,2026-06-17 15:33:00,Card,Returned,15,12,False,1052.0,4
1221,13199,14,132,2026-06-04 20:22:00,2026-06-04 20:25:00,2026-06-04 20:49:00,UPI,Delivered,15,27,True,448.0,8
1222,16650,20,82,2026-06-04 19:09:00,2026-06-04 19:14:00,2026-06-04 19:25:00,UPI,Delivered,15,16,True,2826.0,10
1223,47258,16,155,2026-06-08 22:40:00,2026-06-08 22:45:00,2026-06-08 22:56:00,Card,Cancelled,15,16,True,906.0,3
1224,16995,8,128,2026-06-22 20:26:00,2026-06-22 20:31:00,2026-06-22 20:46:00,Card,Delivered,15,20,True,234.0,1
1225,47183,18,117,2026-06-20 14:29:00,2026-06-20 14:33:00,2026-06-20 14:43:00,Wallet,Delivered,15,14,False,2517.0,12
1226,18917,17,30,2026-06-12 18:19:00,2026-06-12 18:22:00,2026-06-12 18:35:00,Card,Delivered,15,16,True,2993.0,8
1227,11187,10,51,2026-06-22 19:12:00,2026-06-22 19:17:00,2026-06-22 19:29:00,UPI,Delivered,15,17,True,1036.0,6
1228,28402,5,37,2026-06-07 20:33:00,2026-06-07 20:38:00,2026-06-07 20:48:00,UPI,Delivered,15,15,False,65.0,1
1229,10780,10,173,2026-06-19 11:27:00,2026-06-19 11:29:00,2026-06-19 11:42:00,Card,Delivered,15,15,False,1613.0,9
1230,34563,8,128,2026-06-16 17:38:00,2026-06-16 17:41:00,2026-06-16 17:54:00,Card,Delivered,15,16,True,1952.0,7
1231,12118,2,98,2026-06-09 20:02:00,2026-06-09 20:04:00,2026-06-09 20:19:00,Wallet,Delivered,15,17,True,2164.0,8
1232,45163,6,44,2026-06-12 19:32:00,2026-06-12 19:37:00,2026-06-12 19:55:00,UPI,Delivered,15,23,True,989.0,7
1233,12621,5,151,2026-06-22 20:19:00,2026-06-22 20:22:00,2026-06-22 20:37:00,Card,Delivered,15,18,True,224.0,2
1234,11827,19,118,2026-06-11 14:47:00,2026-06-11 14:50:00,2026-06-11 15:02:00,UPI,Delivered,15,15,False,1463.0,7
1235,13498,15,62,2026-06-28 21:21:00,2026-06-28 21:24:00,2026-06-28 21:36:00,UPI,Delivered,15,15,False,225.0,1
1236,35298,11,104,2026-06-25 14:42:00,2026-06-25 14:44:00,2026-06-25 14:50:00,COD,Delivered,15,8,False,1502.0,8
1237,41826,14,56,2026-06-17 18:01:00,2026-06-17 18:05:00,2026-06-17 18:15:00,UPI,Delivered,15,14,False,1778.0,8
1238,27383,6,90,2026-06-15 15:44:00,2026-06-15 15:47:00,2026-06-15 15:56:00,Wallet,Delivered,15,12,False,2917.0,11
1239,36388,10,138,2026-06-03 20:07:00,2026-06-03 20:09:00,2026-06-03 20:31:00,Wallet,Delivered,15,24,True,1011.0,3
1240,20598,5,123,2026-06-02 19:51:00,2026-06-02 19:54:00,2026-06-02 20:13:00,UPI,Delivered,15,22,True,341.0,4
1241,43090,12,86,2026-06-25 12:20:00,2026-06-25 12:25:00,2026-06-25 12:36:00,UPI,Delivered,15,16,True,402.0,3
1242,17092,6,52,2026-06-12 12:03:00,2026-06-12 12:08:00,2026-06-12 12:15:00,UPI,Delivered,15,12,False,1196.0,4
1243,19562,6,71,2026-06-21 19:58:00,2026-06-21 20:00:00,2026-06-21 20:16:00,COD,Delivered,15,18,True,1968.0,5
1244,48742,20,119,2026-06-17 18:51:00,2026-06-17 18:54:00,2026-06-17 19:04:00,COD,Delivered,15,13,False,414.0,4
1245,21233,20,93,2026-06-04 19:16:00,2026-06-04 19:18:00,2026-06-04 19:37:00,Card,Delivered,15,21,True,3675.0,11
1246,36756,6,6,2026-06-15 19:22:00,2026-06-15 19:27:00,2026-06-15 19:44:00,UPI,Delivered,15,22,True,2177.0,10
1247,33185,17,147,2026-06-01 20:27:00,2026-06-01 20:30:00,2026-06-01 20:53:00,UPI,Delivered,15,26,True,1961.0,8
1248,19025,20,55,2026-06-21 18:27:00,2026-06-21 18:30:00,2026-06-21 18:43:00,UPI,Delivered,15,16,True,909.0,3
1249,42187,19,160,2026-06-27 21:29:00,2026-06-27 21:32:00,2026-06-27 21:41:00,Wallet,Delivered,15,12,False,1062.0,3
1250,34319,11,17,2026-06-16 20:13:00,2026-06-16 20:15:00,2026-06-16 20:37:00,UPI,Delivered,15,24,True,1496.0,8
1251,42855,10,138,2026-06-09 14:52:00,2026-06-09 14:56:00,2026-06-09 15:06:00,COD,Delivered,15,14,False,349.0,3
1252,22902,18,168,2026-06-05 21:41:00,2026-06-05 21:45:00,2026-06-05 21:54:00,Card,Delivered,15,13,False,661.0,3
1253,37388,11,43,2026-06-17 12:48:00,2026-06-17 12:50:00,2026-06-17 13:01:00,Wallet,Delivered,15,13,False,1524.0,7
1254,19245,18,172,2026-06-04 14:40:00,2026-06-04 14:43:00,2026-06-04 14:51:00,Card,Delivered,15,11,False,2045.0,13
1255,21833,13,61,2026-06-27 12:28:00,2026-06-27 12:30:00,2026-06-27 12:45:00,UPI,Delivered,15,17,True,2929.0,12
1256,24325,5,193,2026-06-29 21:58:00,2026-06-29 22:00:00,2026-06-29 22:11:00,COD,Cancelled,15,13,False,1292.0,9
1257,15700,18,27,2026-06-09 22:17:00,2026-06-09 22:19:00,2026-06-09 22:31:00,Card,Delivered,15,14,False,3494.0,13
1258,10757,11,25,2026-06-22 19:19:00,2026-06-22 19:24:00,2026-06-22 19:28:00,UPI,Delivered,15,9,False,795.0,4
1259,28509,12,41,2026-06-02 11:04:00,2026-06-02 11:07:00,2026-06-02 11:15:00,Wallet,Delivered,15,11,False,978.0,3
1260,12418,9,144,2026-06-02 22:14:00,2026-06-02 22:18:00,2026-06-02 22:32:00,UPI,Delivered,15,18,True,396.0,2
1261,34997,1,137,2026-06-24 19:27:00,2026-06-24 19:29:00,2026-06-24 19:53:00,Card,Delivered,15,26,True,1070.0,3
1262,19855,10,78,2026-06-05 20:05:00,2026-06-05 20:09:00,2026-06-05 20:24:00,Card,Delivered,15,19,True,738.0,3
1263,29117,16,155,2026-06-11 17:58:00,2026-06-11 18:00:00,2026-06-11 18:14:00,UPI,Delivered,15,16,True,1358.0,4
1264,13807,18,172,2026-06-21 11:17:00,2026-06-21 11:20:00,2026-06-21 11:32:00,COD,Delivered,15,15,False,1343.0,6
1265,44095,16,179,2026-06-10 22:21:00,2026-06-10 22:24:00,2026-06-10 22:36:00,Wallet,Delivered,15,15,False,966.0,6
1266,44271,11,9,2026-06-03 18:53:00,2026-06-03 18:57:00,2026-06-03 19:02:00,Card,Cancelled,15,9,False,1589.0,8
1267,24012,20,5,2026-06-25 20:42:00,2026-06-25 20:45:00,2026-06-25 21:02:00,UPI,Cancelled,15,20,True,3635.0,13
1268,16665,9,164,2026-06-30 20:11:00,2026-06-30 20:14:00,2026-06-30 20:38:00,Wallet,Delivered,15,27,True,904.0,4
1269,17477,11,103,2026-06-25 18:53:00,2026-06-25 18:58:00,2026-06-25 19:07:00,Wallet,Cancelled,15,14,False,656.0,3
1270,49020,10,78,2026-06-05 19:56:00,2026-06-05 20:00:00,2026-06-05 20:11:00,UPI,Delivered,15,15,False,2254.0,11
1271,13580,1,114,2026-06-01 20:11:00,2026-06-01 20:15:00,2026-06-01 20:33:00,UPI,Delivered,15,22,True,1103.0,9
1272,34224,4,70,2026-06-03 19:08:00,2026-06-03 19:10:00,2026-06-03 19:29:00,Wallet,Delivered,15,21,True,1988.0,8
1273,46061,16,199,2026-06-03 14:13:00,2026-06-03 14:18:00,2026-06-03 14:27:00,UPI,Delivered,15,14,False,1842.0,9
1274,23180,17,3,2026-06-22 20:53:00,2026-06-22 20:58:00,2026-06-22 21:12:00,UPI,Delivered,15,19,True,810.0,4
1275,30829,9,164,2026-06-20 14:31:00,2026-06-20 14:36:00,2026-06-20 14:44:00,Wallet,Returned,15,13,False,975.0,6
1276,24167,19,160,2026-06-26 19:58:00,2026-06-26 20:00:00,2026-06-26 20:23:00,COD,Delivered,15,25,True,574.0,4
1277,45892,16,199,2026-06-10 20:50:00,2026-06-10 20:53:00,2026-06-10 21:05:00,UPI,Delivered,15,15,False,1011.0,3
1278,23433,9,133,2026-06-15 11:52:00,2026-06-15 11:56:00,2026-06-15 12:03:00,COD,Delivered,15,11,False,3461.0,9
1279,12802,4,70,2026-06-06 20:55:00,2026-06-06 21:00:00,2026-06-06 21:18:00,UPI,Delivered,15,23,True,3938.0,13
1280,27819,2,28,2026-06-01 11:03:00,2026-06-01 11:05:00,2026-06-01 11:17:00,UPI,Delivered,15,14,False,1505.0,6
1281,38722,6,71,2026-06-28 20:00:00,2026-06-28 20:04:00,2026-06-28 20:24:00,Card,Cancelled,15,24,True,502.0,3
1282,22828,1,46,2026-06-22 21:28:00,2026-06-22 21:33:00,2026-06-22 21:41:00,UPI,Delivered,15,13,False,1535.0,10
1283,24813,6,23,2026-06-15 19:48:00,2026-06-15 19:52:00,2026-06-15 20:02:00,UPI,Returned,15,14,False,834.0,3
1284,15579,13,161,2026-06-25 20:18:00,2026-06-25 20:20:00,2026-06-25 20:36:00,Wallet,Delivered,15,18,True,2476.0,8
1285,48725,4,10,2026-06-01 21:32:00,2026-06-01 21:37:00,2026-06-01 21:46:00,UPI,Delivered,15,14,False,2798.0,8
1286,36948,16,155,2026-06-07 17:10:00,2026-06-07 17:12:00,2026-06-07 17:24:00,UPI,Cancelled,15,14,False,381.0,3
1287,21389,1,137,2026-06-06 22:28:00,2026-06-06 22:30:00,2026-06-06 22:40:00,UPI,Delivered,15,12,False,1623.0,9
1288,15901,19,48,2026-06-16 12:03:00,2026-06-16 12:06:00,2026-06-16 12:24:00,UPI,Delivered,15,21,True,1211.0,5
1289,42657,15,141,2026-06-04 12:33:00,2026-06-04 12:36:00,2026-06-04 12:47:00,UPI,Delivered,15,14,False,2585.0,7
1290,13246,3,69,2026-06-25 13:17:00,2026-06-25 13:21:00,2026-06-25 13:32:00,UPI,Cancelled,15,15,False,1212.0,8
1291,36555,6,80,2026-06-07 13:50:00,2026-06-07 13:55:00,2026-06-07 14:11:00,UPI,Delivered,15,21,True,1113.0,5
1292,48980,10,32,2026-06-27 19:33:00,2026-06-27 19:38:00,2026-06-27 19:56:00,COD,Delivered,15,23,True,1795.0,7
1293,49062,1,137,2026-06-22 19:02:00,2026-06-22 19:07:00,2026-06-22 19:21:00,UPI,Delivered,15,19,True,2707.0,9
1294,34144,3,142,2026-06-09 09:09:00,2026-06-09 09:14:00,2026-06-09 09:20:00,Card,Delivered,15,11,False,1623.0,5
1295,39584,7,108,2026-06-12 11:25:00,2026-06-12 11:30:00,2026-06-12 11:37:00,Wallet,Delivered,15,12,False,2598.0,10
1296,48441,6,23,2026-06-28 20:57:00,2026-06-28 21:01:00,2026-06-28 21:24:00,UPI,Delivered,15,27,True,1266.0,3
1297,17894,16,171,2026-06-02 21:27:00,2026-06-02 21:32:00,2026-06-02 21:45:00,Card,Delivered,15,18,True,2100.0,11
1298,28831,3,159,2026-06-18 18:32:00,2026-06-18 18:36:00,2026-06-18 18:46:00,Wallet,Delivered,15,14,False,1477.0,6
1299,40067,17,3,2026-06-10 20:59:00,2026-06-10 21:02:00,2026-06-10 21:20:00,UPI,Delivered,15,21,True,836.0,4
1300,19805,15,156,2026-06-01 14:33:00,2026-06-01 14:36:00,2026-06-01 14:46:00,UPI,Delivered,15,13,False,958.0,5
1301,22098,5,153,2026-06-05 13:39:00,2026-06-05 13:42:00,2026-06-05 13:59:00,UPI,Delivered,15,20,True,290.0,2
1302,17335,4,157,2026-06-14 21:36:00,2026-06-14 21:40:00,2026-06-14 21:44:00,COD,Delivered,15,8,False,1721.0,10
1303,28920,12,39,2026-06-27 20:37:00,2026-06-27 20:40:00,2026-06-27 20:49:00,COD,Delivered,15,12,False,1395.0,6
1304,32120,10,51,2026-06-17 13:27:00,2026-06-17 13:30:00,2026-06-17 13:42:00,UPI,Cancelled,15,15,False,298.0,2
1305,43697,2,54,2026-06-23 20:08:00,2026-06-23 20:11:00,2026-06-23 20:28:00,UPI,Delivered,15,20,True,657.0,3
1306,13471,19,89,2026-06-16 20:48:00,2026-06-16 20:53:00,2026-06-16 21:10:00,UPI,Delivered,15,22,True,1475.0,7
1307,17913,12,18,2026-06-23 20:48:00,2026-06-23 20:53:00,2026-06-23 21:02:00,Card,Delivered,15,14,False,1280.0,10
1308,25271,2,73,2026-06-14 21:22:00,2026-06-14 21:24:00,2026-06-14 21:37:00,Card,Delivered,15,15,False,2728.0,10
1309,27373,19,12,2026-06-02 21:28:00,2026-06-02 21:31:00,2026-06-02 21:40:00,UPI,Delivered,15,12,False,382.0,2
1310,22402,7,83,2026-06-04 10:58:00,2026-06-04 11:03:00,2026-06-04 11:15:00,UPI,Delivered,15,17,True,976.0,7
1311,13866,11,9,2026-06-14 13:16:00,2026-06-14 13:18:00,2026-06-14 13:31:00,Card,Returned,15,15,False,1089.0,3
1312,27169,15,21,2026-06-20 21:38:00,2026-06-20 21:42:00,2026-06-20 21:51:00,Wallet,Delivered,15,13,False,312.0,2
1313,35636,3,142,2026-06-19 12:02:00,2026-06-19 12:04:00,2026-06-19 12:13:00,UPI,Delivered,15,11,False,3092.0,13
1314,48023,13,154,2026-06-13 19:08:00,2026-06-13 19:11:00,2026-06-13 19:21:00,UPI,Delivered,15,13,False,630.0,6
1315,40949,8,128,2026-06-03 20:08:00,2026-06-03 20:11:00,2026-06-03 20:26:00,UPI,Delivered,15,18,True,372.0,1
1316,41072,13,13,2026-06-19 11:57:00,2026-06-19 12:01:00,2026-06-19 12:13:00,COD,Delivered,15,16,True,1617.0,8
1317,12403,6,71,2026-06-13 11:02:00,2026-06-13 11:04:00,2026-06-13 11:16:00,Wallet,Delivered,15,14,False,1258.0,5
1318,38669,20,176,2026-06-03 12:07:00,2026-06-03 12:12:00,2026-06-03 12:21:00,Wallet,Delivered,15,14,False,2568.0,10
1319,24486,12,146,2026-06-11 19:22:00,2026-06-11 19:24:00,2026-06-11 19:44:00,UPI,Delivered,15,22,True,1848.0,7
1320,49897,7,75,2026-06-29 13:34:00,2026-06-29 13:37:00,2026-06-29 13:52:00,UPI,Delivered,15,18,True,301.0,1
1321,38644,8,29,2026-06-05 18:31:00,2026-06-05 18:35:00,2026-06-05 18:45:00,UPI,Delivered,15,14,False,914.0,7
1322,32352,11,64,2026-06-20 20:50:00,2026-06-20 20:55:00,2026-06-20 21:04:00,UPI,Delivered,15,14,False,3847.0,12
1323,14969,6,71,2026-06-14 21:24:00,2026-06-14 21:29:00,2026-06-14 21:36:00,UPI,Delivered,15,12,False,867.0,6
1324,29866,18,117,2026-06-25 20:43:00,2026-06-25 20:46:00,2026-06-25 21:04:00,UPI,Cancelled,15,21,True,1915.0,12
1325,43463,10,183,2026-06-15 19:01:00,2026-06-15 19:04:00,2026-06-15 19:15:00,UPI,Delivered,15,14,False,2444.0,9
1326,20127,1,36,2026-06-21 08:54:00,2026-06-21 08:59:00,2026-06-21 09:07:00,UPI,Delivered,15,13,False,69.0,1
1327,27153,3,87,2026-06-21 10:55:00,2026-06-21 11:00:00,2026-06-21 11:08:00,Card,Delivered,15,13,False,273.0,1
1328,30655,13,65,2026-06-16 11:58:00,2026-06-16 12:00:00,2026-06-16 12:12:00,UPI,Delivered,15,14,False,1906.0,9
1329,16256,9,144,2026-06-07 18:04:00,2026-06-07 18:08:00,2026-06-07 18:19:00,COD,Delivered,15,15,False,182.0,1
1330,41022,10,178,2026-06-20 12:17:00,2026-06-20 12:20:00,2026-06-20 12:34:00,UPI,Cancelled,15,17,True,1241.0,6
1331,33192,1,57,2026-06-09 19:19:00,2026-06-09 19:24:00,2026-06-09 19:37:00,UPI,Delivered,15,18,True,2877.0,9
1332,28901,12,85,2026-06-06 19:57:00,2026-06-06 20:01:00,2026-06-06 20:18:00,UPI,Delivered,15,21,True,1896.0,6
1333,19364,4,125,2026-06-25 20:50:00,2026-06-25 20:54:00,2026-06-25 21:01:00,UPI,Delivered,15,11,False,857.0,4
1334,44576,10,126,2026-06-29 10:50:00,2026-06-29 10:52:00,2026-06-29 11:04:00,UPI,Delivered,15,14,False,2085.0,7
1335,19782,2,98,2026-06-15 19:26:00,2026-06-15 19:29:00,2026-06-15 19:49:00,UPI,Delivered,15,23,True,1077.0,6
1336,34631,17,134,2026-06-21 18:00:00,2026-06-21 18:03:00,2026-06-21 18:15:00,UPI,Cancelled,15,15,False,870.0,3
1337,30790,3,69,2026-06-29 18:25:00,2026-06-29 18:28:00,2026-06-29 18:37:00,COD,Delivered,15,12,False,435.0,1
1338,49814,11,25,2026-06-23 14:10:00,2026-06-23 14:12:00,2026-06-23 14:22:00,Card,Delivered,15,12,False,1969.0,6
1339,44247,1,114,2026-06-20 19:06:00,2026-06-20 19:10:00,2026-06-20 19:23:00,UPI,Delivered,15,17,True,2208.0,8
1340,46843,8,120,2026-06-15 20:07:00,2026-06-15 20:12:00,2026-06-15 20:22:00,Card,Delivered,15,15,False,1974.0,9
1341,22721,8,152,2026-06-01 13:41:00,2026-06-01 13:46:00,2026-06-01 14:01:00,Card,Delivered,15,20,True,1541.0,5
1342,12152,4,10,2026-06-11 17:37:00,2026-06-11 17:42:00,2026-06-11 17:53:00,Card,Delivered,15,16,True,995.0,9
1343,28995,16,199,2026-06-22 13:48:00,2026-06-22 13:52:00,2026-06-22 14:06:00,Wallet,Delivered,15,18,True,1853.0,8
1344,39903,3,69,2026-06-11 15:19:00,2026-06-11 15:24:00,2026-06-11 15:29:00,UPI,Delivered,15,10,False,62.0,2
1345,32419,1,137,2026-06-21 22:22:00,2026-06-21 22:24:00,2026-06-21 22:34:00,Wallet,Delivered,15,12,False,2815.0,11
1346,23050,5,35,2026-06-04 21:00:00,2026-06-04 21:05:00,2026-06-04 21:15:00,UPI,Returned,15,15,False,2919.0,13
1347,12224,8,128,2026-06-30 21:47:00,2026-06-30 21:50:00,2026-06-30 21:59:00,UPI,Delivered,15,12,False,1193.0,11
1348,12946,16,199,2026-06-16 18:43:00,2026-06-16 18:45:00,2026-06-16 18:55:00,UPI,Delivered,15,12,False,604.0,2
1349,35556,15,156,2026-06-20 19:58:00,2026-06-20 20:01:00,2026-06-20 20:17:00,UPI,Delivered,15,19,True,1701.0,6
1350,12775,17,147,2026-06-18 21:26:00,2026-06-18 21:30:00,2026-06-18 21:38:00,UPI,Delivered,15,12,False,1011.0,4
1351,20087,13,61,2026-06-29 14:56:00,2026-06-29 14:58:00,2026-06-29 15:10:00,UPI,Delivered,15,14,False,1075.0,5
1352,24081,11,43,2026-06-20 20:38:00,2026-06-20 20:42:00,2026-06-20 20:58:00,UPI,Delivered,15,20,True,371.0,1
1353,23353,15,21,2026-06-04 13:27:00,2026-06-04 13:30:00,2026-06-04 13:42:00,COD,Delivered,15,15,False,2495.0,10
1354,38700,5,123,2026-06-17 08:00:00,2026-06-17 08:03:00,2026-06-17 08:12:00,UPI,Delivered,15,12,False,169.0,1
1355,39520,5,151,2026-06-17 20:08:00,2026-06-17 20:13:00,2026-06-17 20:22:00,COD,Delivered,15,14,False,445.0,1
1356,15065,20,16,2026-06-21 20:43:00,2026-06-21 20:46:00,2026-06-21 21:02:00,UPI,Delivered,15,19,True,1366.0,9
1357,34753,5,153,2026-06-28 12:48:00,2026-06-28 12:53:00,2026-06-28 13:06:00,UPI,Delivered,15,18,True,1966.0,10
1358,32379,15,62,2026-06-17 12:49:00,2026-06-17 12:54:00,2026-06-17 13:06:00,UPI,Delivered,15,17,True,479.0,3
1359,13928,6,6,2026-06-24 19:20:00,2026-06-24 19:24:00,2026-06-24 19:41:00,UPI,Delivered,15,21,True,2870.0,10
1360,20299,1,137,2026-06-20 19:25:00,2026-06-20 19:28:00,2026-06-20 19:45:00,Card,Delivered,15,20,True,1961.0,13
1361,35717,15,163,2026-06-23 20:42:00,2026-06-23 20:45:00,2026-06-23 21:01:00,Card,Delivered,15,19,True,350.0,2
1362,11898,3,87,2026-06-11 12:54:00,2026-06-11 12:58:00,2026-06-11 13:12:00,Wallet,Delivered,15,18,True,808.0,4
1363,12475,14,130,2026-06-06 18:47:00,2026-06-06 18:49:00,2026-06-06 18:58:00,Wallet,Delivered,15,11,False,1222.0,5
1364,43210,20,119,2026-06-25 19:28:00,2026-06-25 19:32:00,2026-06-25 19:48:00,COD,Delivered,15,20,True,2757.0,11
1365,21079,2,189,2026-06-16 21:03:00,2026-06-16 21:05:00,2026-06-16 21:19:00,Card,Returned,15,16,True,1769.0,6
1366,22149,17,134,2026-06-18 12:05:00,2026-06-18 12:08:00,2026-06-18 12:23:00,UPI,Delivered,15,18,True,536.0,2
1367,26749,9,133,2026-06-29 19:17:00,2026-06-29 19:22:00,2026-06-29 19:39:00,UPI,Delivered,15,22,True,1598.0,5
1368,12702,17,30,2026-06-07 14:13:00,2026-06-07 14:16:00,2026-06-07 14:26:00,UPI,Delivered,15,13,False,2726.0,8
1369,26973,4,63,2026-06-27 21:21:00,2026-06-27 21:24:00,2026-06-27 21:37:00,UPI,Delivered,15,16,True,2100.0,8
1370,33988,3,142,2026-06-07 19:58:00,2026-06-07 20:01:00,2026-06-07 20:24:00,Card,Delivered,15,26,True,1674.0,6
1371,16354,9,164,2026-06-28 12:48:00,2026-06-28 12:53:00,2026-06-28 13:00:00,UPI,Delivered,15,12,False,891.0,5
1372,24512,11,104,2026-06-03 20:40:00,2026-06-03 20:45:00,2026-06-03 20:58:00,UPI,Cancelled,15,18,True,340.0,2
1373,12272,9,144,2026-06-14 20:40:00,2026-06-14 20:45:00,2026-06-14 21:03:00,UPI,Delivered,15,23,True,932.0,4
1374,40697,6,181,2026-06-07 19:17:00,2026-06-07 19:20:00,2026-06-07 19:34:00,Wallet,Returned,15,17,True,1977.0,6
1375,30694,13,154,2026-06-12 13:12:00,2026-06-12 13:16:00,2026-06-12 13:34:00,UPI,Delivered,15,22,True,1388.0,9
1376,29177,12,4,2026-06-28 13:38:00,2026-06-28 13:42:00,2026-06-28 13:55:00,COD,Delivered,15,17,True,779.0,6
1377,45067,10,67,2026-06-11 20:54:00,2026-06-11 20:58:00,2026-06-11 21:10:00,COD,Delivered,15,16,True,1338.0,6
1378,40659,14,56,2026-06-08 20:38:00,2026-06-08 20:41:00,2026-06-08 21:00:00,COD,Delivered,15,22,True,1700.0,5
1379,48215,15,21,2026-06-11 18:44:00,2026-06-11 18:47:00,2026-06-11 18:56:00,COD,Delivered,15,12,False,1497.0,10
1380,39625,11,9,2026-06-06 20:33:00,2026-06-06 20:37:00,2026-06-06 20:56:00,Wallet,Delivered,15,23,True,2300.0,9
1381,13459,10,32,2026-06-21 20:05:00,2026-06-21 20:09:00,2026-06-21 20:25:00,UPI,Delivered,15,20,True,2724.0,9
1382,36850,1,92,2026-06-19 10:59:00,2026-06-19 11:01:00,2026-06-19 11:12:00,UPI,Cancelled,15,13,False,1529.0,7
1383,47896,17,147,2026-06-26 18:48:00,2026-06-26 18:51:00,2026-06-26 19:04:00,UPI,Delivered,15,16,True,989.0,5
1384,46543,10,183,2026-06-29 11:47:00,2026-06-29 11:50:00,2026-06-29 12:02:00,UPI,Delivered,15,15,False,881.0,5
1385,29296,7,74,2026-06-25 20:07:00,2026-06-25 20:10:00,2026-06-25 20:18:00,Card,Delivered,15,11,False,2710.0,10
1386,22809,16,171,2026-06-20 19:25:00,2026-06-20 19:29:00,2026-06-20 19:40:00,UPI,Cancelled,15,15,False,943.0,4
1387,33906,19,177,2026-06-23 20:11:00,2026-06-23 20:15:00,2026-06-23 20:32:00,COD,Delivered,15,21,True,930.0,3
1388,22138,13,116,2026-06-12 20:34:00,2026-06-12 20:38:00,2026-06-12 20:57:00,UPI,Cancelled,15,23,True,856.0,2
1389,27296,3,94,2026-06-20 18:02:00,2026-06-20 18:07:00,2026-06-20 18:17:00,UPI,Delivered,15,15,False,512.0,2
1390,13955,13,65,2026-06-26 22:32:00,2026-06-26 22:34:00,2026-06-26 22:49:00,Wallet,Delivered,15,17,True,1720.0,8
1391,37991,7,75,2026-06-18 12:18:00,2026-06-18 12:23:00,2026-06-18 12:37:00,UPI,Delivered,15,19,True,1406.0,5
1392,19756,8,128,2026-06-29 19:59:00,2026-06-29 20:04:00,2026-06-29 20:17:00,Card,Returned,15,18,True,3696.0,13
1393,21576,5,37,2026-06-24 19:26:00,2026-06-24 19:29:00,2026-06-24 19:43:00,UPI,Delivered,15,17,True,834.0,3
1394,48963,8,128,2026-06-23 13:54:00,2026-06-23 13:58:00,2026-06-23 14:06:00,Card,Delivered,15,12,False,1937.0,7
1395,13018,16,171,2026-06-26 18:01:00,2026-06-26 18:06:00,2026-06-26 18:14:00,UPI,Delivered,15,13,False,1114.0,8
1396,45960,11,9,2026-06-07 19:18:00,2026-06-07 19:20:00,2026-06-07 19:40:00,UPI,Cancelled,15,22,True,1227.0,8
1397,30035,2,14,2026-06-30 14:27:00,2026-06-30 14:30:00,2026-06-30 14:41:00,Wallet,Cancelled,15,14,False,2029.0,8
1398,40552,6,165,2026-06-16 22:49:00,2026-06-16 22:54:00,2026-06-16 22:59:00,UPI,Delivered,15,10,False,1287.0,3
1399,24529,6,60,2026-06-14 20:35:00,2026-06-14 20:38:00,2026-06-14 20:54:00,UPI,Delivered,15,19,True,846.0,4
1400,17835,1,88,2026-06-10 20:47:00,2026-06-10 20:51:00,2026-06-10 21:06:00,UPI,Delivered,15,19,True,1461.0,5
1401,26430,2,112,2026-06-09 09:35:00,2026-06-09 09:37:00,2026-06-09 09:49:00,UPI,Delivered,15,14,False,843.0,5
1402,32004,11,184,2026-06-24 12:22:00,2026-06-24 12:25:00,2026-06-24 12:36:00,Card,Delivered,15,14,False,1241.0,8
1403,23672,19,12,2026-06-10 13:48:00,2026-06-10 13:52:00,2026-06-10 14:03:00,Card,Delivered,15,15,False,3789.0,13
1404,40311,18,140,2026-06-19 14:28:00,2026-06-19 14:33:00,2026-06-19 14:45:00,UPI,Delivered,15,17,True,2318.0,7
1405,29518,12,115,2026-06-15 13:00:00,2026-06-15 13:02:00,2026-06-15 13:16:00,UPI,Delivered,15,16,True,2182.0,9
1406,47298,3,159,2026-06-15 22:00:00,2026-06-15 22:05:00,2026-06-15 22:16:00,UPI,Delivered,15,16,True,795.0,5
1407,36743,9,144,2026-06-04 21:48:00,2026-06-04 21:51:00,2026-06-04 22:04:00,UPI,Returned,15,16,True,484.0,3
1408,45268,8,120,2026-06-06 09:30:00,2026-06-06 09:35:00,2026-06-06 09:42:00,UPI,Cancelled,15,12,False,1106.0,4
1409,44476,12,86,2026-06-29 20:18:00,2026-06-29 20:22:00,2026-06-29 20:35:00,Card,Delivered,15,17,True,1538.0,9
1410,12589,8,120,2026-06-04 20:59:00,2026-06-04 21:02:00,2026-06-04 21:25:00,UPI,Delivered,15,26,True,1498.0,4
1411,41522,5,151,2026-06-25 20:27:00,2026-06-25 20:31:00,2026-06-25 20:42:00,COD,Delivered,15,15,False,1857.0,7
1412,44579,8,128,2026-06-29 10:31:00,2026-06-29 10:33:00,2026-06-29 10:42:00,Wallet,Delivered,15,11,False,33.0,1
1413,10085,15,62,2026-06-03 10:58:00,2026-06-03 11:03:00,2026-06-03 11:13:00,Card,Delivered,15,15,False,1148.0,7
1414,47123,6,191,2026-06-05 11:43:00,2026-06-05 11:47:00,2026-06-05 11:54:00,Card,Delivered,15,11,False,1847.0,8
1415,27344,20,26,2026-06-21 20:42:00,2026-06-21 20:45:00,2026-06-21 21:06:00,UPI,Delivered,15,24,True,157.0,1
1416,23294,1,121,2026-06-20 20:01:00,2026-06-20 20:05:00,2026-06-20 20:22:00,UPI,Delivered,15,21,True,213.0,3
1417,13738,2,188,2026-06-14 12:10:00,2026-06-14 12:13:00,2026-06-14 12:25:00,UPI,Cancelled,15,15,False,1023.0,5
1418,26771,13,161,2026-06-15 20:23:00,2026-06-15 20:25:00,2026-06-15 20:31:00,UPI,Delivered,15,8,False,463.0,3
1419,20908,18,168,2026-06-11 20:15:00,2026-06-11 20:18:00,2026-06-11 20:37:00,Card,Delivered,15,22,True,847.0,4
1420,16513,5,151,2026-06-20 13:21:00,2026-06-20 13:23:00,2026-06-20 13:42:00,Wallet,Delivered,15,21,True,2318.0,11
1421,39707,12,86,2026-06-19 14:16:00,2026-06-19 14:21:00,2026-06-19 14:30:00,UPI,Delivered,15,14,False,22.0,1
1422,23650,19,48,2026-06-22 11:07:00,2026-06-22 11:09:00,2026-06-22 11:19:00,UPI,Delivered,15,12,False,247.0,1
1423,34659,18,168,2026-06-27 13:22:00,2026-06-27 13:26:00,2026-06-27 13:42:00,Wallet,Delivered,15,20,True,1810.0,13
1424,24876,10,102,2026-06-09 17:11:00,2026-06-09 17:13:00,2026-06-09 17:24:00,Wallet,Delivered,15,13,False,1464.0,9
1425,47097,13,13,2026-06-22 21:11:00,2026-06-22 21:15:00,2026-06-22 21:29:00,UPI,Delivered,15,18,True,532.0,3
1426,41145,9,198,2026-06-14 19:11:00,2026-06-14 19:14:00,2026-06-14 19:37:00,UPI,Delivered,15,26,True,1323.0,7
1427,23236,12,41,2026-06-21 10:28:00,2026-06-21 10:30:00,2026-06-21 10:38:00,UPI,Delivered,15,10,False,264.0,2
1428,36585,15,21,2026-06-18 19:22:00,2026-06-18 19:25:00,2026-06-18 19:39:00,Wallet,Delivered,15,17,True,1758.0,7
1429,18568,14,197,2026-06-27 10:34:00,2026-06-27 10:39:00,2026-06-27 10:50:00,COD,Delivered,15,16,True,3104.0,12
1430,34879,6,90,2026-06-03 19:43:00,2026-06-03 19:47:00,2026-06-03 20:01:00,Wallet,Delivered,15,18,True,792.0,4
1431,40258,5,76,2026-06-10 22:45:00,2026-06-10 22:48:00,2026-06-10 22:58:00,Card,Delivered,15,13,False,1051.0,4
1432,36816,15,163,2026-06-07 10:44:00,2026-06-07 10:47:00,2026-06-07 10:56:00,Card,Delivered,15,12,False,42.0,2
1433,47756,9,31,2026-06-06 13:09:00,2026-06-06 13:11:00,2026-06-06 13:27:00,UPI,Delivered,15,18,True,2876.0,11
1434,41273,12,115,2026-06-17 19:42:00,2026-06-17 19:44:00,2026-06-17 20:09:00,UPI,Delivered,15,27,True,315.0,3
1435,35473,19,149,2026-06-06 20:08:00,2026-06-06 20:13:00,2026-06-06 20:27:00,UPI,Delivered,15,19,True,1404.0,6
1436,33457,4,125,2026-06-23 13:26:00,2026-06-23 13:30:00,2026-06-23 13:41:00,UPI,Delivered,15,15,False,1289.0,10
1437,22483,12,18,2026-06-23 21:15:00,2026-06-23 21:17:00,2026-06-23 21:31:00,UPI,Delivered,15,16,True,1956.0,9
1438,41100,4,175,2026-06-03 21:43:00,2026-06-03 21:46:00,2026-06-03 21:56:00,Wallet,Delivered,15,13,False,2140.0,8
1439,47866,16,155,2026-06-27 11:28:00,2026-06-27 11:30:00,2026-06-27 11:44:00,COD,Delivered,15,16,True,914.0,4
1440,30668,18,140,2026-06-25 17:20:00,2026-06-25 17:22:00,2026-06-25 17:35:00,COD,Delivered,15,15,False,1252.0,5
1441,42631,18,1,2026-06-03 10:55:00,2026-06-03 10:57:00,2026-06-03 11:08:00,UPI,Delivered,15,13,False,1902.0,7
1442,24576,16,199,2026-06-19 17:10:00,2026-06-19 17:14:00,2026-06-19 17:23:00,UPI,Delivered,15,13,False,1481.0,9
1443,40479,15,62,2026-06-18 15:40:00,2026-06-18 15:45:00,2026-06-18 15:56:00,UPI,Cancelled,15,16,True,2241.0,7
1444,41226,12,146,2026-06-28 17:36:00,2026-06-28 17:41:00,2026-06-28 17:48:00,UPI,Cancelled,15,12,False,2437.0,9
1445,33921,2,188,2026-06-24 12:46:00,2026-06-24 12:51:00,2026-06-24 12:58:00,UPI,Delivered,15,12,False,453.0,3
1446,30137,18,168,2026-06-04 18:55:00,2026-06-04 18:58:00,2026-06-04 19:08:00,COD,Delivered,15,13,False,568.0,2
1447,45171,7,53,2026-06-26 13:38:00,2026-06-26 13:40:00,2026-06-26 13:52:00,UPI,Delivered,15,14,False,2754.0,9
1448,48798,5,35,2026-06-14 20:46:00,2026-06-14 20:51:00,2026-06-14 21:07:00,UPI,Delivered,15,21,True,2215.0,9
1449,42587,17,2,2026-06-29 20:31:00,2026-06-29 20:35:00,2026-06-29 20:55:00,Card,Cancelled,15,24,True,1601.0,10
1450,19110,18,42,2026-06-02 20:32:00,2026-06-02 20:34:00,2026-06-02 20:53:00,UPI,Delivered,15,21,True,1594.0,10
1451,38286,8,152,2026-06-06 12:39:00,2026-06-06 12:42:00,2026-06-06 12:58:00,UPI,Delivered,15,19,True,1282.0,5
1452,35831,14,7,2026-06-13 20:06:00,2026-06-13 20:08:00,2026-06-13 20:29:00,Wallet,Delivered,15,23,True,732.0,4
1453,37443,7,75,2026-06-26 14:38:00,2026-06-26 14:42:00,2026-06-26 14:51:00,UPI,Delivered,15,13,False,910.0,6
1454,42812,2,24,2026-06-04 09:59:00,2026-06-04 10:03:00,2026-06-04 10:15:00,COD,Delivered,15,16,True,2168.0,8
1455,13763,7,101,2026-06-28 14:26:00,2026-06-28 14:28:00,2026-06-28 14:39:00,COD,Delivered,15,13,False,2759.0,10
1456,35248,7,22,2026-06-21 19:45:00,2026-06-21 19:50:00,2026-06-21 20:08:00,UPI,Delivered,15,23,True,2086.0,9
1457,19942,13,13,2026-06-26 20:04:00,2026-06-26 20:06:00,2026-06-26 20:13:00,COD,Delivered,15,9,False,78.0,2
1458,23019,2,24,2026-06-12 19:26:00,2026-06-12 19:30:00,2026-06-12 19:46:00,UPI,Delivered,15,20,True,1202.0,6
1459,30069,1,46,2026-06-12 20:57:00,2026-06-12 21:01:00,2026-06-12 21:20:00,COD,Delivered,15,23,True,3128.0,11
1460,12622,20,119,2026-06-27 13:18:00,2026-06-27 13:23:00,2026-06-27 13:37:00,UPI,Delivered,15,19,True,1205.0,10
1461,11154,2,136,2026-06-22 20:11:00,2026-06-22 20:13:00,2026-06-22 20:25:00,UPI,Cancelled,15,14,False,3126.0,12
1462,16027,10,95,2026-06-05 18:58:00,2026-06-05 19:01:00,2026-06-05 19:11:00,Card,Delivered,15,13,False,408.0,1
1463,28382,2,34,2026-06-15 15:58:00,2026-06-15 16:02:00,2026-06-15 16:14:00,UPI,Delivered,15,16,True,1262.0,4
1464,15075,8,152,2026-06-09 09:30:00,2026-06-09 09:33:00,2026-06-09 09:42:00,Card,Delivered,15,12,False,1644.0,6
1465,19123,5,35,2026-06-28 19:15:00,2026-06-28 19:18:00,2026-06-28 19:35:00,COD,Cancelled,15,20,True,3054.0,9
1466,19339,1,36,2026-06-03 21:29:00,2026-06-03 21:32:00,2026-06-03 21:42:00,Card,Delivered,15,13,False,1775.0,6
1467,18036,15,187,2026-06-27 21:39:00,2026-06-27 21:41:00,2026-06-27 21:53:00,COD,Delivered,15,14,False,962.0,3
1468,36026,14,7,2026-06-01 21:18:00,2026-06-01 21:20:00,2026-06-01 21:33:00,COD,Returned,15,15,False,730.0,3
1469,34020,8,120,2026-06-16 20:56:00,2026-06-16 20:59:00,2026-06-16 21:23:00,UPI,Delivered,15,27,True,1096.0,3
1470,42676,15,187,2026-06-15 19:26:00,2026-06-15 19:31:00,2026-06-15 19:51:00,UPI,Delivered,15,25,True,1395.0,6
1471,18661,3,94,2026-06-23 13:50:00,2026-06-23 13:52:00,2026-06-23 14:10:00,COD,Returned,15,20,True,2316.0,7
1472,16825,18,105,2026-06-02 12:41:00,2026-06-02 12:44:00,2026-06-02 12:55:00,UPI,Delivered,15,14,False,1932.0,8
1473,20030,1,121,2026-06-08 14:22:00,2026-06-08 14:26:00,2026-06-08 14:39:00,UPI,Delivered,15,17,True,886.0,4
1474,48883,12,148,2026-06-19 21:57:00,2026-06-19 22:00:00,2026-06-19 22:11:00,UPI,Delivered,15,14,False,1509.0,9
1475,36174,2,24,2026-06-29 18:31:00,2026-06-29 18:36:00,2026-06-29 18:49:00,UPI,Delivered,15,18,True,417.0,3
1476,36755,13,154,2026-06-18 19:50:00,2026-06-18 19:53:00,2026-06-18 20:07:00,UPI,Delivered,15,17,True,2131.0,8
1477,32366,13,154,2026-06-19 17:04:00,2026-06-19 17:08:00,2026-06-19 17:18:00,Card,Delivered,15,14,False,69.0,1
1478,21111,3,142,2026-06-06 19:49:00,2026-06-06 19:51:00,2026-06-06 20:08:00,UPI,Delivered,15,19,True,492.0,3
1479,12669,20,72,2026-06-01 22:23:00,2026-06-01 22:28:00,2026-06-01 22:40:00,UPI,Delivered,15,17,True,947.0,5
1480,29155,7,74,2026-06-06 21:13:00,2026-06-06 21:16:00,2026-06-06 21:22:00,UPI,Delivered,15,9,False,1847.0,9
1481,18295,4,10,2026-06-01 19:19:00,2026-06-01 19:24:00,2026-06-01 19:36:00,Card,Delivered,15,17,True,2502.0,11
1482,32062,12,18,2026-06-21 08:18:00,2026-06-21 08:22:00,2026-06-21 08:35:00,UPI,Delivered,15,17,True,2037.0,6
1483,27758,14,56,2026-06-11 11:22:00,2026-06-11 11:27:00,2026-06-11 11:36:00,COD,Delivered,15,14,False,1704.0,8
1484,12648,9,144,2026-06-26 15:58:00,2026-06-26 16:03:00,2026-06-26 16:13:00,Card,Delivered,15,15,False,870.0,2
1485,45553,19,110,2026-06-27 20:07:00,2026-06-27 20:12:00,2026-06-27 20:27:00,UPI,Delivered,15,20,True,1788.0,8
1486,13549,8,29,2026-06-01 20:38:00,2026-06-01 20:42:00,2026-06-01 20:57:00,Card,Delivered,15,19,True,783.0,8
1487,13814,17,106,2026-06-20 20:07:00,2026-06-20 20:09:00,2026-06-20 20:32:00,UPI,Delivered,15,25,True,794.0,2
1488,36892,8,120,2026-06-24 19:59:00,2026-06-24 20:01:00,2026-06-24 20:11:00,UPI,Returned,15,12,False,1272.0,5
1489,26714,1,121,2026-06-11 14:09:00,2026-06-11 14:13:00,2026-06-11 14:25:00,UPI,Delivered,15,16,True,1998.0,9
1490,14711,13,166,2026-06-18 20:40:00,2026-06-18 20:44:00,2026-06-18 20:59:00,COD,Delivered,15,19,True,1432.0,8
1491,17309,12,85,2026-06-11 19:29:00,2026-06-11 19:33:00,2026-06-11 19:49:00,UPI,Returned,15,20,True,2818.0,8
1492,10611,3,159,2026-06-19 11:15:00,2026-06-19 11:20:00,2026-06-19 11:27:00,UPI,Delivered,15,12,False,1331.0,5
1493,17422,13,33,2026-06-29 15:28:00,2026-06-29 15:33:00,2026-06-29 15:37:00,UPI,Delivered,15,9,False,1209.0,6
1494,17052,12,19,2026-06-27 19:28:00,2026-06-27 19:32:00,2026-06-27 19:48:00,Wallet,Cancelled,15,20,True,1926.0,10
1495,13009,3,142,2026-06-23 21:33:00,2026-06-23 21:38:00,2026-06-23 21:43:00,UPI,Delivered,15,10,False,2365.0,8
1496,45576,17,30,2026-06-04 20:08:00,2026-06-04 20:13:00,2026-06-04 20:30:00,Card,Delivered,15,22,True,1920.0,8
1497,30875,16,155,2026-06-13 20:53:00,2026-06-13 20:57:00,2026-06-13 21:04:00,Card,Delivered,15,11,False,3744.0,10
1498,40598,4,167,2026-06-07 18:22:00,2026-06-07 18:26:00,2026-06-07 18:35:00,Card,Cancelled,15,13,False,238.0,1
1499,32200,8,128,2026-06-02 09:00:00,2026-06-02 09:05:00,2026-06-02 09:15:00,UPI,Delivered,15,15,False,1130.0,4
1500,14535,1,88,2026-06-18 20:14:00,2026-06-18 20:17:00,2026-06-18 20:33:00,UPI,Returned,15,19,True,789.0,7
1501,24165,2,28,2026-06-20 22:12:00,2026-06-20 22:17:00,2026-06-20 22:24:00,COD,Delivered,15,12,False,2085.0,10
1502,36309,19,97,2026-06-18 13:10:00,2026-06-18 13:14:00,2026-06-18 13:26:00,UPI,Cancelled,15,16,True,1508.0,5
1503,36187,16,171,2026-06-05 21:46:00,2026-06-05 21:51:00,2026-06-05 21:59:00,Wallet,Cancelled,15,13,False,2456.0,10
1504,27900,11,25,2026-06-22 19:14:00,2026-06-22 19:19:00,2026-06-22 19:37:00,COD,Delivered,15,23,True,1636.0,5
1505,32914,13,166,2026-06-02 09:10:00,2026-06-02 09:12:00,2026-06-02 09:26:00,UPI,Delivered,15,16,True,632.0,2
1506,32256,10,51,2026-06-27 13:07:00,2026-06-27 13:09:00,2026-06-27 13:25:00,UPI,Delivered,15,18,True,1405.0,8
1507,44352,20,11,2026-06-03 20:09:00,2026-06-03 20:13:00,2026-06-03 20:31:00,UPI,Delivered,15,22,True,2411.0,8
1508,27067,13,174,2026-06-25 09:55:00,2026-06-25 10:00:00,2026-06-25 10:09:00,UPI,Delivered,15,14,False,2248.0,10
1509,35155,16,155,2026-06-06 20:09:00,2026-06-06 20:14:00,2026-06-06 20:29:00,Card,Delivered,15,20,True,417.0,3
1510,38599,18,172,2026-06-29 11:26:00,2026-06-29 11:29:00,2026-06-29 11:40:00,UPI,Delivered,15,14,False,1130.0,5
1511,21805,7,22,2026-06-13 14:25:00,2026-06-13 14:28:00,2026-06-13 14:40:00,COD,Delivered,15,15,False,2106.0,7
1512,16676,6,111,2026-06-15 21:48:00,2026-06-15 21:53:00,2026-06-15 22:00:00,UPI,Delivered,15,12,False,1736.0,8
1513,49955,8,29,2026-06-10 20:05:00,2026-06-10 20:08:00,2026-06-10 20:22:00,COD,Delivered,15,17,True,418.0,4
1514,46742,9,31,2026-06-23 12:58:00,2026-06-23 13:03:00,2026-06-23 13:13:00,UPI,Delivered,15,15,False,2239.0,11
1515,22521,4,70,2026-06-30 20:29:00,2026-06-30 20:32:00,2026-06-30 20:59:00,Card,Cancelled,15,30,True,1401.0,4
1516,38887,10,129,2026-06-04 19:24:00,2026-06-04 19:26:00,2026-06-04 19:43:00,UPI,Delivered,15,19,True,1519.0,8
1517,33639,5,151,2026-06-01 12:32:00,2026-06-01 12:36:00,2026-06-01 12:55:00,COD,Delivered,15,23,True,4152.0,15
1518,31407,4,10,2026-06-21 18:08:00,2026-06-21 18:11:00,2026-06-21 18:22:00,UPI,Delivered,15,14,False,1115.0,4
1519,46492,16,155,2026-06-08 19:47:00,2026-06-08 19:51:00,2026-06-08 20:10:00,UPI,Delivered,15,23,True,2751.0,7
1520,26275,6,191,2026-06-22 21:21:00,2026-06-22 21:26:00,2026-06-22 21:38:00,UPI,Delivered,15,17,True,735.0,3
1521,23814,4,70,2026-06-30 20:40:00,2026-06-30 20:42:00,2026-06-30 21:00:00,UPI,Delivered,15,20,True,588.0,3
1522,24910,2,54,2026-06-10 20:46:00,2026-06-10 20:51:00,2026-06-10 21:10:00,UPI,Cancelled,15,24,True,607.0,4
1523,37063,18,192,2026-06-05 20:10:00,2026-06-05 20:14:00,2026-06-05 20:32:00,UPI,Delivered,15,22,True,809.0,6
1524,16082,10,126,2026-06-03 20:41:00,2026-06-03 20:43:00,2026-06-03 21:01:00,COD,Delivered,15,20,True,315.0,1
1525,35237,5,193,2026-06-10 12:54:00,2026-06-10 12:57:00,2026-06-10 13:10:00,UPI,Delivered,15,16,True,1500.0,6
1526,12909,5,193,2026-06-26 11:37:00,2026-06-26 11:39:00,2026-06-26 11:50:00,COD,Delivered,15,13,False,2533.0,10
1527,33225,15,21,2026-06-14 21:08:00,2026-06-14 21:10:00,2026-06-14 21:27:00,COD,Returned,15,19,True,2247.0,7
1528,25442,10,178,2026-06-29 12:54:00,2026-06-29 12:59:00,2026-06-29 13:09:00,UPI,Delivered,15,15,False,1197.0,7
1529,15090,5,76,2026-06-27 13:02:00,2026-06-27 13:04:00,2026-06-27 13:18:00,UPI,Delivered,15,16,True,412.0,3
1530,11318,2,109,2026-06-15 19:28:00,2026-06-15 19:31:00,2026-06-15 19:59:00,UPI,Delivered,15,31,True,2952.0,11
1531,22978,18,105,2026-06-08 11:48:00,2026-06-08 11:52:00,2026-06-08 12:03:00,Wallet,Delivered,15,15,False,2641.0,11
1532,30656,6,191,2026-06-11 22:28:00,2026-06-11 22:33:00,2026-06-11 22:39:00,UPI,Delivered,15,11,False,2449.0,7
1533,23111,11,25,2026-06-21 13:21:00,2026-06-21 13:23:00,2026-06-21 13:40:00,UPI,Delivered,15,19,True,968.0,4
1534,26963,5,37,2026-06-26 20:55:00,2026-06-26 21:00:00,2026-06-26 21:20:00,Card,Delivered,15,25,True,1564.0,8
1535,41711,10,67,2026-06-08 18:50:00,2026-06-08 18:54:00,2026-06-08 19:02:00,Card,Delivered,15,12,False,1065.0,4
1536,45436,3,87,2026-06-12 19:16:00,2026-06-12 19:21:00,2026-06-12 19:37:00,UPI,Delivered,15,21,True,621.0,5
1537,46335,3,142,2026-06-03 20:18:00,2026-06-03 20:22:00,2026-06-03 20:40:00,UPI,Delivered,15,22,True,1462.0,8
1538,45520,9,144,2026-06-18 22:59:00,2026-06-18 23:03:00,2026-06-18 23:13:00,UPI,Returned,15,14,False,384.0,1
1539,29836,10,122,2026-06-18 21:44:00,2026-06-18 21:46:00,2026-06-18 21:58:00,COD,Delivered,15,14,False,1238.0,5
1540,39567,19,200,2026-06-01 21:18:00,2026-06-01 21:21:00,2026-06-01 21:29:00,COD,Delivered,15,11,False,844.0,2
1541,19700,14,68,2026-06-28 19:30:00,2026-06-28 19:33:00,2026-06-28 19:46:00,UPI,Delivered,15,16,True,1434.0,7
1542,43168,4,70,2026-06-27 18:01:00,2026-06-27 18:05:00,2026-06-27 18:15:00,UPI,Cancelled,15,14,False,2195.0,9
1543,10218,3,186,2026-06-02 22:41:00,2026-06-02 22:46:00,2026-06-02 22:50:00,COD,Delivered,15,9,False,1844.0,7
1544,18020,9,144,2026-06-13 12:17:00,2026-06-13 12:19:00,2026-06-13 12:30:00,COD,Delivered,15,13,False,344.0,2
1545,39499,17,106,2026-06-12 20:51:00,2026-06-12 20:55:00,2026-06-12 21:07:00,COD,Delivered,15,16,True,1792.0,10
1546,31687,7,108,2026-06-11 08:21:00,2026-06-11 08:25:00,2026-06-11 08:35:00,UPI,Delivered,15,14,False,1315.0,7
1547,40777,20,55,2026-06-22 20:01:00,2026-06-22 20:06:00,2026-06-22 20:16:00,UPI,Returned,15,15,False,950.0,10
1548,42603,17,59,2026-06-13 20:06:00,2026-06-13 20:08:00,2026-06-13 20:25:00,UPI,Delivered,15,19,True,2592.0,9
1549,23716,17,59,2026-06-15 11:29:00,2026-06-15 11:32:00,2026-06-15 11:41:00,UPI,Delivered,15,12,False,630.0,2
1550,22049,5,123,2026-06-19 19:58:00,2026-06-19 20:02:00,2026-06-19 20:09:00,Card,Delivered,15,11,False,116.0,1
1551,31079,10,129,2026-06-20 20:37:00,2026-06-20 20:41:00,2026-06-20 20:54:00,COD,Cancelled,15,17,True,1580.0,7
1552,20317,13,154,2026-06-02 21:05:00,2026-06-02 21:09:00,2026-06-02 21:19:00,COD,Delivered,15,14,False,3767.0,11
1553,19432,9,96,2026-06-23 22:39:00,2026-06-23 22:44:00,2026-06-23 22:52:00,Card,Delivered,15,13,False,782.0,4
1554,27186,6,80,2026-06-14 20:48:00,2026-06-14 20:53:00,2026-06-14 21:10:00,COD,Delivered,15,22,True,1083.0,7
1555,32500,17,59,2026-06-08 21:52:00,2026-06-08 21:54:00,2026-06-08 22:01:00,UPI,Delivered,15,9,False,1418.0,6
1556,14944,12,4,2026-06-08 19:29:00,2026-06-08 19:34:00,2026-06-08 19:43:00,Card,Delivered,15,14,False,659.0,4
1557,36083,14,197,2026-06-10 12:36:00,2026-06-10 12:40:00,2026-06-10 12:44:00,Card,Delivered,15,8,False,1073.0,4
1558,14619,20,26,2026-06-06 10:44:00,2026-06-06 10:49:00,2026-06-06 10:56:00,UPI,Delivered,15,12,False,1046.0,8
1559,15287,1,114,2026-06-05 12:36:00,2026-06-05 12:38:00,2026-06-05 12:50:00,UPI,Delivered,15,14,False,2234.0,7
1560,22740,12,86,2026-06-12 19:06:00,2026-06-12 19:11:00,2026-06-12 19:24:00,COD,Delivered,15,18,True,1460.0,10
1561,26318,3,87,2026-06-01 10:16:00,2026-06-01 10:19:00,2026-06-01 10:28:00,UPI,Delivered,15,12,False,614.0,11
1562,42967,20,93,2026-06-24 22:50:00,2026-06-24 22:55:00,2026-06-24 23:03:00,UPI,Delivered,15,13,False,344.0,2
1563,36224,15,180,2026-06-05 19:35:00,2026-06-05 19:39:00,2026-06-05 19:49:00,UPI,Delivered,15,14,False,1296.0,6
1564,19477,3,94,2026-06-03 22:41:00,2026-06-03 22:46:00,2026-06-03 22:56:00,UPI,Delivered,15,15,False,639.0,2
1565,22412,2,136,2026-06-06 20:40:00,2026-06-06 20:43:00,2026-06-06 20:59:00,COD,Delivered,15,19,True,1491.0,10
1566,13551,13,161,2026-06-24 13:11:00,2026-06-24 13:16:00,2026-06-24 13:30:00,UPI,Returned,15,19,True,1667.0,8
1567,27449,1,57,2026-06-09 11:00:00,2026-06-09 11:05:00,2026-06-09 11:13:00,Card,Cancelled,15,13,False,776.0,6
1568,39671,17,147,2026-06-01 19:23:00,2026-06-01 19:25:00,2026-06-01 19:41:00,UPI,Delivered,15,18,True,987.0,6
1569,14567,13,174,2026-06-10 20:07:00,2026-06-10 20:09:00,2026-06-10 20:25:00,Card,Delivered,15,18,True,1199.0,5
1570,22266,6,191,2026-06-29 21:24:00,2026-06-29 21:29:00,2026-06-29 21:36:00,UPI,Cancelled,15,12,False,312.0,2
1571,10543,6,6,2026-06-12 17:01:00,2026-06-12 17:03:00,2026-06-12 17:17:00,COD,Delivered,15,16,True,1610.0,6
1572,22548,10,32,2026-06-13 10:40:00,2026-06-13 10:42:00,2026-06-13 10:56:00,Card,Cancelled,15,16,True,795.0,6
1573,11514,5,153,2026-06-22 12:39:00,2026-06-22 12:44:00,2026-06-22 13:02:00,Card,Delivered,15,23,True,1445.0,9
1574,13892,6,23,2026-06-25 14:38:00,2026-06-25 14:41:00,2026-06-25 14:51:00,COD,Delivered,15,13,False,366.0,1
1575,35989,11,103,2026-06-22 21:46:00,2026-06-22 21:48:00,2026-06-22 21:58:00,Wallet,Delivered,15,12,False,2415.0,10
1576,31920,7,22,2026-06-18 19:10:00,2026-06-18 19:13:00,2026-06-18 19:30:00,Card,Delivered,15,20,True,1694.0,4
1577,48727,11,184,2026-06-03 18:55:00,2026-06-03 18:59:00,2026-06-03 19:09:00,Card,Cancelled,15,14,False,998.0,4
1578,49438,11,184,2026-06-02 20:52:00,2026-06-02 20:54:00,2026-06-02 21:13:00,UPI,Delivered,15,21,True,712.0,2
1579,34293,11,184,2026-06-16 21:44:00,2026-06-16 21:47:00,2026-06-16 22:00:00,UPI,Delivered,15,16,True,735.0,4
1580,15960,1,88,2026-06-11 14:44:00,2026-06-11 14:47:00,2026-06-11 14:58:00,UPI,Delivered,15,14,False,1097.0,6
1581,36567,10,32,2026-06-24 12:18:00,2026-06-24 12:22:00,2026-06-24 12:36:00,UPI,Delivered,15,18,True,2348.0,9
1582,46467,15,187,2026-06-08 13:27:00,2026-06-08 13:31:00,2026-06-08 13:44:00,UPI,Delivered,15,17,True,1096.0,4
1583,30399,5,170,2026-06-01 21:57:00,2026-06-01 21:59:00,2026-06-01 22:15:00,COD,Delivered,15,18,True,336.0,1
1584,45961,9,164,2026-06-14 20:23:00,2026-06-14 20:27:00,2026-06-14 20:34:00,UPI,Delivered,15,11,False,1543.0,8
1585,46868,8,152,2026-06-10 14:21:00,2026-06-10 14:25:00,2026-06-10 14:34:00,COD,Delivered,15,13,False,1435.0,5
1586,39068,2,66,2026-06-22 14:38:00,2026-06-22 14:40:00,2026-06-22 14:50:00,Card,Delivered,15,12,False,242.0,2
1587,17799,13,13,2026-06-18 21:48:00,2026-06-18 21:53:00,2026-06-18 22:04:00,COD,Delivered,15,16,True,630.0,2
1588,30868,11,17,2026-06-28 19:02:00,2026-06-28 19:04:00,2026-06-28 19:11:00,COD,Delivered,15,9,False,1314.0,8
1589,41153,11,9,2026-06-28 20:55:00,2026-06-28 20:58:00,2026-06-28 21:20:00,COD,Delivered,15,25,True,1800.0,7
1590,48697,12,39,2026-06-22 12:00:00,2026-06-22 12:02:00,2026-06-22 12:14:00,Card,Delivered,15,14,False,652.0,2
1591,34988,18,140,2026-06-06 19:03:00,2026-06-06 19:07:00,2026-06-06 19:24:00,UPI,Delivered,15,21,True,424.0,2
1592,15431,9,164,2026-06-07 10:59:00,2026-06-07 11:02:00,2026-06-07 11:11:00,Card,Cancelled,15,12,False,1880.0,7
1593,38312,5,123,2026-06-28 17:07:00,2026-06-28 17:10:00,2026-06-28 17:23:00,UPI,Delivered,15,16,True,468.0,5
1594,45189,4,10,2026-06-06 21:28:00,2026-06-06 21:33:00,2026-06-06 21:45:00,Card,Delivered,15,17,True,313.0,3
1595,46116,16,199,2026-06-24 18:03:00,2026-06-24 18:06:00,2026-06-24 18:16:00,UPI,Delivered,15,13,False,219.0,3
1596,29615,19,177,2026-06-15 11:20:00,2026-06-15 11:22:00,2026-06-15 11:33:00,UPI,Delivered,15,13,False,2635.0,10
1597,40056,18,117,2026-06-16 18:42:00,2026-06-16 18:45:00,2026-06-16 18:58:00,Wallet,Delivered,15,16,True,1807.0,7
1598,46200,19,143,2026-06-19 21:18:00,2026-06-19 21:22:00,2026-06-19 21:31:00,UPI,Delivered,15,13,False,2727.0,10
1599,48085,11,25,2026-06-25 22:00:00,2026-06-25 22:05:00,2026-06-25 22:16:00,Wallet,Delivered,15,16,True,499.0,2
1600,30241,18,192,2026-06-15 19:33:00,2026-06-15 19:35:00,2026-06-15 19:56:00,UPI,Delivered,15,23,True,866.0,6
1601,40032,13,161,2026-06-22 20:51:00,2026-06-22 20:55:00,2026-06-22 21:13:00,UPI,Delivered,15,22,True,2726.0,10
1602,48789,14,7,2026-06-18 17:09:00,2026-06-18 17:13:00,2026-06-18 17:25:00,UPI,Delivered,15,16,True,2261.0,8
1603,34055,15,180,2026-06-25 20:00:00,2026-06-25 20:04:00,2026-06-25 20:18:00,UPI,Delivered,15,18,True,2323.0,8
1604,12796,20,58,2026-06-29 21:01:00,2026-06-29 21:05:00,2026-06-29 21:14:00,UPI,Cancelled,15,13,False,1800.0,6
1605,28141,16,171,2026-06-16 21:53:00,2026-06-16 21:56:00,2026-06-16 22:07:00,COD,Delivered,15,14,False,2175.0,8
1606,45763,5,123,2026-06-24 17:46:00,2026-06-24 17:48:00,2026-06-24 17:59:00,UPI,Delivered,15,13,False,1940.0,6
1607,27673,16,190,2026-06-02 20:25:00,2026-06-02 20:29:00,2026-06-02 20:47:00,UPI,Delivered,15,22,True,891.0,5
1608,32589,7,53,2026-06-09 21:08:00,2026-06-09 21:13:00,2026-06-09 21:18:00,UPI,Delivered,15,10,False,315.0,3
1609,21605,20,11,2026-06-29 15:38:00,2026-06-29 15:43:00,2026-06-29 15:52:00,Wallet,Delivered,15,14,False,1999.0,11
1610,34861,9,164,2026-06-07 19:38:00,2026-06-07 19:40:00,2026-06-07 20:01:00,Wallet,Delivered,15,23,True,2658.0,8
1611,47708,15,156,2026-06-22 10:04:00,2026-06-22 10:08:00,2026-06-22 10:18:00,UPI,Delivered,15,14,False,1182.0,7
1612,35796,6,40,2026-06-09 13:08:00,2026-06-09 13:12:00,2026-06-09 13:25:00,UPI,Delivered,15,17,True,2767.0,11
1613,14742,13,13,2026-06-13 20:43:00,2026-06-13 20:46:00,2026-06-13 21:01:00,UPI,Delivered,15,18,True,337.0,1
1614,38083,3,186,2026-06-24 21:09:00,2026-06-24 21:13:00,2026-06-24 21:21:00,Card,Delivered,15,12,False,1152.0,5
1615,27397,14,68,2026-06-25 12:17:00,2026-06-25 12:22:00,2026-06-25 12:31:00,Card,Delivered,15,14,False,1797.0,5
1616,11243,5,151,2026-06-26 22:36:00,2026-06-26 22:39:00,2026-06-26 22:48:00,Card,Delivered,15,12,False,880.0,2
1617,33817,1,88,2026-06-09 17:18:00,2026-06-09 17:23:00,2026-06-09 17:33:00,UPI,Delivered,15,15,False,288.0,2
1618,45199,1,81,2026-06-14 13:52:00,2026-06-14 13:57:00,2026-06-14 14:10:00,UPI,Delivered,15,18,True,1752.0,6
1619,11951,1,81,2026-06-07 21:48:00,2026-06-07 21:51:00,2026-06-07 21:59:00,UPI,Delivered,15,11,False,2011.0,6
1620,25022,8,128,2026-06-18 21:29:00,2026-06-18 21:34:00,2026-06-18 21:45:00,UPI,Delivered,15,16,True,1393.0,8
1621,22892,9,133,2026-06-10 11:48:00,2026-06-10 11:51:00,2026-06-10 12:03:00,Wallet,Delivered,15,15,False,225.0,3
1622,30361,3,142,2026-06-06 17:59:00,2026-06-06 18:01:00,2026-06-06 18:11:00,UPI,Delivered,15,12,False,422.0,2
1623,43561,1,137,2026-06-11 19:06:00,2026-06-11 19:09:00,2026-06-11 19:32:00,COD,Delivered,15,26,True,1960.0,6
1624,10465,19,149,2026-06-26 21:52:00,2026-06-26 21:57:00,2026-06-26 22:05:00,Card,Delivered,15,13,False,1812.0,5
1625,25251,6,60,2026-06-16 14:52:00,2026-06-16 14:54:00,2026-06-16 15:04:00,UPI,Delivered,15,12,False,766.0,4
1626,36944,14,7,2026-06-21 19:57:00,2026-06-21 19:59:00,2026-06-21 20:11:00,UPI,Delivered,15,14,False,3082.0,10
1627,29778,16,190,2026-06-23 17:39:00,2026-06-23 17:42:00,2026-06-23 17:54:00,COD,Delivered,15,15,False,2289.0,8
1628,26354,20,84,2026-06-09 14:10:00,2026-06-09 14:12:00,2026-06-09 14:23:00,Wallet,Delivered,15,13,False,112.0,1
1629,18516,5,193,2026-06-26 13:27:00,2026-06-26 13:31:00,2026-06-26 13:41:00,UPI,Delivered,15,14,False,1801.0,7
1630,41473,17,3,2026-06-26 13:29:00,2026-06-26 13:34:00,2026-06-26 13:46:00,UPI,Delivered,15,17,True,1837.0,7
1631,22757,4,77,2026-06-17 13:51:00,2026-06-17 13:56:00,2026-06-17 14:08:00,UPI,Cancelled,15,17,True,1888.0,7
1632,30863,10,67,2026-06-03 08:54:00,2026-06-03 08:59:00,2026-06-03 09:08:00,UPI,Delivered,15,14,False,3582.0,11
1633,26349,12,146,2026-06-27 14:52:00,2026-06-27 14:54:00,2026-06-27 15:05:00,COD,Delivered,15,13,False,2014.0,7
1634,33249,1,81,2026-06-25 10:15:00,2026-06-25 10:19:00,2026-06-25 10:30:00,UPI,Delivered,15,15,False,1631.0,5
1635,18856,17,134,2026-06-08 14:35:00,2026-06-08 14:39:00,2026-06-08 14:43:00,UPI,Delivered,15,8,False,1389.0,9
1636,49278,2,24,2026-06-30 17:54:00,2026-06-30 17:59:00,2026-06-30 18:09:00,UPI,Delivered,15,15,False,232.0,2
1637,10333,5,170,2026-06-15 13:20:00,2026-06-15 13:23:00,2026-06-15 13:39:00,UPI,Delivered,15,19,True,653.0,4
1638,27148,13,166,2026-06-12 19:53:00,2026-06-12 19:56:00,2026-06-12 20:01:00,Card,Cancelled,15,8,False,1034.0,7
1639,36185,9,164,2026-06-20 12:32:00,2026-06-20 12:35:00,2026-06-20 12:41:00,COD,Cancelled,15,9,False,900.0,3
1640,33874,9,164,2026-06-03 11:17:00,2026-06-03 11:21:00,2026-06-03 11:28:00,COD,Delivered,15,11,False,602.0,5
1641,46504,17,3,2026-06-03 22:41:00,2026-06-03 22:45:00,2026-06-03 22:54:00,UPI,Delivered,15,13,False,1468.0,8
1642,11461,7,108,2026-06-30 19:12:00,2026-06-30 19:14:00,2026-06-30 19:38:00,Card,Delivered,15,26,True,2875.0,10
1643,26231,10,183,2026-06-04 19:32:00,2026-06-04 19:34:00,2026-06-04 19:54:00,UPI,Delivered,15,22,True,1392.0,11
1644,46057,15,156,2026-06-09 20:15:00,2026-06-09 20:18:00,2026-06-09 20:30:00,UPI,Delivered,15,15,False,1372.0,5
1645,27606,9,31,2026-06-11 13:30:00,2026-06-11 13:32:00,2026-06-11 13:51:00,UPI,Delivered,15,21,True,173.0,1
1646,48395,9,164,2026-06-11 20:18:00,2026-06-11 20:22:00,2026-06-11 20:45:00,Card,Delivered,15,27,True,2652.0,8
1647,38484,2,50,2026-06-13 12:38:00,2026-06-13 12:41:00,2026-06-13 12:49:00,COD,Delivered,15,11,False,1058.0,4
1648,23555,19,48,2026-06-22 12:33:00,2026-06-22 12:38:00,2026-06-22 12:52:00,UPI,Delivered,15,19,True,1683.0,9
1649,40462,17,59,2026-06-20 18:02:00,2026-06-20 18:06:00,2026-06-20 18:17:00,UPI,Delivered,15,15,False,1210.0,8
1650,35622,16,190,2026-06-26 13:46:00,2026-06-26 13:50:00,2026-06-26 13:55:00,UPI,Delivered,15,9,False,979.0,7
1651,30230,12,148,2026-06-09 12:23:00,2026-06-09 12:28:00,2026-06-09 12:42:00,Wallet,Delivered,15,19,True,1292.0,5
1652,38397,16,155,2026-06-04 19:06:00,2026-06-04 19:09:00,2026-06-04 19:25:00,Card,Delivered,15,19,True,2161.0,7
1653,24992,15,163,2026-06-26 20:55:00,2026-06-26 21:00:00,2026-06-26 21:17:00,UPI,Delivered,15,22,True,952.0,7
1654,37035,19,110,2026-06-11 09:56:00,2026-06-11 09:58:00,2026-06-11 10:10:00,COD,Delivered,15,14,False,2918.0,10
1655,20042,10,178,2026-06-10 19:41:00,2026-06-10 19:43:00,2026-06-10 19:58:00,UPI,Delivered,15,17,True,553.0,6
1656,34125,4,77,2026-06-12 21:27:00,2026-06-12 21:29:00,2026-06-12 21:41:00,UPI,Delivered,15,14,False,855.0,5
1657,28175,9,96,2026-06-06 21:29:00,2026-06-06 21:34:00,2026-06-06 21:42:00,Card,Delivered,15,13,False,326.0,1
1658,38917,5,76,2026-06-18 12:04:00,2026-06-18 12:06:00,2026-06-18 12:17:00,UPI,Delivered,15,13,False,1377.0,8
1659,41265,2,50,2026-06-08 18:38:00,2026-06-08 18:42:00,2026-06-08 18:53:00,Wallet,Delivered,15,15,False,2686.0,7
1660,37308,8,152,2026-06-13 21:50:00,2026-06-13 21:54:00,2026-06-13 22:04:00,COD,Delivered,15,14,False,267.0,3
1661,47210,6,6,2026-06-03 13:24:00,2026-06-03 13:26:00,2026-06-03 13:39:00,Card,Delivered,15,15,False,1568.0,6
1662,35586,17,106,2026-06-29 21:06:00,2026-06-29 21:11:00,2026-06-29 21:21:00,Wallet,Delivered,15,15,False,1795.0,6
1663,14544,4,157,2026-06-25 15:51:00,2026-06-25 15:55:00,2026-06-25 16:07:00,UPI,Delivered,15,16,True,1207.0,6
1664,27613,9,144,2026-06-20 19:29:00,2026-06-20 19:32:00,2026-06-20 19:46:00,Card,Delivered,15,17,True,2140.0,8
1665,42602,18,192,2026-06-28 13:35:00,2026-06-28 13:37:00,2026-06-28 13:52:00,UPI,Cancelled,15,17,True,3113.0,12
1666,44615,19,48,2026-06-06 20:01:00,2026-06-06 20:03:00,2026-06-06 20:20:00,UPI,Delivered,15,19,True,1935.0,10
1667,47531,8,128,2026-06-26 19:51:00,2026-06-26 19:54:00,2026-06-26 20:09:00,UPI,Delivered,15,18,True,1773.0,4
1668,48759,2,112,2026-06-28 21:50:00,2026-06-28 21:53:00,2026-06-28 22:02:00,UPI,Delivered,15,12,False,377.0,5
1669,18079,4,10,2026-06-11 21:35:00,2026-06-11 21:37:00,2026-06-11 21:47:00,Card,Delivered,15,12,False,162.0,3
1670,26589,7,83,2026-06-24 13:42:00,2026-06-24 13:47:00,2026-06-24 14:06:00,Card,Delivered,15,24,True,4022.0,12
1671,27454,15,156,2026-06-11 15:30:00,2026-06-11 15:34:00,2026-06-11 15:44:00,UPI,Delivered,15,14,False,1335.0,3
1672,11077,10,196,2026-06-02 21:04:00,2026-06-02 21:07:00,2026-06-02 21:19:00,UPI,Delivered,15,15,False,3243.0,12
1673,40884,7,53,2026-06-03 14:47:00,2026-06-03 14:49:00,2026-06-03 15:01:00,Card,Delivered,15,14,False,1030.0,5
1674,34862,20,79,2026-06-01 21:10:00,2026-06-01 21:13:00,2026-06-01 21:19:00,UPI,Delivered,15,9,False,337.0,1
1675,23998,10,78,2026-06-13 20:00:00,2026-06-13 20:04:00,2026-06-13 20:12:00,UPI,Delivered,15,12,False,2016.0,7
1676,37411,13,174,2026-06-07 10:05:00,2026-06-07 10:10:00,2026-06-07 10:18:00,UPI,Delivered,15,13,False,2197.0,10
1677,17666,18,172,2026-06-06 17:25:00,2026-06-06 17:29:00,2026-06-06 17:39:00,COD,Delivered,15,14,False,2098.0,11
1678,40879,12,148,2026-06-14 12:12:00,2026-06-14 12:14:00,2026-06-14 12:34:00,UPI,Delivered,15,22,True,1065.0,9
1679,28318,15,187,2026-06-29 19:47:00,2026-06-29 19:51:00,2026-06-29 19:58:00,UPI,Delivered,15,11,False,160.0,1
1680,39450,4,70,2026-06-15 20:46:00,2026-06-15 20:51:00,2026-06-15 21:11:00,UPI,Delivered,15,25,True,3147.0,10
1681,34139,3,69,2026-06-06 18:48:00,2026-06-06 18:51:00,2026-06-06 18:59:00,Wallet,Delivered,15,11,False,18.0,1
1682,30337,18,192,2026-06-17 12:17:00,2026-06-17 12:19:00,2026-06-17 12:36:00,UPI,Delivered,15,19,True,1722.0,5
1683,15909,6,165,2026-06-07 17:18:00,2026-06-07 17:21:00,2026-06-07 17:32:00,UPI,Delivered,15,14,False,1530.0,7
1684,34132,4,10,2026-06-14 21:00:00,2026-06-14 21:03:00,2026-06-14 21:16:00,UPI,Delivered,15,16,True,1571.0,4
1685,38482,15,180,2026-06-29 17:44:00,2026-06-29 17:48:00,2026-06-29 17:55:00,COD,Delivered,15,11,False,2214.0,7
1686,10095,6,23,2026-06-30 14:22:00,2026-06-30 14:26:00,2026-06-30 14:36:00,UPI,Delivered,15,14,False,281.0,1
1687,43841,2,20,2026-06-14 11:49:00,2026-06-14 11:51:00,2026-06-14 12:02:00,COD,Delivered,15,13,False,525.0,4
1688,30072,12,135,2026-06-24 21:02:00,2026-06-24 21:06:00,2026-06-24 21:17:00,UPI,Cancelled,15,15,False,1729.0,5
1689,23495,2,28,2026-06-07 14:57:00,2026-06-07 15:00:00,2026-06-07 15:09:00,UPI,Delivered,15,12,False,1182.0,6
1690,38819,4,157,2026-06-23 19:39:00,2026-06-23 19:44:00,2026-06-23 20:03:00,UPI,Delivered,15,24,True,1585.0,6
1691,34570,17,30,2026-06-28 12:49:00,2026-06-28 12:53:00,2026-06-28 13:07:00,Card,Delivered,15,18,True,328.0,1
1692,40032,12,19,2026-06-22 19:39:00,2026-06-22 19:41:00,2026-06-22 19:57:00,Card,Delivered,15,18,True,1593.0,7
1693,12844,4,8,2026-06-09 17:01:00,2026-06-09 17:04:00,2026-06-09 17:18:00,UPI,Delivered,15,17,True,1266.0,4
1694,30849,16,190,2026-06-08 20:45:00,2026-06-08 20:47:00,2026-06-08 21:08:00,COD,Delivered,15,23,True,965.0,6
1695,41653,19,110,2026-06-23 20:56:00,2026-06-23 21:01:00,2026-06-23 21:14:00,UPI,Delivered,15,18,True,1693.0,5
1696,13837,8,29,2026-06-25 19:47:00,2026-06-25 19:49:00,2026-06-25 20:04:00,UPI,Delivered,15,17,True,1881.0,8
1697,15799,8,29,2026-06-13 20:05:00,2026-06-13 20:07:00,2026-06-13 20:24:00,UPI,Delivered,15,19,True,3317.0,12
1698,28869,1,121,2026-06-19 21:02:00,2026-06-19 21:07:00,2026-06-19 21:17:00,Card,Delivered,15,15,False,1164.0,5
1699,28320,13,33,2026-06-03 22:34:00,2026-06-03 22:36:00,2026-06-03 22:47:00,UPI,Delivered,15,13,False,860.0,2
1700,23250,12,19,2026-06-27 21:38:00,2026-06-27 21:43:00,2026-06-27 21:53:00,UPI,Delivered,15,15,False,1396.0,10
1701,38815,10,122,2026-06-04 13:24:00,2026-06-04 13:27:00,2026-06-04 13:42:00,Wallet,Returned,15,18,True,2313.0,7
1702,45181,10,67,2026-06-30 20:56:00,2026-06-30 20:59:00,2026-06-30 21:12:00,Card,Cancelled,15,16,True,99.0,1
1703,48776,11,43,2026-06-15 14:24:00,2026-06-15 14:27:00,2026-06-15 14:38:00,Wallet,Delivered,15,14,False,1819.0,6
1704,29248,7,74,2026-06-25 19:54:00,2026-06-25 19:59:00,2026-06-25 20:15:00,Card,Delivered,15,21,True,2055.0,7
1705,40628,1,114,2026-06-30 15:30:00,2026-06-30 15:33:00,2026-06-30 15:46:00,UPI,Delivered,15,16,True,313.0,4
1706,12809,12,39,2026-06-02 11:52:00,2026-06-02 11:57:00,2026-06-02 12:03:00,UPI,Delivered,15,11,False,2226.0,9
1707,49495,18,168,2026-06-29 21:26:00,2026-06-29 21:28:00,2026-06-29 21:35:00,COD,Delivered,15,9,False,1031.0,3
1708,46588,13,13,2026-06-18 15:18:00,2026-06-18 15:21:00,2026-06-18 15:33:00,UPI,Delivered,15,15,False,2925.0,11
1709,24621,2,54,2026-06-21 20:55:00,2026-06-21 20:59:00,2026-06-21 21:11:00,Card,Delivered,15,16,True,2736.0,13
1710,15059,7,101,2026-06-24 13:16:00,2026-06-24 13:20:00,2026-06-24 13:34:00,Card,Delivered,15,18,True,514.0,5
1711,35991,18,42,2026-06-03 14:54:00,2026-06-03 14:56:00,2026-06-03 15:07:00,UPI,Delivered,15,13,False,1242.0,5
1712,12711,12,39,2026-06-03 18:24:00,2026-06-03 18:27:00,2026-06-03 18:37:00,Wallet,Delivered,15,13,False,779.0,5
1713,30780,4,77,2026-06-09 20:09:00,2026-06-09 20:13:00,2026-06-09 20:33:00,Wallet,Delivered,15,24,True,2138.0,8
1714,44794,5,37,2026-06-17 12:30:00,2026-06-17 12:35:00,2026-06-17 12:43:00,Wallet,Delivered,15,13,False,705.0,3
1715,49442,13,174,2026-06-18 19:59:00,2026-06-18 20:04:00,2026-06-18 20:25:00,Card,Delivered,15,26,True,2171.0,8
1716,33485,18,117,2026-06-14 18:05:00,2026-06-14 18:08:00,2026-06-14 18:19:00,UPI,Delivered,15,14,False,890.0,2
1717,20458,13,13,2026-06-08 13:05:00,2026-06-08 13:07:00,2026-06-08 13:26:00,Wallet,Returned,15,21,True,1334.0,5
1718,12837,13,154,2026-06-02 19:43:00,2026-06-02 19:45:00,2026-06-02 20:07:00,Card,Delivered,15,24,True,1258.0,6
1719,16115,9,198,2026-06-16 13:06:00,2026-06-16 13:08:00,2026-06-16 13:27:00,Card,Delivered,15,21,True,1357.0,9
1720,36281,13,161,2026-06-10 21:10:00,2026-06-10 21:13:00,2026-06-10 21:26:00,UPI,Cancelled,15,16,True,328.0,1
1721,37827,16,155,2026-06-17 19:30:00,2026-06-17 19:35:00,2026-06-17 19:51:00,Card,Delivered,15,21,True,851.0,5
1722,37676,12,146,2026-06-26 14:41:00,2026-06-26 14:43:00,2026-06-26 14:54:00,COD,Delivered,15,13,False,870.0,3
1723,28379,7,53,2026-06-08 21:06:00,2026-06-08 21:08:00,2026-06-08 21:21:00,UPI,Delivered,15,15,False,2045.0,8
1724,19537,5,151,2026-06-22 20:28:00,2026-06-22 20:33:00,2026-06-22 20:42:00,UPI,Delivered,15,14,False,456.0,2
1725,46313,16,155,2026-06-28 08:46:00,2026-06-28 08:48:00,2026-06-28 08:58:00,COD,Delivered,15,12,False,1731.0,6
1726,16734,3,142,2026-06-27 09:53:00,2026-06-27 09:55:00,2026-06-27 10:10:00,UPI,Delivered,15,17,True,1690.0,6
1727,32874,4,125,2026-06-24 12:25:00,2026-06-24 12:30:00,2026-06-24 12:42:00,UPI,Delivered,15,17,True,1525.0,5
1728,33935,11,103,2026-06-13 21:17:00,2026-06-13 21:19:00,2026-06-13 21:30:00,UPI,Delivered,15,13,False,453.0,2
1729,22016,3,159,2026-06-19 19:33:00,2026-06-19 19:35:00,2026-06-19 20:00:00,COD,Delivered,15,27,True,1271.0,5
1730,20404,20,84,2026-06-04 21:31:00,2026-06-04 21:36:00,2026-06-04 21:44:00,UPI,Delivered,15,13,False,2296.0,7
1731,23944,5,193,2026-06-10 21:39:00,2026-06-10 21:43:00,2026-06-10 21:52:00,Wallet,Delivered,15,13,False,1619.0,8
1732,38964,19,110,2026-06-10 21:28:00,2026-06-10 21:32:00,2026-06-10 21:41:00,Card,Delivered,15,13,False,1211.0,6
1733,41087,14,132,2026-06-19 18:23:00,2026-06-19 18:26:00,2026-06-19 18:35:00,COD,Delivered,15,12,False,1040.0,4
1734,46671,20,72,2026-06-24 21:15:00,2026-06-24 21:20:00,2026-06-24 21:27:00,UPI,Delivered,15,12,False,573.0,3
1735,43177,10,122,2026-06-09 20:49:00,2026-06-09 20:51:00,2026-06-09 21:10:00,Card,Delivered,15,21,True,1116.0,3
1736,18642,14,132,2026-06-14 21:02:00,2026-06-14 21:07:00,2026-06-14 21:10:00,UPI,Delivered,15,8,False,1032.0,5
1737,48688,4,70,2026-06-30 19:58:00,2026-06-30 20:01:00,2026-06-30 20:18:00,UPI,Delivered,15,20,True,4587.0,13
1738,20711,14,7,2026-06-17 10:12:00,2026-06-17 10:17:00,2026-06-17 10:27:00,UPI,Delivered,15,15,False,3546.0,12
1739,44842,11,103,2026-06-11 20:19:00,2026-06-11 20:21:00,2026-06-11 20:35:00,Wallet,Delivered,15,16,True,1950.0,6
1740,31910,20,150,2026-06-18 19:41:00,2026-06-18 19:46:00,2026-06-18 20:02:00,UPI,Delivered,15,21,True,947.0,8
1741,21242,14,132,2026-06-29 13:01:00,2026-06-29 13:06:00,2026-06-29 13:14:00,UPI,Delivered,15,13,False,1221.0,6
1742,26708,11,43,2026-06-01 12:53:00,2026-06-01 12:57:00,2026-06-01 13:03:00,UPI,Delivered,15,10,False,903.0,4
1743,41924,11,17,2026-06-30 20:02:00,2026-06-30 20:04:00,2026-06-30 20:22:00,Wallet,Delivered,15,20,True,1681.0,8
1744,47118,14,131,2026-06-11 14:36:00,2026-06-11 14:38:00,2026-06-11 14:49:00,UPI,Delivered,15,13,False,1382.0,5
1745,30351,2,14,2026-06-25 18:57:00,2026-06-25 19:02:00,2026-06-25 19:12:00,UPI,Delivered,15,15,False,1615.0,4
1746,45513,9,164,2026-06-29 20:05:00,2026-06-29 20:07:00,2026-06-29 20:22:00,UPI,Delivered,15,17,True,1592.0,7
1747,17079,19,149,2026-06-12 18:41:00,2026-06-12 18:44:00,2026-06-12 18:56:00,Wallet,Delivered,15,15,False,1779.0,7
1748,34192,19,177,2026-06-08 21:20:00,2026-06-08 21:25:00,2026-06-08 21:38:00,COD,Delivered,15,18,True,2233.0,10
1749,18997,2,136,2026-06-16 14:36:00,2026-06-16 14:39:00,2026-06-16 14:47:00,UPI,Delivered,15,11,False,414.0,4
1750,24733,17,2,2026-06-08 19:54:00,2026-06-08 19:58:00,2026-06-08 20:19:00,UPI,Delivered,15,25,True,731.0,2
1751,30951,2,66,2026-06-17 21:20:00,2026-06-17 21:24:00,2026-06-17 21:34:00,COD,Delivered,15,14,False,2303.0,7
1752,22437,10,47,2026-06-27 18:34:00,2026-06-27 18:39:00,2026-06-27 18:48:00,COD,Delivered,15,14,False,1730.0,6
1753,14625,5,123,2026-06-18 17:18:00,2026-06-18 17:21:00,2026-06-18 17:32:00,COD,Returned,15,14,False,1578.0,9
1754,46717,14,169,2026-06-18 12:28:00,2026-06-18 12:32:00,2026-06-18 12:49:00,COD,Delivered,15,21,True,2203.0,10
1755,32124,9,198,2026-06-27 11:32:00,2026-06-27 11:34:00,2026-06-27 11:48:00,UPI,Cancelled,15,16,True,2674.0,8
1756,47044,15,180,2026-06-05 13:52:00,2026-06-05 13:57:00,2026-06-05 14:09:00,COD,Delivered,15,17,True,2777.0,11
1757,32961,3,94,2026-06-19 20:56:00,2026-06-19 20:58:00,2026-06-19 21:14:00,UPI,Delivered,15,18,True,818.0,5
1758,14275,12,146,2026-06-18 21:05:00,2026-06-18 21:10:00,2026-06-18 21:16:00,UPI,Delivered,15,11,False,548.0,2
1759,37306,17,59,2026-06-08 21:33:00,2026-06-08 21:38:00,2026-06-08 21:44:00,UPI,Delivered,15,11,False,2610.0,8
1760,34172,12,135,2026-06-17 20:06:00,2026-06-17 20:09:00,2026-06-17 20:31:00,UPI,Returned,15,25,True,2306.0,8
1761,21955,19,100,2026-06-16 19:01:00,2026-06-16 19:05:00,2026-06-16 19:21:00,UPI,Delivered,15,20,True,2148.0,8
1762,29698,7,74,2026-06-22 20:03:00,2026-06-22 20:06:00,2026-06-22 20:25:00,Card,Returned,15,22,True,1200.0,6
1763,49357,18,117,2026-06-24 10:31:00,2026-06-24 10:33:00,2026-06-24 10:46:00,UPI,Delivered,15,15,False,561.0,3
1764,35461,11,17,2026-06-30 19:20:00,2026-06-30 19:25:00,2026-06-30 19:39:00,COD,Delivered,15,19,True,961.0,6
1765,23630,10,51,2026-06-14 11:16:00,2026-06-14 11:18:00,2026-06-14 11:28:00,UPI,Delivered,15,12,False,1712.0,6
1766,10725,10,78,2026-06-10 21:04:00,2026-06-10 21:09:00,2026-06-10 21:18:00,COD,Delivered,15,14,False,869.0,3
1767,13273,4,157,2026-06-21 12:56:00,2026-06-21 13:00:00,2026-06-21 13:14:00,COD,Delivered,15,18,True,2826.0,9
1768,14432,12,19,2026-06-22 14:25:00,2026-06-22 14:29:00,2026-06-22 14:40:00,UPI,Delivered,15,15,False,1296.0,8
1769,48253,15,156,2026-06-29 19:28:00,2026-06-29 19:33:00,2026-06-29 19:45:00,UPI,Delivered,15,17,True,1486.0,8
1770,42124,12,4,2026-06-23 12:59:00,2026-06-23 13:02:00,2026-06-23 13:14:00,Card,Delivered,15,15,False,1717.0,7
1771,38746,17,134,2026-06-10 11:20:00,2026-06-10 11:23:00,2026-06-10 11:34:00,Card,Delivered,15,14,False,1949.0,9
1772,22147,2,20,2026-06-10 17:47:00,2026-06-10 17:51:00,2026-06-10 18:03:00,UPI,Delivered,15,16,True,2329.0,8
1773,39171,2,45,2026-06-25 20:47:00,2026-06-25 20:49:00,2026-06-25 21:03:00,UPI,Delivered,15,16,True,1702.0,11
1774,11057,2,98,2026-06-27 19:32:00,2026-06-27 19:37:00,2026-06-27 19:52:00,UPI,Delivered,15,20,True,290.0,2
1775,10818,18,105,2026-06-28 19:19:00,2026-06-28 19:22:00,2026-06-28 19:39:00,COD,Delivered,15,20,True,550.0,2
1776,44639,4,63,2026-06-10 13:13:00,2026-06-10 13:15:00,2026-06-10 13:28:00,Wallet,Delivered,15,15,False,1455.0,6
1777,41250,15,163,2026-06-18 19:00:00,2026-06-18 19:02:00,2026-06-18 19:24:00,UPI,Delivered,15,24,True,2062.0,7
1778,25298,10,122,2026-06-13 12:16:00,2026-06-13 12:18:00,2026-06-13 12:30:00,Wallet,Delivered,15,14,False,344.0,1
1779,33697,15,180,2026-06-06 13:17:00,2026-06-06 13:22:00,2026-06-06 13:36:00,UPI,Delivered,15,19,True,1542.0,11
1780,20461,2,109,2026-06-09 21:55:00,2026-06-09 22:00:00,2026-06-09 22:09:00,Card,Delivered,15,14,False,3329.0,11
1781,25637,3,186,2026-06-13 18:14:00,2026-06-13 18:19:00,2026-06-13 18:27:00,UPI,Delivered,15,13,False,936.0,3
1782,38938,8,120,2026-06-13 08:47:00,2026-06-13 08:49:00,2026-06-13 08:58:00,UPI,Delivered,15,11,False,182.0,1
1783,20814,7,74,2026-06-23 21:48:00,2026-06-23 21:52:00,2026-06-23 22:00:00,UPI,Delivered,15,12,False,413.0,5
1784,41637,1,88,2026-06-18 18:45:00,2026-06-18 18:50:00,2026-06-18 19:00:00,UPI,Delivered,15,15,False,698.0,2
1785,30956,11,25,2026-06-21 19:39:00,2026-06-21 19:41:00,2026-06-21 19:53:00,Wallet,Delivered,15,14,False,124.0,1
1786,43925,16,199,2026-06-15 20:16:00,2026-06-15 20:20:00,2026-06-15 20:35:00,Wallet,Delivered,15,19,True,1986.0,7
1787,27588,7,83,2026-06-03 18:45:00,2026-06-03 18:49:00,2026-06-03 18:58:00,Wallet,Delivered,15,13,False,1516.0,7
1788,47196,15,21,2026-06-16 19:54:00,2026-06-16 19:58:00,2026-06-16 20:12:00,Card,Delivered,15,18,True,378.0,2
1789,45800,14,197,2026-06-20 21:27:00,2026-06-20 21:31:00,2026-06-20 21:38:00,Wallet,Delivered,15,11,False,2236.0,9
1790,33828,9,96,2026-06-24 22:42:00,2026-06-24 22:44:00,2026-06-24 22:55:00,UPI,Delivered,15,13,False,1309.0,5
1791,33889,12,135,2026-06-03 10:27:00,2026-06-03 10:32:00,2026-06-03 10:40:00,UPI,Delivered,15,13,False,2214.0,10
1792,43219,13,13,2026-06-30 13:33:00,2026-06-30 13:37:00,2026-06-30 13:54:00,UPI,Delivered,15,21,True,2300.0,7
1793,32331,11,103,2026-06-19 21:27:00,2026-06-19 21:31:00,2026-06-19 21:42:00,COD,Delivered,15,15,False,2615.0,11
1794,31344,1,137,2026-06-02 17:27:00,2026-06-02 17:29:00,2026-06-02 17:39:00,UPI,Delivered,15,12,False,1744.0,7
1795,48473,4,8,2026-06-16 09:17:00,2026-06-16 09:21:00,2026-06-16 09:29:00,COD,Delivered,15,12,False,2801.0,9
1796,12335,12,19,2026-06-10 20:40:00,2026-06-10 20:45:00,2026-06-10 20:58:00,Card,Delivered,15,18,True,1869.0,7
1797,46629,8,152,2026-06-08 21:35:00,2026-06-08 21:37:00,2026-06-08 21:49:00,UPI,Delivered,15,14,False,1663.0,9
1798,30663,8,152,2026-06-11 20:40:00,2026-06-11 20:42:00,2026-06-11 20:53:00,COD,Delivered,15,13,False,1537.0,6
1799,17893,6,40,2026-06-16 21:11:00,2026-06-16 21:13:00,2026-06-16 21:30:00,COD,Cancelled,15,19,True,2762.0,13
1800,17418,4,10,2026-06-06 21:47:00,2026-06-06 21:52:00,2026-06-06 22:02:00,UPI,Delivered,15,15,False,3169.0,10
1801,45038,19,143,2026-06-14 20:28:00,2026-06-14 20:30:00,2026-06-14 20:50:00,UPI,Cancelled,15,22,True,804.0,3
1802,30974,11,184,2026-06-23 11:42:00,2026-06-23 11:45:00,2026-06-23 11:57:00,UPI,Delivered,15,15,False,1634.0,8
1803,26458,8,128,2026-06-14 14:51:00,2026-06-14 14:53:00,2026-06-14 15:06:00,UPI,Cancelled,15,15,False,1007.0,5
1804,45914,11,43,2026-06-23 19:23:00,2026-06-23 19:26:00,2026-06-23 19:46:00,COD,Delivered,15,23,True,3939.0,13
1805,30301,11,64,2026-06-23 19:28:00,2026-06-23 19:33:00,2026-06-23 19:39:00,UPI,Delivered,15,11,False,1158.0,9
1806,27506,8,152,2026-06-09 19:34:00,2026-06-09 19:39:00,2026-06-09 19:53:00,UPI,Delivered,15,19,True,1209.0,5
1807,36062,2,99,2026-06-06 10:37:00,2026-06-06 10:41:00,2026-06-06 10:49:00,UPI,Delivered,15,12,False,981.0,6
1808,20142,14,132,2026-06-09 21:36:00,2026-06-09 21:38:00,2026-06-09 21:48:00,Card,Delivered,15,12,False,1945.0,9
1809,37626,8,120,2026-06-02 21:22:00,2026-06-02 21:24:00,2026-06-02 21:38:00,Card,Returned,15,16,True,1286.0,4
1810,33498,15,21,2026-06-03 13:03:00,2026-06-03 13:07:00,2026-06-03 13:22:00,Card,Delivered,15,19,True,2080.0,8
1811,24889,5,170,2026-06-28 19:32:00,2026-06-28 19:36:00,2026-06-28 19:54:00,UPI,Delivered,15,22,True,1169.0,5
1812,40820,7,38,2026-06-26 14:39:00,2026-06-26 14:42:00,2026-06-26 14:51:00,UPI,Delivered,15,12,False,1075.0,4
1813,28825,7,22,2026-06-22 13:21:00,2026-06-22 13:23:00,2026-06-22 13:41:00,UPI,Delivered,15,20,True,1345.0,8
1814,35643,6,40,2026-06-16 19:23:00,2026-06-16 19:28:00,2026-06-16 19:42:00,Wallet,Delivered,15,19,True,1746.0,6
1815,27664,20,127,2026-06-22 13:49:00,2026-06-22 13:54:00,2026-06-22 14:05:00,Card,Delivered,15,16,True,1935.0,10
1816,23993,1,121,2026-06-19 22:03:00,2026-06-19 22:08:00,2026-06-19 22:15:00,UPI,Delivered,15,12,False,2648.0,12
1817,18590,8,29,2026-06-29 13:22:00,2026-06-29 13:25:00,2026-06-29 13:35:00,UPI,Delivered,15,13,False,3150.0,12
1818,47431,4,125,2026-06-21 20:26:00,2026-06-21 20:30:00,2026-06-21 20:45:00,UPI,Delivered,15,19,True,1023.0,8
1819,23733,16,179,2026-06-17 20:50:00,2026-06-17 20:52:00,2026-06-17 21:12:00,UPI,Delivered,15,22,True,1070.0,4
1820,23468,7,38,2026-06-05 22:09:00,2026-06-05 22:14:00,2026-06-05 22:22:00,UPI,Delivered,15,13,False,634.0,2
1821,33810,17,59,2026-06-14 12:46:00,2026-06-14 12:49:00,2026-06-14 13:04:00,UPI,Delivered,15,18,True,849.0,4
1822,20047,17,30,2026-06-26 18:29:00,2026-06-26 18:33:00,2026-06-26 18:45:00,UPI,Delivered,15,16,True,224.0,1
1823,11881,13,174,2026-06-20 10:19:00,2026-06-20 10:24:00,2026-06-20 10:32:00,UPI,Delivered,15,13,False,232.0,1
1824,43581,1,88,2026-06-29 21:18:00,2026-06-29 21:23:00,2026-06-29 21:27:00,UPI,Delivered,15,9,False,447.0,3
1825,40045,20,15,2026-06-09 21:11:00,2026-06-09 21:16:00,2026-06-09 21:25:00,COD,Delivered,15,14,False,1017.0,6
1826,22197,13,13,2026-06-26 13:16:00,2026-06-26 13:21:00,2026-06-26 13:30:00,UPI,Delivered,15,14,False,1597.0,6
1827,42155,8,29,2026-06-18 15:29:00,2026-06-18 15:33:00,2026-06-18 15:38:00,Card,Delivered,15,9,False,1270.0,3
1828,14342,7,83,2026-06-24 11:15:00,2026-06-24 11:20:00,2026-06-24 11:31:00,Card,Delivered,15,16,True,2099.0,8
1829,33259,2,14,2026-06-27 13:42:00,2026-06-27 13:44:00,2026-06-27 14:01:00,UPI,Delivered,15,19,True,1978.0,9
1830,22931,6,191,2026-06-28 19:52:00,2026-06-28 19:56:00,2026-06-28 20:13:00,Wallet,Delivered,15,21,True,1163.0,5
1831,48899,19,110,2026-06-07 20:37:00,2026-06-07 20:39:00,2026-06-07 21:00:00,UPI,Delivered,15,23,True,1267.0,10
1832,45270,20,127,2026-06-14 21:59:00,2026-06-14 22:01:00,2026-06-14 22:12:00,COD,Delivered,15,13,False,770.0,3
1833,32970,1,88,2026-06-13 20:48:00,2026-06-13 20:51:00,2026-06-13 20:56:00,UPI,Delivered,15,8,False,1124.0,4
1834,14028,17,59,2026-06-22 14:46:00,2026-06-22 14:50:00,2026-06-22 14:57:00,Wallet,Delivered,15,11,False,449.0,2
1835,48991,10,129,2026-06-22 19:38:00,2026-06-22 19:41:00,2026-06-22 19:54:00,COD,Delivered,15,16,True,1733.0,6
1836,44285,7,75,2026-06-08 22:24:00,2026-06-08 22:26:00,2026-06-08 22:37:00,UPI,Delivered,15,13,False,624.0,4
1837,31237,8,29,2026-06-09 21:30:00,2026-06-09 21:35:00,2026-06-09 21:46:00,UPI,Delivered,15,16,True,894.0,3
1838,23170,16,190,2026-06-24 19:42:00,2026-06-24 19:47:00,2026-06-24 20:02:00,Wallet,Delivered,15,20,True,1401.0,7
1839,44589,15,141,2026-06-06 20:39:00,2026-06-06 20:43:00,2026-06-06 20:52:00,Wallet,Delivered,15,13,False,1272.0,5
1840,10990,14,130,2026-06-28 17:09:00,2026-06-28 17:12:00,2026-06-28 17:25:00,UPI,Delivered,15,16,True,432.0,3
1841,29642,12,135,2026-06-24 21:03:00,2026-06-24 21:05:00,2026-06-24 21:17:00,COD,Delivered,15,14,False,2210.0,13
1842,14419,14,197,2026-06-23 18:46:00,2026-06-23 18:51:00,2026-06-23 18:59:00,Wallet,Delivered,15,13,False,2170.0,6
1843,18009,6,191,2026-06-12 20:08:00,2026-06-12 20:12:00,2026-06-12 20:25:00,UPI,Cancelled,15,17,True,1869.0,8
1844,29258,9,198,2026-06-07 09:41:00,2026-06-07 09:43:00,2026-06-07 09:52:00,Card,Delivered,15,11,False,3546.0,9
1845,40507,15,187,2026-06-01 10:37:00,2026-06-01 10:42:00,2026-06-01 10:47:00,Card,Delivered,15,10,False,244.0,2
1846,41169,4,8,2026-06-20 14:20:00,2026-06-20 14:25:00,2026-06-20 14:32:00,UPI,Delivered,15,12,False,996.0,7
1847,44056,8,120,2026-06-14 20:33:00,2026-06-14 20:37:00,2026-06-14 20:57:00,UPI,Delivered,15,24,True,642.0,4
1848,28253,4,167,2026-06-10 20:52:00,2026-06-10 20:57:00,2026-06-10 21:11:00,Card,Returned,15,19,True,463.0,3
1849,49935,13,154,2026-06-25 20:04:00,2026-06-25 20:06:00,2026-06-25 20:29:00,COD,Delivered,15,25,True,1854.0,9
1850,18379,7,83,2026-06-13 19:37:00,2026-06-13 19:41:00,2026-06-13 19:56:00,UPI,Delivered,15,19,True,2315.0,13
1851,22640,2,136,2026-06-13 20:51:00,2026-06-13 20:56:00,2026-06-13 21:05:00,Card,Delivered,15,14,False,1516.0,7
1852,27314,20,5,2026-06-24 19:17:00,2026-06-24 19:22:00,2026-06-24 19:31:00,UPI,Delivered,15,14,False,997.0,7
1853,24681,4,77,2026-06-21 21:52:00,2026-06-21 21:55:00,2026-06-21 22:09:00,Card,Delivered,15,17,True,720.0,2
1854,19682,5,76,2026-06-01 19:21:00,2026-06-01 19:24:00,2026-06-01 19:39:00,UPI,Delivered,15,18,True,1180.0,5
1855,19913,4,157,2026-06-24 21:23:00,2026-06-24 21:26:00,2026-06-24 21:35:00,UPI,Delivered,15,12,False,2264.0,10
1856,20986,17,147,2026-06-22 20:33:00,2026-06-22 20:37:00,2026-06-22 20:55:00,UPI,Delivered,15,22,True,485.0,2
1857,46583,9,144,2026-06-28 12:24:00,2026-06-28 12:29:00,2026-06-28 12:41:00,UPI,Cancelled,15,17,True,1772.0,6
1858,35454,6,40,2026-06-14 22:14:00,2026-06-14 22:19:00,2026-06-14 22:30:00,UPI,Delivered,15,16,True,2450.0,8
1859,27351,8,128,2026-06-08 14:19:00,2026-06-08 14:23:00,2026-06-08 14:35:00,UPI,Delivered,15,16,True,1431.0,6
1860,14976,14,131,2026-06-06 19:30:00,2026-06-06 19:34:00,2026-06-06 19:50:00,UPI,Returned,15,20,True,2181.0,10
1861,18723,11,9,2026-06-03 19:07:00,2026-06-03 19:11:00,2026-06-03 19:32:00,UPI,Delivered,15,25,True,1194.0,5
1862,49192,2,14,2026-06-26 13:28:00,2026-06-26 13:30:00,2026-06-26 13:42:00,Card,Delivered,15,14,False,213.0,3
1863,36384,12,86,2026-06-17 20:51:00,2026-06-17 20:56:00,2026-06-17 21:04:00,COD,Delivered,15,13,False,1501.0,9
1864,17095,1,81,2026-06-23 21:26:00,2026-06-23 21:30:00,2026-06-23 21:44:00,UPI,Delivered,15,18,True,1528.0,4
1865,41446,10,102,2026-06-18 12:23:00,2026-06-18 12:25:00,2026-06-18 12:44:00,UPI,Delivered,15,21,True,2448.0,10
1866,27758,19,113,2026-06-04 13:48:00,2026-06-04 13:53:00,2026-06-04 14:07:00,Wallet,Delivered,15,19,True,1750.0,9
1867,38556,13,61,2026-06-12 19:14:00,2026-06-12 19:19:00,2026-06-12 19:40:00,UPI,Delivered,15,26,True,2117.0,9
1868,40111,19,89,2026-06-25 17:51:00,2026-06-25 17:55:00,2026-06-25 18:06:00,UPI,Delivered,15,15,False,900.0,3
1869,42409,15,187,2026-06-24 12:40:00,2026-06-24 12:44:00,2026-06-24 12:52:00,Wallet,Returned,15,12,False,646.0,2
1870,49955,11,9,2026-06-23 08:03:00,2026-06-23 08:06:00,2026-06-23 08:17:00,UPI,Delivered,15,14,False,1955.0,8
1871,36182,5,123,2026-06-15 19:11:00,2026-06-15 19:15:00,2026-06-15 19:26:00,UPI,Delivered,15,15,False,546.0,3
1872,33399,20,79,2026-06-07 20:36:00,2026-06-07 20:40:00,2026-06-07 20:52:00,COD,Delivered,15,16,True,1418.0,4
1873,41662,18,168,2026-06-25 13:29:00,2026-06-25 13:32:00,2026-06-25 13:44:00,UPI,Delivered,15,15,False,620.0,3
1874,37080,5,123,2026-06-10 18:07:00,2026-06-10 18:09:00,2026-06-10 18:21:00,Card,Delivered,15,14,False,2499.0,7
1875,48736,16,171,2026-06-16 20:23:00,2026-06-16 20:28:00,2026-06-16 20:53:00,COD,Delivered,15,30,True,1641.0,7
1876,18509,6,165,2026-06-21 14:51:00,2026-06-21 14:53:00,2026-06-21 15:05:00,UPI,Delivered,15,14,False,1428.0,6
1877,49854,17,30,2026-06-15 20:13:00,2026-06-15 20:16:00,2026-06-15 20:33:00,UPI,Delivered,15,20,True,2936.0,10
1878,17859,13,161,2026-06-09 19:54:00,2026-06-09 19:59:00,2026-06-09 20:09:00,UPI,Delivered,15,15,False,1529.0,7
1879,43286,3,142,2026-06-03 19:43:00,2026-06-03 19:45:00,2026-06-03 20:01:00,Card,Delivered,15,18,True,1191.0,6
1880,17405,18,168,2026-06-18 14:18:00,2026-06-18 14:20:00,2026-06-18 14:31:00,UPI,Delivered,15,13,False,1290.0,6
1881,18925,13,161,2026-06-05 21:26:00,2026-06-05 21:28:00,2026-06-05 21:37:00,UPI,Delivered,15,11,False,933.0,3
1882,33199,3,87,2026-06-19 21:51:00,2026-06-19 21:55:00,2026-06-19 22:05:00,UPI,Delivered,15,14,False,968.0,5
1883,43591,19,97,2026-06-07 19:00:00,2026-06-07 19:05:00,2026-06-07 19:19:00,UPI,Delivered,15,19,True,189.0,1
1884,28262,19,12,2026-06-07 15:41:00,2026-06-07 15:43:00,2026-06-07 15:58:00,UPI,Delivered,15,17,True,1684.0,9
1885,18863,5,153,2026-06-05 22:25:00,2026-06-05 22:27:00,2026-06-05 22:38:00,UPI,Delivered,15,13,False,3480.0,11
1886,28345,6,23,2026-06-18 14:24:00,2026-06-18 14:26:00,2026-06-18 14:37:00,UPI,Delivered,15,13,False,970.0,4
1887,21070,12,4,2026-06-23 12:55:00,2026-06-23 12:57:00,2026-06-23 13:12:00,UPI,Delivered,15,17,True,418.0,2
1888,16767,10,178,2026-06-12 10:57:00,2026-06-12 11:02:00,2026-06-12 11:10:00,UPI,Delivered,15,13,False,50.0,1
1889,42266,19,107,2026-06-25 20:02:00,2026-06-25 20:06:00,2026-06-25 20:21:00,UPI,Delivered,15,19,True,3278.0,11
1890,16826,16,199,2026-06-14 17:59:00,2026-06-14 18:03:00,2026-06-14 18:15:00,Card,Delivered,15,16,True,301.0,1
1891,33388,4,63,2026-06-06 11:23:00,2026-06-06 11:28:00,2026-06-06 11:37:00,UPI,Delivered,15,14,False,396.0,3
1892,26342,14,68,2026-06-14 21:44:00,2026-06-14 21:49:00,2026-06-14 22:02:00,UPI,Delivered,15,18,True,831.0,5
1893,41223,11,64,2026-06-17 18:10:00,2026-06-17 18:12:00,2026-06-17 18:27:00,Card,Delivered,15,17,True,602.0,2
1894,30520,19,89,2026-06-07 22:12:00,2026-06-07 22:17:00,2026-06-07 22:27:00,COD,Delivered,15,15,False,1573.0,8
1895,37644,4,8,2026-06-27 20:53:00,2026-06-27 20:58:00,2026-06-27 21:14:00,COD,Delivered,15,21,True,176.0,1
1896,15181,15,156,2026-06-13 20:25:00,2026-06-13 20:28:00,2026-06-13 20:46:00,COD,Delivered,15,21,True,435.0,1
1897,18469,13,166,2026-06-24 19:37:00,2026-06-24 19:41:00,2026-06-24 19:55:00,UPI,Delivered,15,18,True,939.0,3
1898,28350,1,121,2026-06-19 19:22:00,2026-06-19 19:25:00,2026-06-19 19:42:00,Card,Delivered,15,20,True,936.0,3
1899,10223,15,62,2026-06-04 19:38:00,2026-06-04 19:41:00,2026-06-04 19:51:00,UPI,Delivered,15,13,False,1446.0,8
1900,44015,7,108,2026-06-07 17:37:00,2026-06-07 17:39:00,2026-06-07 17:53:00,Wallet,Delivered,15,16,True,462.0,2
1901,44045,4,175,2026-06-29 21:13:00,2026-06-29 21:16:00,2026-06-29 21:27:00,Card,Cancelled,15,14,False,1494.0,6
1902,23001,6,191,2026-06-17 20:00:00,2026-06-17 20:05:00,2026-06-17 20:13:00,COD,Delivered,15,13,False,1950.0,7
1903,17127,13,61,2026-06-14 12:15:00,2026-06-14 12:20:00,2026-06-14 12:29:00,UPI,Delivered,15,14,False,1101.0,6
1904,39094,16,179,2026-06-21 13:22:00,2026-06-21 13:25:00,2026-06-21 13:37:00,Wallet,Delivered,15,15,False,3022.0,14
1905,38820,8,152,2026-06-17 20:15:00,2026-06-17 20:18:00,2026-06-17 20:36:00,COD,Delivered,15,21,True,378.0,2
1906,39918,16,199,2026-06-25 12:06:00,2026-06-25 12:11:00,2026-06-25 12:22:00,UPI,Cancelled,15,16,True,772.0,4
1907,11665,9,96,2026-06-13 11:32:00,2026-06-13 11:35:00,2026-06-13 11:47:00,UPI,Delivered,15,15,False,969.0,5
1908,12336,20,79,2026-06-24 12:12:00,2026-06-24 12:15:00,2026-06-24 12:30:00,Card,Delivered,15,18,True,112.0,2
1909,44047,10,67,2026-06-21 13:50:00,2026-06-21 13:54:00,2026-06-21 14:10:00,Card,Delivered,15,20,True,507.0,3
1910,18299,14,197,2026-06-29 20:59:00,2026-06-29 21:04:00,2026-06-29 21:16:00,COD,Delivered,15,17,True,321.0,3
1911,14027,13,161,2026-06-14 12:25:00,2026-06-14 12:30:00,2026-06-14 12:39:00,Card,Delivered,15,14,False,1127.0,7
1912,28798,4,8,2026-06-21 12:02:00,2026-06-21 12:07:00,2026-06-21 12:18:00,UPI,Delivered,15,16,True,1692.0,6
1913,19353,3,159,2026-06-23 21:36:00,2026-06-23 21:38:00,2026-06-23 21:50:00,UPI,Delivered,15,14,False,1103.0,6
1914,47314,16,190,2026-06-19 19:49:00,2026-06-19 19:52:00,2026-06-19 20:05:00,UPI,Delivered,15,16,True,3768.0,12
1915,30675,2,34,2026-06-06 20:40:00,2026-06-06 20:44:00,2026-06-06 20:55:00,Wallet,Delivered,15,15,False,1816.0,7
1916,38352,15,187,2026-06-19 12:03:00,2026-06-19 12:05:00,2026-06-19 12:20:00,UPI,Delivered,15,17,True,658.0,7
1917,19773,1,57,2026-06-15 21:26:00,2026-06-15 21:30:00,2026-06-15 21:38:00,UPI,Delivered,15,12,False,2525.0,12
1918,14258,10,122,2026-06-18 20:16:00,2026-06-18 20:18:00,2026-06-18 20:36:00,Wallet,Delivered,15,20,True,959.0,3
1919,40139,6,71,2026-06-27 20:47:00,2026-06-27 20:52:00,2026-06-27 21:11:00,Card,Delivered,15,24,True,1365.0,6
1920,11224,12,148,2026-06-10 19:39:00,2026-06-10 19:44:00,2026-06-10 19:58:00,Card,Delivered,15,19,True,356.0,1
1921,40067,2,14,2026-06-22 22:56:00,2026-06-22 23:01:00,2026-06-22 23:10:00,Card,Delivered,15,14,False,1542.0,7
1922,27621,8,120,2026-06-30 20:44:00,2026-06-30 20:47:00,2026-06-30 21:00:00,Wallet,Delivered,15,16,True,2518.0,11
1923,26710,12,194,2026-06-26 19:26:00,2026-06-26 19:28:00,2026-06-26 19:44:00,Wallet,Cancelled,15,18,True,256.0,1
1924,14927,1,46,2026-06-07 14:17:00,2026-06-07 14:22:00,2026-06-07 14:28:00,UPI,Delivered,15,11,False,1480.0,11
1925,48768,5,151,2026-06-23 20:24:00,2026-06-23 20:27:00,2026-06-23 20:39:00,UPI,Delivered,15,15,False,1429.0,5
1926,45316,19,113,2026-06-16 18:03:00,2026-06-16 18:06:00,2026-06-16 18:18:00,UPI,Delivered,15,15,False,433.0,4
1927,19225,1,46,2026-06-14 09:31:00,2026-06-14 09:35:00,2026-06-14 09:42:00,Card,Delivered,15,11,False,2524.0,10
1928,29117,18,172,2026-06-27 19:29:00,2026-06-27 19:31:00,2026-06-27 19:45:00,UPI,Delivered,15,16,True,2004.0,7
1929,16219,18,140,2026-06-07 20:00:00,2026-06-07 20:05:00,2026-06-07 20:24:00,Card,Delivered,15,24,True,1780.0,7
1930,18343,13,116,2026-06-09 14:56:00,2026-06-09 14:58:00,2026-06-09 15:08:00,UPI,Delivered,15,12,False,1496.0,6
1931,38202,11,43,2026-06-29 19:25:00,2026-06-29 19:27:00,2026-06-29 19:45:00,Card,Delivered,15,20,True,102.0,2
1932,25336,5,123,2026-06-21 19:17:00,2026-06-21 19:19:00,2026-06-21 19:31:00,UPI,Delivered,15,14,False,1208.0,4
1933,17426,7,83,2026-06-10 13:48:00,2026-06-10 13:53:00,2026-06-10 14:05:00,Card,Delivered,15,17,True,2094.0,8
1934,42120,13,174,2026-06-19 21:13:00,2026-06-19 21:17:00,2026-06-19 21:28:00,UPI,Delivered,15,15,False,967.0,3
1935,23404,11,184,2026-06-22 18:25:00,2026-06-22 18:27:00,2026-06-22 18:36:00,UPI,Cancelled,15,11,False,731.0,3
1936,43831,8,128,2026-06-05 12:57:00,2026-06-05 13:02:00,2026-06-05 13:13:00,Wallet,Delivered,15,16,True,172.0,2
1937,12862,5,123,2026-06-20 21:04:00,2026-06-20 21:06:00,2026-06-20 21:19:00,COD,Delivered,15,15,False,471.0,3
1938,32994,3,186,2026-06-14 14:35:00,2026-06-14 14:37:00,2026-06-14 14:48:00,UPI,Delivered,15,13,False,183.0,1
1939,15597,9,198,2026-06-05 20:27:00,2026-06-05 20:30:00,2026-06-05 20:41:00,Card,Delivered,15,14,False,2391.0,8
1940,22173,11,9,2026-06-02 12:39:00,2026-06-02 12:42:00,2026-06-02 12:52:00,UPI,Delivered,15,13,False,335.0,4
1941,37753,10,126,2026-06-30 20:45:00,2026-06-30 20:49:00,2026-06-30 21:09:00,UPI,Delivered,15,24,True,1908.0,8
1942,10765,15,187,2026-06-29 22:02:00,2026-06-29 22:06:00,2026-06-29 22:15:00,Card,Delivered,15,13,False,1381.0,5
1943,40573,5,193,2026-06-19 12:03:00,2026-06-19 12:05:00,2026-06-19 12:23:00,Card,Returned,15,20,True,690.0,3
1944,12410,8,29,2026-06-23 21:16:00,2026-06-23 21:19:00,2026-06-23 21:30:00,Card,Delivered,15,14,False,780.0,6
1945,22897,10,178,2026-06-14 19:02:00,2026-06-14 19:07:00,2026-06-14 19:27:00,UPI,Delivered,15,25,True,1171.0,5
1946,34575,5,123,2026-06-12 20:22:00,2026-06-12 20:24:00,2026-06-12 20:37:00,COD,Delivered,15,15,False,612.0,4
1947,13198,16,179,2026-06-20 21:14:00,2026-06-20 21:18:00,2026-06-20 21:29:00,UPI,Delivered,15,15,False,445.0,2
1948,16894,13,174,2026-06-02 21:52:00,2026-06-02 21:55:00,2026-06-02 22:03:00,COD,Delivered,15,11,False,3360.0,13
1949,13895,5,35,2026-06-18 20:54:00,2026-06-18 20:56:00,2026-06-18 21:16:00,Card,Delivered,15,22,True,94.0,2
1950,11452,3,186,2026-06-10 13:15:00,2026-06-10 13:20:00,2026-06-10 13:35:00,UPI,Delivered,15,20,True,740.0,4
1951,31838,7,38,2026-06-08 14:10:00,2026-06-08 14:14:00,2026-06-08 14:18:00,COD,Delivered,15,8,False,609.0,2
1952,10742,20,16,2026-06-26 19:58:00,2026-06-26 20:03:00,2026-06-26 20:12:00,UPI,Delivered,15,14,False,876.0,2
1953,34816,3,87,2026-06-06 14:14:00,2026-06-06 14:16:00,2026-06-06 14:27:00,UPI,Cancelled,15,13,False,861.0,3
1954,10204,19,182,2026-06-17 21:38:00,2026-06-17 21:43:00,2026-06-17 21:49:00,Card,Delivered,15,11,False,428.0,1
1955,35474,11,25,2026-06-01 11:56:00,2026-06-01 12:01:00,2026-06-01 12:09:00,COD,Delivered,15,13,False,2000.0,5
1956,29365,15,187,2026-06-12 21:54:00,2026-06-12 21:56:00,2026-06-12 22:05:00,Card,Delivered,15,11,False,3998.0,13
1957,38407,11,64,2026-06-04 18:02:00,2026-06-04 18:04:00,2026-06-04 18:16:00,UPI,Delivered,15,14,False,2148.0,12
1958,33484,6,111,2026-06-02 19:26:00,2026-06-02 19:29:00,2026-06-02 19:38:00,UPI,Delivered,15,12,False,2876.0,11
1959,35309,9,144,2026-06-15 10:32:00,2026-06-15 10:34:00,2026-06-15 10:43:00,COD,Delivered,15,11,False,651.0,3
1960,43487,1,46,2026-06-04 09:56:00,2026-06-04 09:59:00,2026-06-04 10:13:00,UPI,Delivered,15,17,True,1340.0,5
1961,49067,19,48,2026-06-22 14:43:00,2026-06-22 14:46:00,2026-06-22 14:57:00,UPI,Delivered,15,14,False,176.0,2
1962,29216,16,199,2026-06-18 21:51:00,2026-06-18 21:56:00,2026-06-18 22:09:00,UPI,Delivered,15,18,True,2377.0,8
1963,46147,8,128,2026-06-25 09:00:00,2026-06-25 09:05:00,2026-06-25 09:09:00,COD,Delivered,15,9,False,2009.0,8
1964,30295,20,16,2026-06-25 12:00:00,2026-06-25 12:02:00,2026-06-25 12:21:00,UPI,Delivered,15,21,True,658.0,2
1965,31037,13,166,2026-06-29 21:55:00,2026-06-29 21:59:00,2026-06-29 22:12:00,Card,Delivered,15,17,True,460.0,2
1966,21256,20,5,2026-06-17 13:59:00,2026-06-17 14:03:00,2026-06-17 14:16:00,UPI,Delivered,15,17,True,1625.0,8
1967,13366,14,56,2026-06-16 21:56:00,2026-06-16 21:59:00,2026-06-16 22:06:00,COD,Cancelled,15,10,False,753.0,3
1968,40356,17,106,2026-06-07 20:49:00,2026-06-07 20:51:00,2026-06-07 21:06:00,UPI,Delivered,15,17,True,794.0,3
1969,33782,8,128,2026-06-01 11:47:00,2026-06-01 11:50:00,2026-06-01 12:01:00,UPI,Delivered,15,14,False,1151.0,6
1970,27056,14,169,2026-06-26 18:10:00,2026-06-26 18:12:00,2026-06-26 18:27:00,UPI,Delivered,15,17,True,2170.0,7
1971,44600,12,86,2026-06-18 13:50:00,2026-06-18 13:54:00,2026-06-18 14:06:00,UPI,Delivered,15,16,True,681.0,3
1972,27489,7,162,2026-06-23 19:23:00,2026-06-23 19:26:00,2026-06-23 19:42:00,UPI,Delivered,15,19,True,1428.0,9
1973,37460,15,21,2026-06-03 21:34:00,2026-06-03 21:36:00,2026-06-03 21:47:00,UPI,Delivered,15,13,False,1557.0,5
1974,10215,12,4,2026-06-02 19:08:00,2026-06-02 19:11:00,2026-06-02 19:33:00,UPI,Delivered,15,25,True,288.0,3
1975,11829,8,120,2026-06-22 17:01:00,2026-06-22 17:04:00,2026-06-22 17:14:00,COD,Delivered,15,13,False,1980.0,6
1976,38651,1,46,2026-06-18 20:06:00,2026-06-18 20:08:00,2026-06-18 20:23:00,Wallet,Delivered,15,17,True,2181.0,11
1977,45196,6,40,2026-06-03 19:21:00,2026-06-03 19:24:00,2026-06-03 19:44:00,Wallet,Delivered,15,23,True,1164.0,4
1978,32001,3,69,2026-06-23 12:31:00,2026-06-23 12:34:00,2026-06-23 12:50:00,UPI,Delivered,15,19,True,1990.0,9
1979,20792,19,118,2026-06-29 21:52:00,2026-06-29 21:57:00,2026-06-29 22:09:00,UPI,Cancelled,15,17,True,1406.0,4
1980,40025,5,37,2026-06-06 19:10:00,2026-06-06 19:14:00,2026-06-06 19:27:00,UPI,Delivered,15,17,True,1167.0,7
1981,29066,3,69,2026-06-21 19:17:00,2026-06-21 19:22:00,2026-06-21 19:39:00,UPI,Delivered,15,22,True,2277.0,11
1982,14237,13,65,2026-06-24 12:35:00,2026-06-24 12:38:00,2026-06-24 12:52:00,UPI,Delivered,15,17,True,1958.0,7
1983,12280,1,114,2026-06-09 18:11:00,2026-06-09 18:14:00,2026-06-09 18:24:00,UPI,Delivered,15,13,False,2402.0,9
1984,31797,15,163,2026-06-24 15:40:00,2026-06-24 15:44:00,2026-06-24 15:54:00,Card,Delivered,15,14,False,1526.0,7
1985,23241,8,29,2026-06-22 14:09:00,2026-06-22 14:13:00,2026-06-22 14:22:00,UPI,Delivered,15,13,False,2254.0,7
1986,43173,19,177,2026-06-06 14:36:00,2026-06-06 14:40:00,2026-06-06 14:51:00,Wallet,Delivered,15,15,False,510.0,3
1987,34043,14,7,2026-06-27 19:32:00,2026-06-27 19:37:00,2026-06-27 19:51:00,UPI,Delivered,15,19,True,924.0,3
1988,42860,10,183,2026-06-21 21:07:00,2026-06-21 21:12:00,2026-06-21 21:20:00,COD,Delivered,15,13,False,587.0,4
1989,30959,13,33,2026-06-16 19:16:00,2026-06-16 19:18:00,2026-06-16 19:33:00,UPI,Delivered,15,17,True,1579.0,7
1990,38486,18,192,2026-06-17 18:53:00,2026-06-17 18:56:00,2026-06-17 19:09:00,UPI,Delivered,15,16,True,1440.0,9
1991,36235,17,147,2026-06-03 19:08:00,2026-06-03 19:12:00,2026-06-03 19:28:00,COD,Delivered,15,20,True,880.0,3
1992,25440,3,94,2026-06-18 13:08:00,2026-06-18 13:13:00,2026-06-18 13:28:00,UPI,Delivered,15,20,True,2264.0,11
1993,40236,7,22,2026-06-08 12:31:00,2026-06-08 12:36:00,2026-06-08 12:48:00,Card,Delivered,15,17,True,429.0,1
1994,37791,17,3,2026-06-17 21:12:00,2026-06-17 21:15:00,2026-06-17 21:28:00,UPI,Delivered,15,16,True,2382.0,8
1995,45212,5,193,2026-06-19 13:14:00,2026-06-19 13:18:00,2026-06-19 13:31:00,Wallet,Delivered,15,17,True,916.0,3
1996,41112,5,37,2026-06-06 18:53:00,2026-06-06 18:57:00,2026-06-06 19:09:00,UPI,Delivered,15,16,True,1763.0,7
1997,36455,7,158,2026-06-11 20:52:00,2026-06-11 20:54:00,2026-06-11 21:12:00,Wallet,Cancelled,15,20,True,2574.0,8
1998,49615,17,2,2026-06-02 20:28:00,2026-06-02 20:30:00,2026-06-02 20:49:00,UPI,Returned,15,21,True,1299.0,6
1999,24295,10,178,2026-06-29 18:15:00,2026-06-29 18:17:00,2026-06-29 18:28:00,Card,Delivered,15,13,False,2226.0,9
2000,35244,16,179,2026-06-21 12:54:00,2026-06-21 12:59:00,2026-06-21 13:07:00,Card,Delivered,15,13,False,1505.0,4
2001,33467,16,190,2026-06-14 19:39:00,2026-06-14 19:42:00,2026-06-14 19:59:00,COD,Delivered,15,20,True,1631.0,6
2002,46775,8,128,2026-06-26 20:15:00,2026-06-26 20:17:00,2026-06-26 20:34:00,UPI,Delivered,15,19,True,2534.0,8
2003,15179,12,41,2026-06-03 14:26:00,2026-06-03 14:28:00,2026-06-03 14:39:00,UPI,Delivered,15,13,False,1894.0,9
2004,32737,5,170,2026-06-16 20:22:00,2026-06-16 20:24:00,2026-06-16 20:50:00,UPI,Delivered,15,28,True,264.0,3
2005,18372,1,114,2026-06-24 19:31:00,2026-06-24 19:33:00,2026-06-24 19:53:00,UPI,Delivered,15,22,True,1776.0,10
2006,14687,16,190,2026-06-11 19:39:00,2026-06-11 19:43:00,2026-06-11 20:03:00,UPI,Delivered,15,24,True,1852.0,6
2007,20890,2,98,2026-06-19 20:51:00,2026-06-19 20:54:00,2026-06-19 21:14:00,UPI,Delivered,15,23,True,3539.0,12
2008,24530,9,144,2026-06-19 22:25:00,2026-06-19 22:29:00,2026-06-19 22:41:00,COD,Delivered,15,16,True,1091.0,5
2009,20117,11,25,2026-06-25 20:10:00,2026-06-25 20:15:00,2026-06-25 20:27:00,Card,Delivered,15,17,True,2778.0,11
2010,33773,5,37,2026-06-14 13:14:00,2026-06-14 13:19:00,2026-06-14 13:33:00,UPI,Delivered,15,19,True,2622.0,10
2011,17428,17,30,2026-06-07 17:11:00,2026-06-07 17:16:00,2026-06-07 17:26:00,UPI,Delivered,15,15,False,456.0,4
2012,24225,16,155,2026-06-03 17:59:00,2026-06-03 18:04:00,2026-06-03 18:12:00,Card,Delivered,15,13,False,1252.0,5
2013,18400,13,33,2026-06-05 20:21:00,2026-06-05 20:25:00,2026-06-05 20:45:00,COD,Delivered,15,24,True,108.0,1
2014,42101,10,138,2026-06-22 19:11:00,2026-06-22 19:15:00,2026-06-22 19:29:00,UPI,Cancelled,15,18,True,1807.0,5
2015,12622,12,4,2026-06-24 18:04:00,2026-06-24 18:09:00,2026-06-24 18:17:00,Wallet,Delivered,15,13,False,1015.0,5
2016,39561,13,116,2026-06-10 18:01:00,2026-06-10 18:06:00,2026-06-10 18:12:00,Wallet,Delivered,15,11,False,1878.0,8
2017,13411,15,187,2026-06-10 19:49:00,2026-06-10 19:54:00,2026-06-10 20:17:00,UPI,Delivered,15,28,True,1181.0,8
2018,26280,6,71,2026-06-13 22:53:00,2026-06-13 22:58:00,2026-06-13 23:07:00,UPI,Delivered,15,14,False,2147.0,10
2019,16612,3,87,2026-06-27 21:51:00,2026-06-27 21:53:00,2026-06-27 22:06:00,UPI,Delivered,15,15,False,1908.0,7
2020,16133,15,21,2026-06-09 15:01:00,2026-06-09 15:06:00,2026-06-09 15:15:00,COD,Delivered,15,14,False,3487.0,12
2021,34315,7,158,2026-06-25 21:33:00,2026-06-25 21:36:00,2026-06-25 21:49:00,UPI,Delivered,15,16,True,1703.0,10
2022,25532,4,70,2026-06-02 20:02:00,2026-06-02 20:04:00,2026-06-02 20:25:00,Card,Delivered,15,23,True,3043.0,11
2023,15093,1,46,2026-06-20 20:45:00,2026-06-20 20:47:00,2026-06-20 21:04:00,UPI,Delivered,15,19,True,1468.0,8
2024,43122,16,179,2026-06-13 17:20:00,2026-06-13 17:23:00,2026-06-13 17:36:00,UPI,Delivered,15,16,True,2186.0,9
2025,29885,6,60,2026-06-23 21:59:00,2026-06-23 22:01:00,2026-06-23 22:13:00,UPI,Delivered,15,14,False,904.0,5
2026,46765,1,137,2026-06-14 19:15:00,2026-06-14 19:17:00,2026-06-14 19:34:00,UPI,Delivered,15,19,True,1320.0,3
2027,45659,7,108,2026-06-27 20:33:00,2026-06-27 20:35:00,2026-06-27 20:54:00,COD,Returned,15,21,True,1810.0,7
2028,33649,14,132,2026-06-29 19:38:00,2026-06-29 19:42:00,2026-06-29 20:00:00,UPI,Delivered,15,22,True,2883.0,8
2029,44505,8,120,2026-06-17 20:57:00,2026-06-17 21:02:00,2026-06-17 21:18:00,COD,Delivered,15,21,True,1829.0,8
2030,21035,12,4,2026-06-15 18:44:00,2026-06-15 18:47:00,2026-06-15 18:56:00,UPI,Delivered,15,12,False,456.0,3
2031,18187,8,128,2026-06-07 20:23:00,2026-06-07 20:27:00,2026-06-07 20:40:00,Card,Delivered,15,17,True,533.0,3
2032,18263,20,58,2026-06-07 18:01:00,2026-06-07 18:03:00,2026-06-07 18:10:00,UPI,Delivered,15,9,False,2251.0,9
2033,48483,14,132,2026-06-01 11:57:00,2026-06-01 12:01:00,2026-06-01 12:08:00,Card,Delivered,15,11,False,447.0,3
2034,31488,19,89,2026-06-12 14:44:00,2026-06-12 14:47:00,2026-06-12 14:58:00,UPI,Delivered,15,14,False,2604.0,10
2035,30266,4,125,2026-06-22 19:01:00,2026-06-22 19:04:00,2026-06-22 19:17:00,UPI,Delivered,15,16,True,2318.0,9
2036,14410,6,181,2026-06-17 19:25:00,2026-06-17 19:27:00,2026-06-17 19:46:00,UPI,Delivered,15,21,True,458.0,5
2037,27698,2,45,2026-06-15 19:56:00,2026-06-15 20:00:00,2026-06-15 20:19:00,Card,Delivered,15,23,True,383.0,2
2038,23881,4,157,2026-06-20 20:05:00,2026-06-20 20:09:00,2026-06-20 20:23:00,UPI,Delivered,15,18,True,2522.0,11
2039,43635,9,133,2026-06-21 14:15:00,2026-06-21 14:17:00,2026-06-21 14:28:00,Card,Delivered,15,13,False,1550.0,7
2040,25267,20,11,2026-06-26 19:37:00,2026-06-26 19:39:00,2026-06-26 20:02:00,UPI,Cancelled,15,25,True,318.0,6
2041,11025,3,94,2026-06-21 10:27:00,2026-06-21 10:31:00,2026-06-21 10:44:00,UPI,Delivered,15,17,True,874.0,8
2042,24711,3,159,2026-06-25 20:32:00,2026-06-25 20:36:00,2026-06-25 20:42:00,UPI,Delivered,15,10,False,958.0,4
2043,20133,11,104,2026-06-19 13:07:00,2026-06-19 13:11:00,2026-06-19 13:19:00,UPI,Delivered,15,12,False,249.0,1
2044,17326,6,23,2026-06-26 21:50:00,2026-06-26 21:55:00,2026-06-26 22:01:00,Card,Delivered,15,11,False,849.0,3
2045,23939,5,151,2026-06-02 13:17:00,2026-06-02 13:21:00,2026-06-02 13:38:00,UPI,Cancelled,15,21,True,1948.0,9
2046,49185,10,138,2026-06-05 19:29:00,2026-06-05 19:34:00,2026-06-05 19:46:00,UPI,Cancelled,15,17,True,3030.0,13
2047,29989,13,166,2026-06-27 12:03:00,2026-06-27 12:05:00,2026-06-27 12:22:00,UPI,Delivered,15,19,True,1042.0,4
2048,13900,18,1,2026-06-24 19:46:00,2026-06-24 19:50:00,2026-06-24 20:04:00,Wallet,Delivered,15,18,True,2044.0,8
2049,12812,17,106,2026-06-10 21:52:00,2026-06-10 21:54:00,2026-06-10 22:05:00,Card,Cancelled,15,13,False,556.0,2
2050,25248,18,42,2026-06-20 21:47:00,2026-06-20 21:49:00,2026-06-20 22:03:00,UPI,Delivered,15,16,True,1852.0,6
2051,32441,7,53,2026-06-05 09:45:00,2026-06-05 09:49:00,2026-06-05 10:01:00,Card,Delivered,15,16,True,806.0,4
2052,18384,18,117,2026-06-22 20:31:00,2026-06-22 20:34:00,2026-06-22 20:40:00,UPI,Delivered,15,9,False,982.0,4
2053,12512,12,39,2026-06-23 21:34:00,2026-06-23 21:39:00,2026-06-23 21:45:00,UPI,Delivered,15,11,False,889.0,6
2054,16821,18,27,2026-06-18 18:55:00,2026-06-18 18:59:00,2026-06-18 19:11:00,UPI,Delivered,15,16,True,2085.0,9
2055,31668,7,108,2026-06-22 19:19:00,2026-06-22 19:21:00,2026-06-22 19:30:00,UPI,Delivered,15,11,False,931.0,4
2056,47482,7,75,2026-06-14 20:35:00,2026-06-14 20:39:00,2026-06-14 20:57:00,COD,Delivered,15,22,True,1276.0,5
2057,22381,17,134,2026-06-02 19:49:00,2026-06-02 19:51:00,2026-06-02 20:08:00,Card,Delivered,15,19,True,3423.0,12
2058,41892,2,188,2026-06-30 21:43:00,2026-06-30 21:46:00,2026-06-30 21:55:00,UPI,Delivered,15,12,False,2461.0,9
2059,20575,7,101,2026-06-20 12:46:00,2026-06-20 12:51:00,2026-06-20 13:05:00,Card,Delivered,15,19,True,2751.0,9
2060,47872,10,126,2026-06-27 21:36:00,2026-06-27 21:39:00,2026-06-27 21:52:00,COD,Delivered,15,16,True,1255.0,5
2061,17261,19,200,2026-06-09 10:29:00,2026-06-09 10:31:00,2026-06-09 10:44:00,Wallet,Delivered,15,15,False,2571.0,9
2062,15483,2,112,2026-06-10 18:49:00,2026-06-10 18:51:00,2026-06-10 19:02:00,Card,Delivered,15,13,False,1594.0,6
2063,20669,2,34,2026-06-17 18:35:00,2026-06-17 18:38:00,2026-06-17 18:46:00,COD,Cancelled,15,11,False,1198.0,4
2064,36293,11,64,2026-06-22 20:51:00,2026-06-22 20:55:00,2026-06-22 21:06:00,UPI,Cancelled,15,15,False,140.0,2
2065,25120,7,74,2026-06-03 21:57:00,2026-06-03 22:01:00,2026-06-03 22:09:00,UPI,Delivered,15,12,False,1800.0,6
2066,10552,11,25,2026-06-04 21:17:00,2026-06-04 21:20:00,2026-06-04 21:32:00,UPI,Delivered,15,15,False,1623.0,6
2067,34882,18,140,2026-06-01 18:36:00,2026-06-01 18:41:00,2026-06-01 18:50:00,UPI,Delivered,15,14,False,1453.0,9
2068,19534,17,134,2026-06-16 19:24:00,2026-06-16 19:29:00,2026-06-16 19:42:00,UPI,Delivered,15,18,True,2253.0,9
2069,43501,9,133,2026-06-13 21:59:00,2026-06-13 22:01:00,2026-06-13 22:14:00,UPI,Delivered,15,15,False,2133.0,7
2070,35830,16,199,2026-06-10 20:56:00,2026-06-10 21:00:00,2026-06-10 21:18:00,Wallet,Delivered,15,22,True,2652.0,10
2071,13133,1,88,2026-06-05 19:07:00,2026-06-05 19:12:00,2026-06-05 19:24:00,Card,Delivered,15,17,True,1626.0,5
2072,23625,19,113,2026-06-04 20:10:00,2026-06-04 20:13:00,2026-06-04 20:31:00,COD,Delivered,15,21,True,1128.0,5
2073,17680,8,152,2026-06-23 15:06:00,2026-06-23 15:11:00,2026-06-23 15:22:00,UPI,Delivered,15,16,True,778.0,2
2074,14617,4,70,2026-06-07 21:01:00,2026-06-07 21:05:00,2026-06-07 21:15:00,UPI,Delivered,15,14,False,1827.0,8
2075,21045,14,130,2026-06-07 19:10:00,2026-06-07 19:12:00,2026-06-07 19:26:00,UPI,Delivered,15,16,True,661.0,4
2076,40673,13,33,2026-06-11 19:13:00,2026-06-11 19:15:00,2026-06-11 19:35:00,COD,Delivered,15,22,True,1662.0,9
2077,42686,11,25,2026-06-10 18:01:00,2026-06-10 18:03:00,2026-06-10 18:16:00,Card,Delivered,15,15,False,1780.0,10
2078,49843,2,112,2026-06-08 20:42:00,2026-06-08 20:47:00,2026-06-08 20:59:00,Card,Returned,15,17,True,1750.0,9
2079,21108,6,6,2026-06-22 20:10:00,2026-06-22 20:12:00,2026-06-22 20:28:00,UPI,Delivered,15,18,True,315.0,2
2080,42697,2,73,2026-06-16 12:53:00,2026-06-16 12:55:00,2026-06-16 13:09:00,COD,Delivered,15,16,True,1000.0,4
2081,47666,17,3,2026-06-17 21:44:00,2026-06-17 21:49:00,2026-06-17 21:56:00,COD,Delivered,15,12,False,247.0,3
2082,18850,13,161,2026-06-23 21:10:00,2026-06-23 21:14:00,2026-06-23 21:23:00,UPI,Delivered,15,13,False,2219.0,11
2083,38217,4,167,2026-06-22 21:24:00,2026-06-22 21:26:00,2026-06-22 21:39:00,UPI,Delivered,15,15,False,2708.0,10
2084,19532,18,192,2026-06-26 14:40:00,2026-06-26 14:42:00,2026-06-26 14:53:00,Card,Delivered,15,13,False,570.0,3
2085,11883,5,151,2026-06-20 20:49:00,2026-06-20 20:53:00,2026-06-20 21:09:00,Card,Delivered,15,20,True,255.0,2
2086,13032,19,182,2026-06-04 20:11:00,2026-06-04 20:13:00,2026-06-04 20:33:00,UPI,Delivered,15,22,True,375.0,1
2087,43836,19,12,2026-06-08 20:20:00,2026-06-08 20:22:00,2026-06-08 20:37:00,UPI,Delivered,15,17,True,284.0,4
2088,34799,19,89,2026-06-19 14:30:00,2026-06-19 14:35:00,2026-06-19 14:43:00,UPI,Delivered,15,13,False,2609.0,11
2089,38452,5,153,2026-06-15 09:46:00,2026-06-15 09:51:00,2026-06-15 09:59:00,Card,Delivered,15,13,False,2208.0,10
2090,45005,20,150,2026-06-27 09:30:00,2026-06-27 09:35:00,2026-06-27 09:44:00,UPI,Delivered,15,14,False,576.0,5
2091,44930,6,90,2026-06-05 20:42:00,2026-06-05 20:45:00,2026-06-05 21:01:00,UPI,Delivered,15,19,True,1767.0,10
2092,12991,16,155,2026-06-25 20:00:00,2026-06-25 20:02:00,2026-06-25 20:19:00,UPI,Delivered,15,19,True,2097.0,8
2093,44370,10,32,2026-06-17 21:29:00,2026-06-17 21:33:00,2026-06-17 21:43:00,UPI,Delivered,15,14,False,1181.0,7
2094,22378,11,64,2026-06-03 19:16:00,2026-06-03 19:18:00,2026-06-03 19:36:00,Card,Delivered,15,20,True,1390.0,7
2095,35871,6,165,2026-06-02 13:51:00,2026-06-02 13:53:00,2026-06-02 14:03:00,Card,Delivered,15,12,False,2631.0,11
2096,37481,2,28,2026-06-26 20:51:00,2026-06-26 20:54:00,2026-06-26 21:08:00,Card,Delivered,15,17,True,2264.0,6
2097,18396,3,159,2026-06-06 13:54:00,2026-06-06 13:57:00,2026-06-06 14:10:00,UPI,Delivered,15,16,True,411.0,6
2098,39379,16,199,2026-06-28 18:38:00,2026-06-28 18:40:00,2026-06-28 18:55:00,COD,Delivered,15,17,True,1374.0,8
2099,22241,12,41,2026-06-20 20:43:00,2026-06-20 20:47:00,2026-06-20 21:07:00,Card,Delivered,15,24,True,1346.0,13
2100,35090,15,163,2026-06-02 21:52:00,2026-06-02 21:55:00,2026-06-02 22:01:00,Card,Delivered,15,9,False,395.0,5
2101,43040,19,185,2026-06-13 19:36:00,2026-06-13 19:39:00,2026-06-13 19:58:00,Card,Delivered,15,22,True,296.0,2
2102,44799,18,27,2026-06-28 11:07:00,2026-06-28 11:09:00,2026-06-28 11:19:00,UPI,Delivered,15,12,False,2733.0,9
2103,47259,17,59,2026-06-15 21:44:00,2026-06-15 21:46:00,2026-06-15 21:54:00,UPI,Delivered,15,10,False,1132.0,4
2104,31524,11,17,2026-06-06 18:12:00,2026-06-06 18:15:00,2026-06-06 18:27:00,UPI,Delivered,15,15,False,831.0,4
2105,38619,3,94,2026-06-08 21:47:00,2026-06-08 21:50:00,2026-06-08 22:01:00,UPI,Delivered,15,14,False,1354.0,5
2106,49855,8,128,2026-06-10 20:39:00,2026-06-10 20:44:00,2026-06-10 20:53:00,UPI,Delivered,15,14,False,416.0,2
2107,23752,15,163,2026-06-08 20:10:00,2026-06-08 20:14:00,2026-06-08 20:29:00,UPI,Delivered,15,19,True,2008.0,8
2108,27997,17,134,2026-06-19 19:43:00,2026-06-19 19:45:00,2026-06-19 20:02:00,UPI,Delivered,15,19,True,1541.0,9
2109,13882,1,92,2026-06-02 21:29:00,2026-06-02 21:33:00,2026-06-02 21:45:00,Wallet,Delivered,15,16,True,248.0,2
2110,28418,18,140,2026-06-23 14:09:00,2026-06-23 14:11:00,2026-06-23 14:17:00,COD,Delivered,15,8,False,298.0,2
2111,11933,20,93,2026-06-20 21:49:00,2026-06-20 21:51:00,2026-06-20 22:06:00,Wallet,Delivered,15,17,True,400.0,1
2112,45118,13,174,2026-06-12 21:00:00,2026-06-12 21:02:00,2026-06-12 21:09:00,Card,Delivered,15,9,False,1067.0,4
2113,42835,7,158,2026-06-27 14:18:00,2026-06-27 14:21:00,2026-06-27 14:30:00,UPI,Delivered,15,12,False,2401.0,10
2114,20260,3,87,2026-06-26 21:37:00,2026-06-26 21:39:00,2026-06-26 21:50:00,Wallet,Delivered,15,13,False,2177.0,10
2115,14600,7,83,2026-06-05 11:04:00,2026-06-05 11:09:00,2026-06-05 11:16:00,UPI,Delivered,15,12,False,1514.0,4
2116,35349,9,96,2026-06-14 21:39:00,2026-06-14 21:41:00,2026-06-14 21:55:00,UPI,Delivered,15,16,True,252.0,1
2117,33017,17,2,2026-06-24 20:28:00,2026-06-24 20:30:00,2026-06-24 20:40:00,Card,Delivered,15,12,False,1632.0,9
2118,34698,6,6,2026-06-25 10:28:00,2026-06-25 10:31:00,2026-06-25 10:37:00,UPI,Delivered,15,9,False,2364.0,9
2119,34677,14,68,2026-06-29 11:32:00,2026-06-29 11:35:00,2026-06-29 11:44:00,UPI,Delivered,15,12,False,2223.0,7
2120,11690,11,9,2026-06-09 19:22:00,2026-06-09 19:24:00,2026-06-09 19:44:00,UPI,Delivered,15,22,True,2536.0,13
2121,13140,17,147,2026-06-25 20:35:00,2026-06-25 20:37:00,2026-06-25 20:55:00,COD,Delivered,15,20,True,1668.0,9
2122,36697,14,56,2026-06-19 20:47:00,2026-06-19 20:52:00,2026-06-19 21:06:00,UPI,Delivered,15,19,True,3976.0,12
2123,18398,20,55,2026-06-03 19:50:00,2026-06-03 19:53:00,2026-06-03 20:15:00,COD,Cancelled,15,25,True,2100.0,12
2124,44894,20,84,2026-06-02 18:45:00,2026-06-02 18:50:00,2026-06-02 18:58:00,UPI,Delivered,15,13,False,2275.0,11
2125,36006,13,33,2026-06-18 21:41:00,2026-06-18 21:46:00,2026-06-18 21:55:00,UPI,Returned,15,14,False,817.0,8
2126,18795,16,155,2026-06-28 22:34:00,2026-06-28 22:38:00,2026-06-28 22:53:00,UPI,Delivered,15,19,True,3660.0,9
2127,12660,10,178,2026-06-18 19:36:00,2026-06-18 19:39:00,2026-06-18 19:52:00,Wallet,Delivered,15,16,True,1822.0,11
2128,17842,19,200,2026-06-05 14:19:00,2026-06-05 14:23:00,2026-06-05 14:36:00,UPI,Delivered,15,17,True,695.0,4
2129,16106,9,133,2026-06-05 20:38:00,2026-06-05 20:43:00,2026-06-05 20:56:00,UPI,Delivered,15,18,True,2201.0,8
2130,49942,1,81,2026-06-30 11:42:00,2026-06-30 11:44:00,2026-06-30 11:55:00,UPI,Delivered,15,13,False,793.0,6
2131,39867,3,159,2026-06-07 22:31:00,2026-06-07 22:35:00,2026-06-07 22:43:00,UPI,Delivered,15,12,False,486.0,2
2132,39007,6,165,2026-06-16 18:10:00,2026-06-16 18:13:00,2026-06-16 18:25:00,UPI,Delivered,15,15,False,1997.0,10
2133,31528,8,120,2026-06-29 20:04:00,2026-06-29 20:06:00,2026-06-29 20:22:00,COD,Delivered,15,18,True,1227.0,9
2134,17679,2,20,2026-06-09 13:48:00,2026-06-09 13:52:00,2026-06-09 14:05:00,Card,Cancelled,15,17,True,555.0,4
2135,44908,10,178,2026-06-24 13:55:00,2026-06-24 13:59:00,2026-06-24 14:09:00,Card,Delivered,15,14,False,1368.0,9
2136,28254,9,144,2026-06-01 21:51:00,2026-06-01 21:56:00,2026-06-01 22:00:00,UPI,Delivered,15,9,False,1992.0,8
2137,23946,6,165,2026-06-07 20:28:00,2026-06-07 20:32:00,2026-06-07 20:44:00,UPI,Returned,15,16,True,963.0,5
2138,25288,19,97,2026-06-23 14:31:00,2026-06-23 14:34:00,2026-06-23 14:45:00,COD,Delivered,15,14,False,961.0,5
2139,19504,10,173,2026-06-07 20:16:00,2026-06-07 20:19:00,2026-06-07 20:35:00,UPI,Delivered,15,19,True,1584.0,8
2140,43678,11,17,2026-06-06 21:35:00,2026-06-06 21:40:00,2026-06-06 21:48:00,Card,Delivered,15,13,False,1622.0,10
2141,16431,10,138,2026-06-21 12:55:00,2026-06-21 12:58:00,2026-06-21 13:13:00,COD,Delivered,15,18,True,1184.0,4
2142,48436,15,187,2026-06-11 21:58:00,2026-06-11 22:02:00,2026-06-11 22:08:00,UPI,Delivered,15,10,False,811.0,5
2143,43721,4,125,2026-06-16 18:18:00,2026-06-16 18:23:00,2026-06-16 18:34:00,UPI,Delivered,15,16,True,135.0,1
2144,29647,2,14,2026-06-05 22:31:00,2026-06-05 22:34:00,2026-06-05 22:43:00,Card,Delivered,15,12,False,1067.0,6
2145,46747,12,135,2026-06-25 20:21:00,2026-06-25 20:24:00,2026-06-25 20:43:00,COD,Delivered,15,22,True,2888.0,8
2146,15633,6,60,2026-06-30 13:14:00,2026-06-30 13:19:00,2026-06-30 13:32:00,UPI,Delivered,15,18,True,1611.0,7
2147,10181,18,140,2026-06-13 14:45:00,2026-06-13 14:49:00,2026-06-13 14:58:00,UPI,Delivered,15,13,False,2196.0,7
2148,22470,9,133,2026-06-17 21:27:00,2026-06-17 21:30:00,2026-06-17 21:38:00,UPI,Delivered,15,11,False,3635.0,11
2149,41279,20,127,2026-06-03 08:15:00,2026-06-03 08:19:00,2026-06-03 08:26:00,Card,Delivered,15,11,False,1302.0,3
2150,29718,19,195,2026-06-27 18:24:00,2026-06-27 18:29:00,2026-06-27 18:37:00,UPI,Delivered,15,13,False,2482.0,7
2151,13910,16,199,2026-06-19 17:44:00,2026-06-19 17:47:00,2026-06-19 17:57:00,Card,Delivered,15,13,False,752.0,4
2152,44832,11,104,2026-06-27 12:13:00,2026-06-27 12:16:00,2026-06-27 12:29:00,COD,Delivered,15,16,True,433.0,1
2153,29649,19,110,2026-06-23 09:58:00,2026-06-23 10:01:00,2026-06-23 10:08:00,UPI,Delivered,15,10,False,1833.0,9
2154,25078,19,48,2026-06-06 19:42:00,2026-06-06 19:47:00,2026-06-06 19:58:00,Card,Delivered,15,16,True,2021.0,10
2155,15661,15,163,2026-06-11 22:34:00,2026-06-11 22:36:00,2026-06-11 22:47:00,UPI,Delivered,15,13,False,2300.0,10
2156,42400,13,116,2026-06-13 17:32:00,2026-06-13 17:36:00,2026-06-13 17:48:00,Card,Delivered,15,16,True,1587.0,6
2157,24299,6,111,2026-06-04 14:01:00,2026-06-04 14:03:00,2026-06-04 14:14:00,UPI,Delivered,15,13,False,612.0,3
2158,41362,20,150,2026-06-22 21:06:00,2026-06-22 21:08:00,2026-06-22 21:22:00,UPI,Delivered,15,16,True,846.0,3
2159,26865,5,123,2026-06-05 20:34:00,2026-06-05 20:37:00,2026-06-05 20:52:00,UPI,Delivered,15,18,True,238.0,1
2160,28232,8,29,2026-06-20 21:41:00,2026-06-20 21:44:00,2026-06-20 21:50:00,COD,Delivered,15,9,False,1643.0,9
2161,49144,3,94,2026-06-29 08:35:00,2026-06-29 08:39:00,2026-06-29 08:49:00,COD,Delivered,15,14,False,1809.0,8
2162,14740,15,156,2026-06-04 18:33:00,2026-06-04 18:36:00,2026-06-04 18:48:00,Wallet,Delivered,15,15,False,2470.0,8
2163,42862,14,68,2026-06-11 21:46:00,2026-06-11 21:49:00,2026-06-11 22:05:00,Card,Delivered,15,19,True,1182.0,4
2164,11342,16,190,2026-06-14 13:10:00,2026-06-14 13:14:00,2026-06-14 13:25:00,Wallet,Delivered,15,15,False,1285.0,5
2165,43940,6,40,2026-06-19 18:38:00,2026-06-19 18:42:00,2026-06-19 18:49:00,UPI,Delivered,15,11,False,3451.0,11
2166,21898,8,152,2026-06-30 12:14:00,2026-06-30 12:18:00,2026-06-30 12:30:00,UPI,Delivered,15,16,True,1913.0,8
2167,47473,13,65,2026-06-08 21:21:00,2026-06-08 21:23:00,2026-06-08 21:33:00,UPI,Delivered,15,12,False,866.0,4
2168,31793,6,90,2026-06-01 21:58:00,2026-06-01 22:01:00,2026-06-01 22:08:00,COD,Delivered,15,10,False,120.0,1
2169,34763,4,63,2026-06-16 19:33:00,2026-06-16 19:35:00,2026-06-16 19:51:00,Card,Delivered,15,18,True,1697.0,5
2170,19998,20,127,2026-06-02 19:47:00,2026-06-02 19:49:00,2026-06-02 20:10:00,Wallet,Delivered,15,23,True,559.0,3
2171,34131,15,156,2026-06-10 15:44:00,2026-06-10 15:48:00,2026-06-10 15:59:00,UPI,Delivered,15,15,False,1416.0,9
2172,42423,8,29,2026-06-06 11:00:00,2026-06-06 11:04:00,2026-06-06 11:13:00,UPI,Delivered,15,13,False,1428.0,12
2173,19400,15,62,2026-06-02 15:48:00,2026-06-02 15:52:00,2026-06-02 16:01:00,Wallet,Delivered,15,13,False,231.0,1
2174,19954,7,162,2026-06-24 19:46:00,2026-06-24 19:50:00,2026-06-24 20:07:00,UPI,Cancelled,15,21,True,1756.0,9
2175,39009,2,98,2026-06-25 21:38:00,2026-06-25 21:42:00,2026-06-25 21:56:00,UPI,Delivered,15,18,True,2402.0,10
2176,29488,19,185,2026-06-28 21:14:00,2026-06-28 21:17:00,2026-06-28 21:27:00,UPI,Delivered,15,13,False,790.0,2
2177,27086,4,63,2026-06-28 20:11:00,2026-06-28 20:13:00,2026-06-28 20:35:00,UPI,Delivered,15,24,True,372.0,3
2178,49498,19,12,2026-06-21 20:50:00,2026-06-21 20:52:00,2026-06-21 21:06:00,COD,Delivered,15,16,True,151.0,2
2179,28337,3,142,2026-06-17 21:08:00,2026-06-17 21:10:00,2026-06-17 21:21:00,Wallet,Delivered,15,13,False,378.0,7
2180,23712,10,102,2026-06-11 20:52:00,2026-06-11 20:54:00,2026-06-11 21:15:00,UPI,Cancelled,15,23,True,802.0,3
2181,12374,15,156,2026-06-26 13:03:00,2026-06-26 13:07:00,2026-06-26 13:17:00,UPI,Delivered,15,14,False,732.0,3
2182,19840,19,149,2026-06-30 18:34:00,2026-06-30 18:39:00,2026-06-30 18:46:00,UPI,Returned,15,12,False,126.0,3
2183,12451,8,128,2026-06-18 19:02:00,2026-06-18 19:05:00,2026-06-18 19:28:00,UPI,Delivered,15,26,True,2684.0,12
2184,16249,19,100,2026-06-11 13:58:00,2026-06-11 14:01:00,2026-06-11 14:18:00,UPI,Delivered,15,20,True,2038.0,6
2185,36118,14,169,2026-06-22 19:44:00,2026-06-22 19:47:00,2026-06-22 20:03:00,COD,Delivered,15,19,True,2232.0,9
2186,42591,19,182,2026-06-16 20:12:00,2026-06-16 20:16:00,2026-06-16 20:33:00,Card,Delivered,15,21,True,1156.0,7
2187,22811,6,60,2026-06-06 19:08:00,2026-06-06 19:12:00,2026-06-06 19:26:00,Card,Delivered,15,18,True,1286.0,4
2188,21644,12,41,2026-06-25 21:19:00,2026-06-25 21:22:00,2026-06-25 21:30:00,UPI,Delivered,15,11,False,565.0,2
2189,40358,9,96,2026-06-28 18:04:00,2026-06-28 18:08:00,2026-06-28 18:21:00,Card,Cancelled,15,17,True,2631.0,8
2190,43279,10,183,2026-06-12 09:35:00,2026-06-12 09:39:00,2026-06-12 09:53:00,UPI,Delivered,15,18,True,773.0,2
2191,44034,19,177,2026-06-04 19:41:00,2026-06-04 19:46:00,2026-06-04 20:02:00,Wallet,Cancelled,15,21,True,1713.0,8
2192,37051,6,191,2026-06-01 22:50:00,2026-06-01 22:55:00,2026-06-01 23:01:00,Card,Delivered,15,11,False,1689.0,6
2193,32191,2,20,2026-06-17 20:26:00,2026-06-17 20:31:00,2026-06-17 20:43:00,UPI,Delivered,15,17,True,3067.0,12
2194,13935,7,101,2026-06-22 20:14:00,2026-06-22 20:17:00,2026-06-22 20:33:00,UPI,Delivered,15,19,True,1023.0,4
2195,43541,9,133,2026-06-10 20:01:00,2026-06-10 20:03:00,2026-06-10 20:18:00,UPI,Delivered,15,17,True,1769.0,10
2196,27739,9,31,2026-06-10 09:52:00,2026-06-10 09:56:00,2026-06-10 10:04:00,Wallet,Delivered,15,12,False,1089.0,5
2197,23504,12,41,2026-06-09 19:24:00,2026-06-09 19:29:00,2026-06-09 19:41:00,UPI,Delivered,15,17,True,2151.0,6
2198,43686,7,83,2026-06-28 21:39:00,2026-06-28 21:43:00,2026-06-28 21:51:00,COD,Delivered,15,12,False,1872.0,5
2199,24877,2,73,2026-06-15 21:59:00,2026-06-15 22:01:00,2026-06-15 22:12:00,UPI,Delivered,15,13,False,1635.0,5
2200,34836,13,166,2026-06-27 08:00:00,2026-06-27 08:03:00,2026-06-27 08:13:00,Wallet,Delivered,15,13,False,1160.0,7
2201,49157,1,81,2026-06-14 10:17:00,2026-06-14 10:22:00,2026-06-14 10:26:00,Wallet,Delivered,15,9,False,492.0,2
2202,17710,16,190,2026-06-09 21:19:00,2026-06-09 21:24:00,2026-06-09 21:32:00,Card,Delivered,15,13,False,2507.0,9
2203,40389,2,98,2026-06-17 09:58:00,2026-06-17 10:03:00,2026-06-17 10:10:00,UPI,Delivered,15,12,False,1498.0,7
2204,10748,17,30,2026-06-12 14:02:00,2026-06-12 14:05:00,2026-06-12 14:18:00,UPI,Delivered,15,16,True,184.0,1
2205,22244,14,130,2026-06-22 12:53:00,2026-06-22 12:56:00,2026-06-22 13:09:00,Card,Delivered,15,16,True,826.0,8
2206,11300,18,172,2026-06-05 18:09:00,2026-06-05 18:14:00,2026-06-05 18:26:00,UPI,Delivered,15,17,True,98.0,1
2207,32326,16,171,2026-06-03 18:27:00,2026-06-03 18:31:00,2026-06-03 18:39:00,Card,Delivered,15,12,False,769.0,4
2208,27396,16,155,2026-06-04 20:52:00,2026-06-04 20:54:00,2026-06-04 21:13:00,UPI,Delivered,15,21,True,2049.0,10
2209,31369,1,114,2026-06-15 22:10:00,2026-06-15 22:14:00,2026-06-15 22:24:00,COD,Delivered,15,14,False,1685.0,7
2210,30758,5,193,2026-06-11 19:29:00,2026-06-11 19:32:00,2026-06-11 19:51:00,Card,Delivered,15,22,True,650.0,3
2211,33667,9,164,2026-06-24 22:10:00,2026-06-24 22:12:00,2026-06-24 22:24:00,UPI,Delivered,15,14,False,735.0,3
2212,15806,7,22,2026-06-26 19:15:00,2026-06-26 19:19:00,2026-06-26 19:38:00,UPI,Delivered,15,23,True,655.0,6
2213,12372,16,190,2026-06-07 21:47:00,2026-06-07 21:50:00,2026-06-07 22:00:00,Card,Delivered,15,13,False,576.0,2
2214,33573,16,190,2026-06-16 21:10:00,2026-06-16 21:12:00,2026-06-16 21:24:00,UPI,Delivered,15,14,False,33.0,1
2215,14821,11,104,2026-06-15 19:13:00,2026-06-15 19:17:00,2026-06-15 19:26:00,UPI,Delivered,15,13,False,186.0,2
2216,28746,4,175,2026-06-28 19:41:00,2026-06-28 19:46:00,2026-06-28 20:02:00,UPI,Delivered,15,21,True,417.0,1
2217,32467,15,62,2026-06-06 19:30:00,2026-06-06 19:35:00,2026-06-06 19:49:00,UPI,Delivered,15,19,True,2028.0,12
2218,26940,5,193,2026-06-25 13:18:00,2026-06-25 13:21:00,2026-06-25 13:35:00,UPI,Delivered,15,17,True,2825.0,9
2219,45758,3,186,2026-06-28 21:30:00,2026-06-28 21:35:00,2026-06-28 21:46:00,Card,Delivered,15,16,True,136.0,4
2220,44583,15,141,2026-06-04 21:34:00,2026-06-04 21:37:00,2026-06-04 21:48:00,UPI,Delivered,15,14,False,550.0,2
2221,13261,5,193,2026-06-04 19:16:00,2026-06-04 19:20:00,2026-06-04 19:32:00,UPI,Delivered,15,16,True,390.0,1
2222,37038,13,154,2026-06-04 10:03:00,2026-06-04 10:06:00,2026-06-04 10:14:00,UPI,Delivered,15,11,False,1977.0,8
2223,15857,18,42,2026-06-06 20:11:00,2026-06-06 20:14:00,2026-06-06 20:25:00,UPI,Delivered,15,14,False,1856.0,10
2224,28225,4,175,2026-06-18 13:33:00,2026-06-18 13:38:00,2026-06-18 13:51:00,UPI,Delivered,15,18,True,1318.0,6
2225,22081,10,49,2026-06-03 20:57:00,2026-06-03 21:02:00,2026-06-03 21:19:00,UPI,Delivered,15,22,True,103.0,1
2226,10115,3,186,2026-06-13 13:21:00,2026-06-13 13:25:00,2026-06-13 13:33:00,UPI,Cancelled,15,12,False,1391.0,6
2227,32200,5,76,2026-06-13 10:06:00,2026-06-13 10:09:00,2026-06-13 10:17:00,UPI,Delivered,15,11,False,1724.0,7
2228,21638,19,48,2026-06-03 14:45:00,2026-06-03 14:48:00,2026-06-03 14:59:00,UPI,Delivered,15,14,False,542.0,3
2229,15341,6,52,2026-06-06 20:34:00,2026-06-06 20:37:00,2026-06-06 20:51:00,UPI,Delivered,15,17,True,1981.0,8
2230,20804,19,100,2026-06-10 19:01:00,2026-06-10 19:03:00,2026-06-10 19:21:00,UPI,Delivered,15,20,True,1271.0,4
2231,18649,2,50,2026-06-27 08:52:00,2026-06-27 08:55:00,2026-06-27 09:03:00,UPI,Delivered,15,11,False,1933.0,8
2232,24779,17,147,2026-06-05 20:41:00,2026-06-05 20:43:00,2026-06-05 21:04:00,Card,Cancelled,15,23,True,1846.0,7
2233,34865,16,190,2026-06-04 20:25:00,2026-06-04 20:29:00,2026-06-04 20:55:00,Card,Delivered,15,30,True,922.0,5
2234,21117,6,23,2026-06-12 19:31:00,2026-06-12 19:35:00,2026-06-12 19:41:00,UPI,Delivered,15,10,False,162.0,3
2235,11144,2,54,2026-06-16 21:20:00,2026-06-16 21:24:00,2026-06-16 21:37:00,Card,Delivered,15,17,True,375.0,3
2236,23013,2,24,2026-06-17 20:04:00,2026-06-17 20:06:00,2026-06-17 20:25:00,UPI,Delivered,15,21,True,42.0,1
2237,35166,6,52,2026-06-26 21:52:00,2026-06-26 21:57:00,2026-06-26 22:07:00,UPI,Delivered,15,15,False,2696.0,10
2238,22579,4,175,2026-06-01 19:03:00,2026-06-01 19:05:00,2026-06-01 19:21:00,UPI,Delivered,15,18,True,1210.0,6
2239,47156,2,45,2026-06-04 13:50:00,2026-06-04 13:52:00,2026-06-04 14:07:00,UPI,Delivered,15,17,True,580.0,4
2240,48841,5,37,2026-06-25 14:56:00,2026-06-25 14:59:00,2026-06-25 15:13:00,UPI,Returned,15,17,True,2711.0,10
2241,47321,1,137,2026-06-25 18:13:00,2026-06-25 18:17:00,2026-06-25 18:27:00,Card,Delivered,15,14,False,1795.0,7
2242,39395,5,151,2026-06-06 11:34:00,2026-06-06 11:39:00,2026-06-06 11:44:00,Card,Delivered,15,10,False,1689.0,5
2243,43370,18,117,2026-06-10 10:43:00,2026-06-10 10:46:00,2026-06-10 10:57:00,UPI,Delivered,15,14,False,435.0,5
2244,14113,20,84,2026-06-13 20:45:00,2026-06-13 20:47:00,2026-06-13 21:03:00,Card,Cancelled,15,18,True,1296.0,6
2245,34967,9,164,2026-06-02 19:26:00,2026-06-02 19:30:00,2026-06-02 19:45:00,Card,Delivered,15,19,True,1338.0,3
2246,34571,8,128,2026-06-05 12:56:00,2026-06-05 13:01:00,2026-06-05 13:11:00,UPI,Delivered,15,15,False,2121.0,7
2247,11743,2,98,2026-06-08 20:37:00,2026-06-08 20:41:00,2026-06-08 20:53:00,Wallet,Delivered,15,16,True,448.0,2
2248,35677,17,2,2026-06-04 13:26:00,2026-06-04 13:31:00,2026-06-04 13:39:00,UPI,Returned,15,13,False,43.0,1
2249,44803,15,62,2026-06-02 20:29:00,2026-06-02 20:31:00,2026-06-02 20:43:00,UPI,Delivered,15,14,False,92.0,1
2250,38805,4,125,2026-06-23 11:53:00,2026-06-23 11:57:00,2026-06-23 12:03:00,Card,Delivered,15,10,False,2130.0,8
2251,33586,1,46,2026-06-15 19:28:00,2026-06-15 19:32:00,2026-06-15 19:46:00,UPI,Delivered,15,18,True,1265.0,5
2252,47346,1,114,2026-06-23 20:15:00,2026-06-23 20:20:00,2026-06-23 20:35:00,UPI,Delivered,15,20,True,1439.0,8
2253,28343,17,134,2026-06-21 13:36:00,2026-06-21 13:41:00,2026-06-21 13:51:00,UPI,Delivered,15,15,False,1011.0,4
2254,23104,7,53,2026-06-08 13:27:00,2026-06-08 13:31:00,2026-06-08 13:44:00,COD,Delivered,15,17,True,606.0,3
2255,15185,17,3,2026-06-08 19:20:00,2026-06-08 19:25:00,2026-06-08 19:33:00,UPI,Delivered,15,13,False,740.0,2
2256,27283,10,49,2026-06-27 19:22:00,2026-06-27 19:25:00,2026-06-27 19:46:00,UPI,Delivered,15,24,True,1416.0,5
2257,20349,13,61,2026-06-26 21:59:00,2026-06-26 22:02:00,2026-06-26 22:13:00,Card,Delivered,15,14,False,1600.0,4
2258,14760,17,134,2026-06-30 20:57:00,2026-06-30 21:00:00,2026-06-30 21:27:00,UPI,Delivered,15,30,True,1548.0,4
2259,11076,20,16,2026-06-02 22:50:00,2026-06-02 22:54:00,2026-06-02 23:03:00,Card,Delivered,15,13,False,4408.0,11
2260,47815,19,107,2026-06-30 21:20:00,2026-06-30 21:22:00,2026-06-30 21:31:00,UPI,Cancelled,15,11,False,471.0,3
2261,38635,18,42,2026-06-11 20:53:00,2026-06-11 20:58:00,2026-06-11 21:17:00,UPI,Delivered,15,24,True,1441.0,8
2262,48360,2,54,2026-06-29 13:50:00,2026-06-29 13:53:00,2026-06-29 14:07:00,UPI,Delivered,15,17,True,1306.0,8
2263,24898,8,29,2026-06-14 20:54:00,2026-06-14 20:57:00,2026-06-14 21:14:00,UPI,Delivered,15,20,True,597.0,3
2264,10378,2,66,2026-06-05 22:35:00,2026-06-05 22:39:00,2026-06-05 22:49:00,UPI,Delivered,15,14,False,1444.0,7
2265,27678,12,41,2026-06-28 22:21:00,2026-06-28 22:25:00,2026-06-28 22:33:00,Card,Delivered,15,12,False,2864.0,8
2266,26945,12,39,2026-06-03 21:09:00,2026-06-03 21:14:00,2026-06-03 21:21:00,Card,Delivered,15,12,False,256.0,1
2267,15566,20,124,2026-06-18 22:23:00,2026-06-18 22:25:00,2026-06-18 22:40:00,UPI,Delivered,15,17,True,2046.0,5
2268,23079,11,64,2026-06-16 14:57:00,2026-06-16 15:02:00,2026-06-16 15:11:00,Wallet,Delivered,15,14,False,1359.0,5
2269,26116,4,63,2026-06-02 21:14:00,2026-06-02 21:18:00,2026-06-02 21:30:00,UPI,Delivered,15,16,True,2352.0,8
2270,38622,12,86,2026-06-26 22:51:00,2026-06-26 22:55:00,2026-06-26 23:03:00,COD,Cancelled,15,12,False,760.0,3
2271,34879,17,134,2026-06-27 20:40:00,2026-06-27 20:42:00,2026-06-27 20:58:00,Card,Delivered,15,18,True,357.0,5
2272,11426,6,80,2026-06-19 21:52:00,2026-06-19 21:55:00,2026-06-19 22:04:00,UPI,Delivered,15,12,False,336.0,2
2273,25913,10,129,2026-06-19 19:48:00,2026-06-19 19:52:00,2026-06-19 20:10:00,COD,Delivered,15,22,True,108.0,2
2274,49849,11,64,2026-06-22 09:20:00,2026-06-22 09:23:00,2026-06-22 09:31:00,Wallet,Delivered,15,11,False,1945.0,8
2275,18869,6,80,2026-06-04 12:54:00,2026-06-04 12:57:00,2026-06-04 13:16:00,COD,Delivered,15,22,True,1091.0,9
2276,23022,15,163,2026-06-22 20:13:00,2026-06-22 20:17:00,2026-06-22 20:37:00,UPI,Delivered,15,24,True,707.0,8
2277,44621,2,109,2026-06-15 14:49:00,2026-06-15 14:53:00,2026-06-15 15:02:00,UPI,Delivered,15,13,False,1920.0,6
2278,40627,5,193,2026-06-18 17:10:00,2026-06-18 17:13:00,2026-06-18 17:24:00,UPI,Delivered,15,14,False,1854.0,8
2279,31211,12,115,2026-06-13 21:05:00,2026-06-13 21:09:00,2026-06-13 21:20:00,UPI,Delivered,15,15,False,1663.0,7
2280,38236,6,90,2026-06-26 13:48:00,2026-06-26 13:50:00,2026-06-26 14:05:00,UPI,Delivered,15,17,True,3146.0,11
2281,45606,3,159,2026-06-15 20:36:00,2026-06-15 20:41:00,2026-06-15 20:54:00,UPI,Delivered,15,18,True,2233.0,8
2282,41856,15,187,2026-06-20 17:34:00,2026-06-20 17:37:00,2026-06-20 17:50:00,UPI,Delivered,15,16,True,2069.0,6
2283,33228,4,77,2026-06-09 21:00:00,2026-06-09 21:05:00,2026-06-09 21:17:00,UPI,Delivered,15,17,True,2070.0,8
2284,39092,1,36,2026-06-22 22:21:00,2026-06-22 22:24:00,2026-06-22 22:32:00,COD,Delivered,15,11,False,36.0,2
2285,12780,6,52,2026-06-21 20:24:00,2026-06-21 20:28:00,2026-06-21 20:38:00,Card,Delivered,15,14,False,1071.0,5
2286,33298,5,170,2026-06-12 13:00:00,2026-06-12 13:02:00,2026-06-12 13:17:00,UPI,Delivered,15,17,True,129.0,1
2287,22968,19,107,2026-06-25 14:40:00,2026-06-25 14:43:00,2026-06-25 14:54:00,COD,Delivered,15,14,False,2343.0,8
2288,11306,19,107,2026-06-18 21:35:00,2026-06-18 21:37:00,2026-06-18 21:49:00,Wallet,Delivered,15,14,False,351.0,1
2289,46635,10,122,2026-06-09 20:33:00,2026-06-09 20:38:00,2026-06-09 20:55:00,UPI,Delivered,15,22,True,257.0,3
2290,28262,11,64,2026-06-02 19:23:00,2026-06-02 19:27:00,2026-06-02 19:40:00,UPI,Delivered,15,17,True,1794.0,10
2291,28938,19,185,2026-06-12 18:05:00,2026-06-12 18:07:00,2026-06-12 18:16:00,UPI,Delivered,15,11,False,69.0,1
2292,48385,1,121,2026-06-29 18:15:00,2026-06-29 18:18:00,2026-06-29 18:28:00,UPI,Cancelled,15,13,False,626.0,5
2293,42603,15,141,2026-06-05 21:08:00,2026-06-05 21:11:00,2026-06-05 21:21:00,UPI,Cancelled,15,13,False,1447.0,8
2294,38025,12,4,2026-06-23 18:43:00,2026-06-23 18:46:00,2026-06-23 18:59:00,COD,Delivered,15,16,True,272.0,4
2295,45543,3,94,2026-06-07 20:55:00,2026-06-07 20:58:00,2026-06-07 21:08:00,UPI,Delivered,15,13,False,2164.0,6
2296,20716,10,183,2026-06-30 20:47:00,2026-06-30 20:49:00,2026-06-30 21:01:00,UPI,Delivered,15,14,False,1206.0,6
2297,47367,17,147,2026-06-12 19:00:00,2026-06-12 19:02:00,2026-06-12 19:23:00,UPI,Delivered,15,23,True,30.0,1
2298,16821,3,94,2026-06-19 19:05:00,2026-06-19 19:07:00,2026-06-19 19:22:00,COD,Cancelled,15,17,True,277.0,4
2299,13766,17,2,2026-06-03 18:43:00,2026-06-03 18:47:00,2026-06-03 18:54:00,UPI,Delivered,15,11,False,2572.0,9
2300,13958,9,164,2026-06-26 13:50:00,2026-06-26 13:52:00,2026-06-26 14:04:00,UPI,Delivered,15,14,False,550.0,2
2301,36449,5,193,2026-06-12 08:11:00,2026-06-12 08:16:00,2026-06-12 08:24:00,UPI,Delivered,15,13,False,677.0,6
2302,20883,20,119,2026-06-09 19:42:00,2026-06-09 19:47:00,2026-06-09 19:55:00,Wallet,Delivered,15,13,False,54.0,1
2303,10451,13,154,2026-06-18 18:02:00,2026-06-18 18:06:00,2026-06-18 18:15:00,UPI,Delivered,15,13,False,1368.0,6
2304,11550,15,180,2026-06-22 19:58:00,2026-06-22 20:01:00,2026-06-22 20:15:00,Wallet,Cancelled,15,17,True,684.0,8
2305,28413,3,69,2026-06-13 22:51:00,2026-06-13 22:54:00,2026-06-13 23:06:00,UPI,Delivered,15,15,False,1332.0,3
2306,42911,8,120,2026-06-25 12:39:00,2026-06-25 12:43:00,2026-06-25 13:00:00,UPI,Cancelled,15,21,True,414.0,1
2307,39115,16,179,2026-06-26 20:57:00,2026-06-26 20:59:00,2026-06-26 21:05:00,COD,Cancelled,15,8,False,3188.0,10
2308,27511,16,199,2026-06-24 14:48:00,2026-06-24 14:50:00,2026-06-24 15:01:00,UPI,Delivered,15,13,False,1064.0,4
2309,42180,15,62,2026-06-23 20:34:00,2026-06-23 20:39:00,2026-06-23 20:54:00,UPI,Delivered,15,20,True,2269.0,9
2310,43131,5,170,2026-06-20 17:01:00,2026-06-20 17:04:00,2026-06-20 17:14:00,UPI,Cancelled,15,13,False,1221.0,3
2311,45523,2,188,2026-06-19 12:00:00,2026-06-19 12:04:00,2026-06-19 12:16:00,UPI,Delivered,15,16,True,2483.0,7
2312,45694,19,107,2026-06-27 13:20:00,2026-06-27 13:25:00,2026-06-27 13:34:00,UPI,Delivered,15,14,False,1527.0,5
2313,22519,7,53,2026-06-02 20:58:00,2026-06-02 21:00:00,2026-06-02 21:18:00,UPI,Delivered,15,20,True,3554.0,14
2314,42227,3,142,2026-06-13 20:11:00,2026-06-13 20:15:00,2026-06-13 20:35:00,UPI,Delivered,15,24,True,1920.0,5
2315,35913,13,61,2026-06-19 20:05:00,2026-06-19 20:10:00,2026-06-19 20:26:00,Wallet,Delivered,15,21,True,1966.0,6
2316,22876,4,10,2026-06-15 18:32:00,2026-06-15 18:35:00,2026-06-15 18:46:00,COD,Delivered,15,14,False,2207.0,9
2317,38878,3,159,2026-06-21 13:00:00,2026-06-21 13:03:00,2026-06-21 13:18:00,Card,Delivered,15,18,True,2328.0,11
2318,17368,17,106,2026-06-06 20:53:00,2026-06-06 20:58:00,2026-06-06 21:18:00,UPI,Delivered,15,25,True,197.0,1
2319,29458,19,160,2026-06-20 20:00:00,2026-06-20 20:04:00,2026-06-20 20:15:00,Card,Delivered,15,15,False,232.0,2
2320,21544,10,196,2026-06-16 20:46:00,2026-06-16 20:51:00,2026-06-16 21:04:00,UPI,Delivered,15,18,True,735.0,3
2321,49254,15,180,2026-06-29 19:56:00,2026-06-29 20:00:00,2026-06-29 20:19:00,UPI,Delivered,15,23,True,2916.0,13
2322,28659,4,157,2026-06-07 20:33:00,2026-06-07 20:35:00,2026-06-07 20:54:00,Card,Delivered,15,21,True,615.0,3
2323,27231,2,73,2026-06-28 18:47:00,2026-06-28 18:51:00,2026-06-28 19:02:00,UPI,Returned,15,15,False,1445.0,6
2324,36950,18,42,2026-06-14 22:04:00,2026-06-14 22:08:00,2026-06-14 22:16:00,Card,Delivered,15,12,False,424.0,2
2325,23653,10,173,2026-06-08 18:35:00,2026-06-08 18:37:00,2026-06-08 18:50:00,UPI,Delivered,15,15,False,2078.0,8
2326,41431,2,112,2026-06-19 22:15:00,2026-06-19 22:20:00,2026-06-19 22:27:00,UPI,Delivered,15,12,False,2864.0,8
2327,30056,2,99,2026-06-05 20:14:00,2026-06-05 20:19:00,2026-06-05 20:42:00,COD,Delivered,15,28,True,2262.0,8
2328,29368,2,188,2026-06-26 21:25:00,2026-06-26 21:28:00,2026-06-26 21:37:00,UPI,Cancelled,15,12,False,1322.0,8
2329,26299,17,134,2026-06-12 20:37:00,2026-06-12 20:40:00,2026-06-12 20:50:00,UPI,Delivered,15,13,False,2507.0,12
2330,16737,5,170,2026-06-07 14:32:00,2026-06-07 14:34:00,2026-06-07 14:46:00,UPI,Delivered,15,14,False,3368.0,12
2331,19564,12,86,2026-06-26 13:33:00,2026-06-26 13:38:00,2026-06-26 13:47:00,COD,Delivered,15,14,False,104.0,1
2332,42784,5,153,2026-06-07 20:01:00,2026-06-07 20:06:00,2026-06-07 20:26:00,UPI,Delivered,15,25,True,1126.0,4
2333,34396,3,94,2026-06-19 12:32:00,2026-06-19 12:37:00,2026-06-19 12:47:00,UPI,Delivered,15,15,False,2694.0,10
2334,32582,17,2,2026-06-17 21:38:00,2026-06-17 21:41:00,2026-06-17 21:52:00,Card,Delivered,15,14,False,136.0,1
2335,34146,20,150,2026-06-11 19:12:00,2026-06-11 19:17:00,2026-06-11 19:36:00,Wallet,Delivered,15,24,True,2003.0,8
2336,10399,14,130,2026-06-16 14:58:00,2026-06-16 15:01:00,2026-06-16 15:10:00,UPI,Delivered,15,12,False,989.0,6
2337,45088,10,78,2026-06-28 17:14:00,2026-06-28 17:18:00,2026-06-28 17:28:00,UPI,Delivered,15,14,False,1262.0,4
2338,11990,5,76,2026-06-24 20:32:00,2026-06-24 20:36:00,2026-06-24 20:53:00,UPI,Delivered,15,21,True,1011.0,4
2339,41292,5,170,2026-06-02 11:41:00,2026-06-02 11:45:00,2026-06-02 11:54:00,COD,Delivered,15,13,False,464.0,2
2340,32736,6,191,2026-06-18 13:44:00,2026-06-18 13:47:00,2026-06-18 14:00:00,UPI,Delivered,15,16,True,819.0,3
2341,20094,11,64,2026-06-18 10:33:00,2026-06-18 10:38:00,2026-06-18 10:47:00,UPI,Delivered,15,14,False,73.0,1
2342,21136,3,94,2026-06-04 22:19:00,2026-06-04 22:22:00,2026-06-04 22:32:00,Card,Delivered,15,13,False,1850.0,6
2343,21684,20,58,2026-06-07 21:20:00,2026-06-07 21:23:00,2026-06-07 21:35:00,COD,Delivered,15,15,False,78.0,2
2344,20013,16,179,2026-06-07 17:14:00,2026-06-07 17:19:00,2026-06-07 17:26:00,COD,Delivered,15,12,False,838.0,3
2345,27756,12,194,2026-06-17 12:44:00,2026-06-17 12:48:00,2026-06-17 13:00:00,UPI,Cancelled,15,16,True,2676.0,11
2346,43830,8,29,2026-06-22 09:24:00,2026-06-22 09:28:00,2026-06-22 09:38:00,Card,Delivered,15,14,False,1018.0,7
2347,45365,4,167,2026-06-30 20:57:00,2026-06-30 21:02:00,2026-06-30 21:14:00,UPI,Delivered,15,17,True,241.0,4
2348,25808,17,134,2026-06-12 17:21:00,2026-06-12 17:24:00,2026-06-12 17:38:00,Card,Delivered,15,17,True,1998.0,10
2349,37944,8,152,2026-06-25 17:41:00,2026-06-25 17:44:00,2026-06-25 17:54:00,COD,Cancelled,15,13,False,1098.0,4
2350,43777,7,83,2026-06-29 14:29:00,2026-06-29 14:31:00,2026-06-29 14:39:00,UPI,Delivered,15,10,False,2251.0,6
2351,42359,5,151,2026-06-30 13:10:00,2026-06-30 13:14:00,2026-06-30 13:28:00,UPI,Delivered,15,18,True,1075.0,4
2352,37016,7,158,2026-06-29 10:10:00,2026-06-29 10:15:00,2026-06-29 10:23:00,UPI,Delivered,15,13,False,1812.0,9
2353,20374,17,30,2026-06-19 20:18:00,2026-06-19 20:20:00,2026-06-19 20:46:00,UPI,Delivered,15,28,True,1830.0,8
2354,24543,1,57,2026-06-13 13:45:00,2026-06-13 13:50:00,2026-06-13 14:00:00,COD,Delivered,15,15,False,592.0,2
2355,10955,8,128,2026-06-19 13:21:00,2026-06-19 13:26:00,2026-06-19 13:37:00,UPI,Delivered,15,16,True,2347.0,10
2356,44642,8,120,2026-06-20 20:16:00,2026-06-20 20:21:00,2026-06-20 20:30:00,COD,Delivered,15,14,False,1096.0,6
2357,15036,19,195,2026-06-02 17:56:00,2026-06-02 18:00:00,2026-06-02 18:07:00,Wallet,Delivered,15,11,False,1032.0,6
2358,11524,15,141,2026-06-26 15:19:00,2026-06-26 15:21:00,2026-06-26 15:31:00,UPI,Delivered,15,12,False,1353.0,8
2359,41517,2,50,2026-06-11 19:24:00,2026-06-11 19:29:00,2026-06-11 19:49:00,UPI,Delivered,15,25,True,205.0,1
2360,12522,1,114,2026-06-06 12:22:00,2026-06-06 12:26:00,2026-06-06 12:34:00,COD,Delivered,15,12,False,750.0,2
2361,40975,5,37,2026-06-04 12:40:00,2026-06-04 12:44:00,2026-06-04 12:55:00,UPI,Returned,15,15,False,3394.0,10
2362,28084,20,124,2026-06-22 20:32:00,2026-06-22 20:36:00,2026-06-22 20:48:00,COD,Delivered,15,16,True,2151.0,8
2363,11231,4,157,2026-06-27 21:20:00,2026-06-27 21:24:00,2026-06-27 21:32:00,Card,Delivered,15,12,False,1199.0,7
2364,46635,14,130,2026-06-21 14:28:00,2026-06-21 14:30:00,2026-06-21 14:40:00,Card,Delivered,15,12,False,254.0,4
2365,37050,19,143,2026-06-12 12:50:00,2026-06-12 12:54:00,2026-06-12 13:07:00,Card,Delivered,15,17,True,651.0,3
2366,38924,19,97,2026-06-02 19:16:00,2026-06-02 19:20:00,2026-06-02 19:35:00,Wallet,Delivered,15,19,True,180.0,3
2367,19861,7,38,2026-06-18 08:56:00,2026-06-18 09:01:00,2026-06-18 09:08:00,UPI,Delivered,15,12,False,972.0,4
2368,13375,6,23,2026-06-25 10:10:00,2026-06-25 10:13:00,2026-06-25 10:26:00,COD,Returned,15,16,True,1247.0,8
2369,48539,14,197,2026-06-20 13:17:00,2026-06-20 13:19:00,2026-06-20 13:35:00,UPI,Delivered,15,18,True,1780.0,5
2370,48936,16,171,2026-06-06 21:54:00,2026-06-06 21:58:00,2026-06-06 22:02:00,Card,Delivered,15,8,False,2293.0,9
2371,39059,1,46,2026-06-08 17:38:00,2026-06-08 17:43:00,2026-06-08 17:50:00,UPI,Delivered,15,12,False,3473.0,10
2372,24244,2,24,2026-06-28 18:03:00,2026-06-28 18:06:00,2026-06-28 18:16:00,UPI,Delivered,15,13,False,983.0,7
2373,31660,1,46,2026-06-17 12:25:00,2026-06-17 12:29:00,2026-06-17 12:43:00,UPI,Delivered,15,18,True,1557.0,6
2374,25149,7,101,2026-06-03 21:17:00,2026-06-03 21:21:00,2026-06-03 21:30:00,UPI,Delivered,15,13,False,1351.0,6
2375,29772,6,111,2026-06-14 21:57:00,2026-06-14 22:01:00,2026-06-14 22:10:00,Card,Delivered,15,13,False,416.0,2
2376,40312,20,58,2026-06-30 09:07:00,2026-06-30 09:12:00,2026-06-30 09:21:00,COD,Delivered,15,14,False,2286.0,7
2377,38477,8,128,2026-06-05 19:59:00,2026-06-05 20:03:00,2026-06-05 20:18:00,Wallet,Delivered,15,19,True,404.0,3
2378,28036,1,92,2026-06-13 19:41:00,2026-06-13 19:43:00,2026-06-13 19:57:00,UPI,Delivered,15,16,True,502.0,2
2379,21846,19,143,2026-06-23 18:47:00,2026-06-23 18:49:00,2026-06-23 19:03:00,UPI,Delivered,15,16,True,927.0,3
2380,46991,17,2,2026-06-28 10:10:00,2026-06-28 10:13:00,2026-06-28 10:21:00,Card,Delivered,15,11,False,3431.0,12
2381,16416,8,152,2026-06-23 19:19:00,2026-06-23 19:24:00,2026-06-23 19:34:00,UPI,Delivered,15,15,False,621.0,7
2382,33945,7,83,2026-06-17 19:08:00,2026-06-17 19:10:00,2026-06-17 19:27:00,Card,Delivered,15,19,True,1790.0,7
2383,47099,10,145,2026-06-17 19:00:00,2026-06-17 19:03:00,2026-06-17 19:18:00,Card,Delivered,15,18,True,124.0,2
2384,35504,17,147,2026-06-01 19:58:00,2026-06-01 20:02:00,2026-06-01 20:25:00,Wallet,Delivered,15,27,True,1813.0,8
2385,33435,18,172,2026-06-12 11:42:00,2026-06-12 11:44:00,2026-06-12 11:54:00,UPI,Delivered,15,12,False,1954.0,9
2386,41147,11,184,2026-06-26 09:38:00,2026-06-26 09:43:00,2026-06-26 09:46:00,UPI,Delivered,15,8,False,892.0,6
2387,41355,1,81,2026-06-28 09:20:00,2026-06-28 09:23:00,2026-06-28 09:33:00,Card,Delivered,15,13,False,118.0,1
2388,11697,3,186,2026-06-03 20:39:00,2026-06-03 20:42:00,2026-06-03 20:55:00,UPI,Delivered,15,16,True,1961.0,7
2389,12650,2,54,2026-06-25 21:45:00,2026-06-25 21:50:00,2026-06-25 22:00:00,UPI,Delivered,15,15,False,62.0,2
2390,19715,13,116,2026-06-06 18:02:00,2026-06-06 18:06:00,2026-06-06 18:20:00,COD,Delivered,15,18,True,1345.0,10
2391,40450,15,62,2026-06-01 17:57:00,2026-06-01 18:02:00,2026-06-01 18:14:00,UPI,Delivered,15,17,True,1289.0,4
2392,18841,15,187,2026-06-16 19:39:00,2026-06-16 19:42:00,2026-06-16 19:57:00,UPI,Delivered,15,18,True,2960.0,11
2393,18199,15,163,2026-06-19 22:21:00,2026-06-19 22:26:00,2026-06-19 22:33:00,Card,Delivered,15,12,False,982.0,6
2394,44500,7,83,2026-06-13 08:19:00,2026-06-13 08:21:00,2026-06-13 08:33:00,UPI,Delivered,15,14,False,3049.0,11
2395,20879,20,139,2026-06-22 18:29:00,2026-06-22 18:33:00,2026-06-22 18:41:00,COD,Delivered,15,12,False,2740.0,10
2396,19935,8,152,2026-06-30 14:28:00,2026-06-30 14:32:00,2026-06-30 14:45:00,Card,Cancelled,15,17,True,604.0,2
2397,24502,1,36,2026-06-19 12:52:00,2026-06-19 12:57:00,2026-06-19 13:12:00,UPI,Delivered,15,20,True,1533.0,10
2398,21553,2,66,2026-06-23 13:53:00,2026-06-23 13:58:00,2026-06-23 14:11:00,Wallet,Delivered,15,18,True,715.0,3
2399,28765,9,96,2026-06-01 10:44:00,2026-06-01 10:48:00,2026-06-01 10:58:00,UPI,Delivered,15,14,False,1672.0,5
2400,38787,6,44,2026-06-27 20:47:00,2026-06-27 20:49:00,2026-06-27 21:01:00,UPI,Returned,15,14,False,873.0,8
2401,23041,13,65,2026-06-20 14:44:00,2026-06-20 14:48:00,2026-06-20 14:59:00,UPI,Delivered,15,15,False,1292.0,5
2402,20486,10,122,2026-06-25 20:50:00,2026-06-25 20:55:00,2026-06-25 21:06:00,COD,Delivered,15,16,True,1839.0,5
2403,17878,15,141,2026-06-14 21:09:00,2026-06-14 21:11:00,2026-06-14 21:24:00,Card,Delivered,15,15,False,2052.0,9
2404,18164,4,10,2026-06-06 10:36:00,2026-06-06 10:40:00,2026-06-06 10:51:00,UPI,Delivered,15,15,False,1182.0,8
2405,17771,5,151,2026-06-01 19:18:00,2026-06-01 19:23:00,2026-06-01 19:40:00,UPI,Delivered,15,22,True,2993.0,10
2406,11621,16,190,2026-06-16 09:02:00,2026-06-16 09:07:00,2026-06-16 09:17:00,UPI,Cancelled,15,15,False,963.0,3
2407,41658,11,9,2026-06-07 19:33:00,2026-06-07 19:37:00,2026-06-07 19:54:00,COD,Delivered,15,21,True,120.0,2
2408,26884,1,137,2026-06-29 13:22:00,2026-06-29 13:27:00,2026-06-29 13:38:00,UPI,Delivered,15,16,True,966.0,6
2409,10188,10,178,2026-06-03 21:58:00,2026-06-03 22:02:00,2026-06-03 22:13:00,UPI,Delivered,15,15,False,1322.0,4
2410,13537,11,64,2026-06-09 14:02:00,2026-06-09 14:04:00,2026-06-09 14:13:00,UPI,Delivered,15,11,False,429.0,3
2411,25186,19,143,2026-06-30 17:59:00,2026-06-30 18:03:00,2026-06-30 18:11:00,Wallet,Delivered,15,12,False,2603.0,8
2412,32192,14,131,2026-06-13 08:26:00,2026-06-13 08:30:00,2026-06-13 08:40:00,Card,Delivered,15,14,False,1370.0,10
2413,23451,12,18,2026-06-21 22:31:00,2026-06-21 22:36:00,2026-06-21 22:47:00,Card,Delivered,15,16,True,2590.0,12
2414,31976,9,133,2026-06-27 20:54:00,2026-06-27 20:58:00,2026-06-27 21:19:00,UPI,Delivered,15,25,True,2467.0,10
2415,44128,18,172,2026-06-14 18:28:00,2026-06-14 18:31:00,2026-06-14 18:42:00,Wallet,Delivered,15,14,False,2618.0,8
2416,16155,1,121,2026-06-22 10:08:00,2026-06-22 10:10:00,2026-06-22 10:19:00,UPI,Delivered,15,11,False,337.0,1
2417,14963,10,78,2026-06-21 14:20:00,2026-06-21 14:23:00,2026-06-21 14:33:00,UPI,Delivered,15,13,False,2843.0,9
2418,12536,14,56,2026-06-12 20:12:00,2026-06-12 20:17:00,2026-06-12 20:34:00,UPI,Delivered,15,22,True,1729.0,8
2419,12900,4,175,2026-06-13 13:35:00,2026-06-13 13:40:00,2026-06-13 13:55:00,UPI,Delivered,15,20,True,901.0,4
2420,16740,15,21,2026-06-18 12:57:00,2026-06-18 13:01:00,2026-06-18 13:10:00,COD,Delivered,15,13,False,863.0,5
2421,20217,20,11,2026-06-05 18:32:00,2026-06-05 18:34:00,2026-06-05 18:44:00,UPI,Delivered,15,12,False,1346.0,5
2422,34853,18,192,2026-06-09 19:53:00,2026-06-09 19:58:00,2026-06-09 20:14:00,UPI,Delivered,15,21,True,1054.0,4
2423,40188,12,4,2026-06-29 09:15:00,2026-06-29 09:19:00,2026-06-29 09:27:00,UPI,Delivered,15,12,False,810.0,2
2424,45748,7,101,2026-06-25 14:47:00,2026-06-25 14:52:00,2026-06-25 15:00:00,COD,Cancelled,15,13,False,2675.0,8
2425,20908,11,25,2026-06-21 20:01:00,2026-06-21 20:04:00,2026-06-21 20:23:00,UPI,Delivered,15,22,True,2673.0,11
2426,47238,20,16,2026-06-14 21:47:00,2026-06-14 21:51:00,2026-06-14 21:59:00,UPI,Delivered,15,12,False,1243.0,4
2427,46069,20,72,2026-06-01 19:29:00,2026-06-01 19:31:00,2026-06-01 19:48:00,UPI,Delivered,15,19,True,375.0,1
2428,15022,10,145,2026-06-28 19:15:00,2026-06-28 19:18:00,2026-06-28 19:33:00,COD,Delivered,15,18,True,1895.0,13
2429,30237,3,94,2026-06-05 13:55:00,2026-06-05 13:58:00,2026-06-05 14:12:00,Wallet,Cancelled,15,17,True,355.0,5
2430,44140,9,164,2026-06-19 21:53:00,2026-06-19 21:57:00,2026-06-19 22:07:00,UPI,Delivered,15,14,False,800.0,3
2431,25009,12,148,2026-06-30 13:37:00,2026-06-30 13:42:00,2026-06-30 13:49:00,Card,Delivered,15,12,False,682.0,3
2432,47570,3,94,2026-06-06 21:57:00,2026-06-06 22:02:00,2026-06-06 22:13:00,Card,Delivered,15,16,True,1132.0,4
2433,35515,4,77,2026-06-12 19:44:00,2026-06-12 19:46:00,2026-06-12 20:05:00,UPI,Delivered,15,21,True,222.0,3
2434,37501,11,43,2026-06-11 19:13:00,2026-06-11 19:17:00,2026-06-11 19:34:00,Wallet,Delivered,15,21,True,1914.0,9
2435,21895,13,61,2026-06-27 14:54:00,2026-06-27 14:56:00,2026-06-27 15:06:00,Wallet,Delivered,15,12,False,2285.0,7
2436,38583,11,184,2026-06-24 17:11:00,2026-06-24 17:13:00,2026-06-24 17:27:00,UPI,Delivered,15,16,True,1797.0,8
2437,34445,12,115,2026-06-15 20:10:00,2026-06-15 20:14:00,2026-06-15 20:32:00,Wallet,Returned,15,22,True,792.0,3
2438,48476,15,187,2026-06-24 19:58:00,2026-06-24 20:00:00,2026-06-24 20:22:00,COD,Delivered,15,24,True,1830.0,9
2439,12554,17,106,2026-06-30 10:31:00,2026-06-30 10:36:00,2026-06-30 10:42:00,UPI,Delivered,15,11,False,728.0,5
2440,36437,16,171,2026-06-18 11:39:00,2026-06-18 11:42:00,2026-06-18 11:49:00,UPI,Delivered,15,10,False,3322.0,13
2441,29538,17,134,2026-06-19 19:29:00,2026-06-19 19:33:00,2026-06-19 19:53:00,Card,Cancelled,15,24,True,2722.0,8
2442,26364,7,38,2026-06-02 20:51:00,2026-06-02 20:55:00,2026-06-02 21:12:00,Card,Returned,15,21,True,272.0,1
2443,49254,6,52,2026-06-04 09:34:00,2026-06-04 09:39:00,2026-06-04 09:45:00,Card,Returned,15,11,False,2094.0,7
2444,13836,3,94,2026-06-23 10:14:00,2026-06-23 10:19:00,2026-06-23 10:28:00,UPI,Delivered,15,14,False,2613.0,8
2445,25668,3,186,2026-06-14 18:30:00,2026-06-14 18:35:00,2026-06-14 18:47:00,COD,Delivered,15,17,True,344.0,2
2446,18796,18,27,2026-06-30 18:57:00,2026-06-30 18:59:00,2026-06-30 19:11:00,UPI,Delivered,15,14,False,2042.0,5
2447,41441,8,120,2026-06-23 20:57:00,2026-06-23 20:59:00,2026-06-23 21:13:00,Wallet,Delivered,15,16,True,1731.0,8
2448,46678,6,6,2026-06-13 12:33:00,2026-06-13 12:37:00,2026-06-13 12:49:00,UPI,Delivered,15,16,True,2355.0,9
2449,38355,7,74,2026-06-30 18:30:00,2026-06-30 18:34:00,2026-06-30 18:44:00,UPI,Delivered,15,14,False,2691.0,10
2450,18931,14,197,2026-06-13 19:18:00,2026-06-13 19:22:00,2026-06-13 19:39:00,UPI,Delivered,15,21,True,366.0,1
2451,24474,2,50,2026-06-23 13:53:00,2026-06-23 13:56:00,2026-06-23 14:06:00,Wallet,Delivered,15,13,False,435.0,3
2452,15744,13,61,2026-06-26 19:33:00,2026-06-26 19:36:00,2026-06-26 19:52:00,Card,Delivered,15,19,True,1145.0,4
2453,22951,15,187,2026-06-07 11:29:00,2026-06-07 11:34:00,2026-06-07 11:40:00,Card,Delivered,15,11,False,473.0,2
2454,26074,2,28,2026-06-21 19:12:00,2026-06-21 19:14:00,2026-06-21 19:31:00,COD,Delivered,15,19,True,785.0,5
2455,18073,16,179,2026-06-26 21:37:00,2026-06-26 21:42:00,2026-06-26 21:48:00,UPI,Delivered,15,11,False,882.0,6
2456,44651,13,61,2026-06-04 20:30:00,2026-06-04 20:35:00,2026-06-04 20:50:00,UPI,Delivered,15,20,True,2521.0,9
2457,32879,7,74,2026-06-25 20:33:00,2026-06-25 20:38:00,2026-06-25 20:53:00,UPI,Delivered,15,20,True,1079.0,9
2458,47396,6,6,2026-06-14 14:01:00,2026-06-14 14:06:00,2026-06-14 14:16:00,UPI,Delivered,15,15,False,108.0,3
2459,42478,18,117,2026-06-01 21:10:00,2026-06-01 21:14:00,2026-06-01 21:23:00,UPI,Delivered,15,13,False,1018.0,4
2460,14408,19,185,2026-06-13 08:10:00,2026-06-13 08:14:00,2026-06-13 08:24:00,Card,Delivered,15,14,False,336.0,2
2461,15497,4,10,2026-06-03 20:01:00,2026-06-03 20:06:00,2026-06-03 20:17:00,UPI,Delivered,15,16,True,2126.0,9
2462,29880,4,63,2026-06-17 15:10:00,2026-06-17 15:13:00,2026-06-17 15:21:00,Wallet,Delivered,15,11,False,1010.0,4
2463,18046,15,163,2026-06-07 20:04:00,2026-06-07 20:08:00,2026-06-07 20:24:00,Card,Delivered,15,20,True,387.0,3
2464,31649,10,32,2026-06-03 19:31:00,2026-06-03 19:34:00,2026-06-03 19:50:00,UPI,Delivered,15,19,True,2483.0,10
2465,28700,16,155,2026-06-18 20:53:00,2026-06-18 20:57:00,2026-06-18 21:12:00,Card,Delivered,15,19,True,1305.0,3
2466,27059,4,175,2026-06-23 11:34:00,2026-06-23 11:36:00,2026-06-23 11:47:00,COD,Cancelled,15,13,False,1556.0,7
2467,18460,2,45,2026-06-22 18:27:00,2026-06-22 18:32:00,2026-06-22 18:40:00,UPI,Delivered,15,13,False,2038.0,8
2468,28240,13,166,2026-06-22 10:41:00,2026-06-22 10:43:00,2026-06-22 10:56:00,Card,Delivered,15,15,False,2288.0,10
2469,49441,2,109,2026-06-05 19:47:00,2026-06-05 19:49:00,2026-06-05 20:09:00,Wallet,Delivered,15,22,True,2454.0,9
2470,39598,6,44,2026-06-25 20:03:00,2026-06-25 20:08:00,2026-06-25 20:29:00,UPI,Delivered,15,26,True,1154.0,4
2471,14332,20,26,2026-06-01 21:24:00,2026-06-01 21:29:00,2026-06-01 21:32:00,UPI,Delivered,15,8,False,1209.0,6
2472,27333,2,109,2026-06-26 12:14:00,2026-06-26 12:18:00,2026-06-26 12:28:00,Card,Cancelled,15,14,False,1630.0,8
2473,17901,15,180,2026-06-20 21:08:00,2026-06-20 21:12:00,2026-06-20 21:20:00,UPI,Delivered,15,12,False,1294.0,5
2474,47167,9,198,2026-06-02 21:48:00,2026-06-02 21:50:00,2026-06-02 22:02:00,UPI,Delivered,15,14,False,1338.0,7
2475,40997,18,105,2026-06-28 14:48:00,2026-06-28 14:51:00,2026-06-28 15:00:00,Card,Cancelled,15,12,False,1088.0,5
2476,35125,12,115,2026-06-24 20:02:00,2026-06-24 20:04:00,2026-06-24 20:22:00,Wallet,Delivered,15,20,True,2711.0,8
2477,11636,4,70,2026-06-20 19:30:00,2026-06-20 19:33:00,2026-06-20 19:44:00,COD,Delivered,15,14,False,752.0,3
2478,25505,9,198,2026-06-03 14:08:00,2026-06-03 14:12:00,2026-06-03 14:21:00,UPI,Delivered,15,13,False,1309.0,4
2479,35413,18,172,2026-06-19 21:16:00,2026-06-19 21:21:00,2026-06-19 21:27:00,UPI,Delivered,15,11,False,1406.0,5
2480,14233,9,133,2026-06-16 09:29:00,2026-06-16 09:31:00,2026-06-16 09:39:00,Card,Delivered,15,10,False,492.0,2
2481,18083,19,118,2026-06-04 21:27:00,2026-06-04 21:32:00,2026-06-04 21:42:00,UPI,Delivered,15,15,False,1104.0,6
2482,20659,15,141,2026-06-11 21:32:00,2026-06-11 21:35:00,2026-06-11 21:45:00,UPI,Delivered,15,13,False,2711.0,8
2483,47981,16,171,2026-06-20 14:05:00,2026-06-20 14:09:00,2026-06-20 14:17:00,COD,Cancelled,15,12,False,1913.0,7
2484,35128,13,166,2026-06-19 22:19:00,2026-06-19 22:22:00,2026-06-19 22:31:00,Card,Delivered,15,12,False,1129.0,4
2485,38615,12,19,2026-06-28 19:47:00,2026-06-28 19:52:00,2026-06-28 20:02:00,UPI,Delivered,15,15,False,971.0,6
2486,20513,19,107,2026-06-30 19:38:00,2026-06-30 19:43:00,2026-06-30 19:53:00,UPI,Delivered,15,15,False,114.0,3
2487,17872,1,81,2026-06-01 21:04:00,2026-06-01 21:07:00,2026-06-01 21:14:00,UPI,Delivered,15,10,False,1988.0,7
2488,34534,7,38,2026-06-16 12:08:00,2026-06-16 12:13:00,2026-06-16 12:19:00,UPI,Delivered,15,11,False,1519.0,4
2489,18184,16,199,2026-06-14 14:35:00,2026-06-14 14:40:00,2026-06-14 14:49:00,UPI,Delivered,15,14,False,1088.0,4
2490,27892,4,125,2026-06-08 20:10:00,2026-06-08 20:12:00,2026-06-08 20:28:00,COD,Delivered,15,18,True,1723.0,7
2491,34435,17,30,2026-06-08 18:00:00,2026-06-08 18:04:00,2026-06-08 18:13:00,UPI,Returned,15,13,False,1679.0,10
2492,15700,10,32,2026-06-25 19:02:00,2026-06-25 19:07:00,2026-06-25 19:12:00,Card,Delivered,15,10,False,1656.0,9
2493,37609,10,67,2026-06-30 09:42:00,2026-06-30 09:47:00,2026-06-30 09:55:00,Card,Delivered,15,13,False,1070.0,7
2494,25044,3,87,2026-06-08 13:04:00,2026-06-08 13:07:00,2026-06-08 13:22:00,UPI,Cancelled,15,18,True,1416.0,9
2495,23749,13,61,2026-06-01 19:44:00,2026-06-01 19:49:00,2026-06-01 20:05:00,UPI,Delivered,15,21,True,1531.0,7
2496,24409,6,71,2026-06-13 13:38:00,2026-06-13 13:43:00,2026-06-13 13:58:00,UPI,Delivered,15,20,True,3100.0,11
2497,13883,2,14,2026-06-26 12:17:00,2026-06-26 12:20:00,2026-06-26 12:31:00,UPI,Delivered,15,14,False,2120.0,7
2498,14812,4,175,2026-06-06 14:31:00,2026-06-06 14:35:00,2026-06-06 14:42:00,Card,Delivered,15,11,False,926.0,4
2499,15399,15,163,2026-06-29 13:57:00,2026-06-29 13:59:00,2026-06-29 14:16:00,UPI,Delivered,15,19,True,2851.0,12
2500,10618,10,78,2026-06-16 22:34:00,2026-06-16 22:39:00,2026-06-16 22:48:00,COD,Delivered,15,14,False,205.0,1
2501,12791,12,135,2026-06-17 10:25:00,2026-06-17 10:28:00,2026-06-17 10:38:00,COD,Delivered,15,13,False,3748.0,12
2502,20802,20,127,2026-06-30 14:52:00,2026-06-30 14:55:00,2026-06-30 15:07:00,UPI,Delivered,15,15,False,448.0,2
2503,47367,14,130,2026-06-15 14:47:00,2026-06-15 14:51:00,2026-06-15 15:01:00,COD,Delivered,15,14,False,242.0,2
2504,46722,15,62,2026-06-16 20:49:00,2026-06-16 20:53:00,2026-06-16 21:07:00,Card,Delivered,15,18,True,362.0,1
2505,34319,8,152,2026-06-15 14:20:00,2026-06-15 14:25:00,2026-06-15 14:35:00,COD,Delivered,15,15,False,1036.0,5
2506,21461,12,4,2026-06-29 19:10:00,2026-06-29 19:14:00,2026-06-29 19:30:00,UPI,Cancelled,15,20,True,2070.0,6
2507,29879,10,129,2026-06-13 20:00:00,2026-06-13 20:03:00,2026-06-13 20:19:00,Wallet,Cancelled,15,19,True,2097.0,11
2508,36632,4,10,2026-06-22 22:02:00,2026-06-22 22:05:00,2026-06-22 22:16:00,UPI,Delivered,15,14,False,2015.0,8
2509,12785,7,38,2026-06-01 19:51:00,2026-06-01 19:53:00,2026-06-01 20:13:00,Wallet,Delivered,15,22,True,1254.0,6
2510,40944,3,69,2026-06-10 12:40:00,2026-06-10 12:44:00,2026-06-10 12:53:00,UPI,Delivered,15,13,False,3418.0,11
2511,21160,6,181,2026-06-10 09:30:00,2026-06-10 09:34:00,2026-06-10 09:45:00,UPI,Delivered,15,15,False,237.0,5
2512,15195,5,76,2026-06-12 10:38:00,2026-06-12 10:41:00,2026-06-12 10:51:00,UPI,Delivered,15,13,False,2787.0,11
2513,24105,7,74,2026-06-11 12:37:00,2026-06-11 12:40:00,2026-06-11 12:53:00,Card,Delivered,15,16,True,274.0,3
2514,12124,3,87,2026-06-12 11:41:00,2026-06-12 11:44:00,2026-06-12 11:50:00,UPI,Delivered,15,9,False,2035.0,8
2515,36226,18,42,2026-06-16 21:15:00,2026-06-16 21:18:00,2026-06-16 21:30:00,COD,Delivered,15,15,False,462.0,2
2516,16544,2,189,2026-06-22 15:46:00,2026-06-22 15:50:00,2026-06-22 16:03:00,COD,Delivered,15,17,True,846.0,3
2517,33323,7,38,2026-06-03 08:49:00,2026-06-03 08:52:00,2026-06-03 09:01:00,UPI,Cancelled,15,12,False,1776.0,6
2518,40702,8,29,2026-06-20 21:59:00,2026-06-20 22:02:00,2026-06-20 22:11:00,Card,Delivered,15,12,False,2192.0,11
2519,36983,4,167,2026-06-29 19:17:00,2026-06-29 19:21:00,2026-06-29 19:48:00,UPI,Delivered,15,31,True,3113.0,12
2520,32002,5,37,2026-06-13 14:03:00,2026-06-13 14:06:00,2026-06-13 14:15:00,UPI,Delivered,15,12,False,839.0,9
2521,28835,16,190,2026-06-29 19:58:00,2026-06-29 20:03:00,2026-06-29 20:15:00,Card,Delivered,15,17,True,2124.0,7
2522,11114,15,187,2026-06-22 20:33:00,2026-06-22 20:37:00,2026-06-22 20:50:00,UPI,Delivered,15,17,True,2117.0,8
2523,11141,13,166,2026-06-08 20:24:00,2026-06-08 20:28:00,2026-06-08 20:43:00,COD,Delivered,15,19,True,312.0,2
2524,44240,15,156,2026-06-11 10:28:00,2026-06-11 10:30:00,2026-06-11 10:41:00,UPI,Delivered,15,13,False,1993.0,9
2525,14352,18,27,2026-06-20 12:26:00,2026-06-20 12:29:00,2026-06-20 12:41:00,Card,Delivered,15,15,False,1658.0,7
2526,41353,9,31,2026-06-06 20:58:00,2026-06-06 21:01:00,2026-06-06 21:09:00,COD,Delivered,15,11,False,163.0,1
2527,44721,2,73,2026-06-05 21:47:00,2026-06-05 21:50:00,2026-06-05 22:01:00,UPI,Delivered,15,14,False,3504.0,12
2528,11312,3,94,2026-06-24 14:47:00,2026-06-24 14:50:00,2026-06-24 14:58:00,UPI,Cancelled,15,11,False,1350.0,7
2529,46903,19,97,2026-06-27 20:56:00,2026-06-27 20:58:00,2026-06-27 21:13:00,Card,Delivered,15,17,True,2156.0,8
2530,12979,20,72,2026-06-22 12:03:00,2026-06-22 12:06:00,2026-06-22 12:19:00,UPI,Delivered,15,16,True,192.0,1
2531,22622,17,59,2026-06-07 18:26:00,2026-06-07 18:31:00,2026-06-07 18:38:00,COD,Delivered,15,12,False,629.0,3
2532,42560,19,177,2026-06-30 21:37:00,2026-06-30 21:40:00,2026-06-30 21:51:00,UPI,Delivered,15,14,False,2158.0,11
2533,27722,1,36,2026-06-08 10:36:00,2026-06-08 10:39:00,2026-06-08 10:48:00,UPI,Returned,15,12,False,456.0,2
2534,13891,15,21,2026-06-27 20:41:00,2026-06-27 20:43:00,2026-06-27 20:58:00,COD,Delivered,15,17,True,4350.0,12
2535,17879,6,90,2026-06-22 09:31:00,2026-06-22 09:34:00,2026-06-22 09:43:00,UPI,Delivered,15,12,False,355.0,1
2536,35803,17,2,2026-06-13 11:42:00,2026-06-13 11:46:00,2026-06-13 11:56:00,Card,Delivered,15,14,False,1141.0,5
2537,24765,8,128,2026-06-01 18:23:00,2026-06-01 18:27:00,2026-06-01 18:36:00,UPI,Delivered,15,13,False,2133.0,7
2538,33933,20,84,2026-06-11 19:10:00,2026-06-11 19:13:00,2026-06-11 19:37:00,UPI,Delivered,15,27,True,234.0,4
2539,24991,12,19,2026-06-09 20:38:00,2026-06-09 20:43:00,2026-06-09 20:55:00,UPI,Delivered,15,17,True,2293.0,8
2540,41539,4,167,2026-06-27 12:42:00,2026-06-27 12:44:00,2026-06-27 12:53:00,UPI,Delivered,15,11,False,2112.0,7
2541,35448,4,167,2026-06-15 12:41:00,2026-06-15 12:45:00,2026-06-15 12:59:00,UPI,Delivered,15,18,True,1617.0,5
2542,46264,5,151,2026-06-20 20:41:00,2026-06-20 20:44:00,2026-06-20 20:59:00,UPI,Delivered,15,18,True,248.0,2
2543,31180,13,166,2026-06-21 17:52:00,2026-06-21 17:56:00,2026-06-21 18:07:00,COD,Delivered,15,15,False,1500.0,8
2544,36768,10,173,2026-06-30 22:36:00,2026-06-30 22:38:00,2026-06-30 22:50:00,UPI,Delivered,15,14,False,849.0,3
2545,46434,13,61,2026-06-30 10:50:00,2026-06-30 10:55:00,2026-06-30 11:08:00,UPI,Delivered,15,18,True,2324.0,9
2546,43831,16,179,2026-06-27 14:32:00,2026-06-27 14:37:00,2026-06-27 14:42:00,UPI,Delivered,15,10,False,1169.0,7
2547,24015,20,72,2026-06-23 13:08:00,2026-06-23 13:10:00,2026-06-23 13:25:00,UPI,Delivered,15,17,True,302.0,1
2548,38121,1,88,2026-06-15 20:14:00,2026-06-15 20:17:00,2026-06-15 20:39:00,UPI,Delivered,15,25,True,423.0,4
2549,23447,5,35,2026-06-06 19:12:00,2026-06-06 19:15:00,2026-06-06 19:35:00,COD,Delivered,15,23,True,1607.0,8
2550,24013,1,57,2026-06-08 12:43:00,2026-06-08 12:47:00,2026-06-08 13:02:00,Card,Returned,15,19,True,610.0,2
2551,12155,11,25,2026-06-24 14:15:00,2026-06-24 14:19:00,2026-06-24 14:35:00,UPI,Delivered,15,20,True,539.0,2
2552,13487,17,2,2026-06-22 20:11:00,2026-06-22 20:14:00,2026-06-22 20:36:00,UPI,Delivered,15,25,True,2293.0,8
2553,25943,16,155,2026-06-21 15:43:00,2026-06-21 15:45:00,2026-06-21 15:56:00,UPI,Delivered,15,13,False,71.0,1
2554,33584,7,83,2026-06-30 21:43:00,2026-06-30 21:47:00,2026-06-30 21:56:00,UPI,Delivered,15,13,False,1184.0,6
2555,29523,11,103,2026-06-14 13:28:00,2026-06-14 13:31:00,2026-06-14 13:43:00,COD,Delivered,15,15,False,1048.0,4
2556,34993,4,8,2026-06-01 20:10:00,2026-06-01 20:15:00,2026-06-01 20:28:00,UPI,Cancelled,15,18,True,2353.0,10
2557,41195,14,7,2026-06-12 19:13:00,2026-06-12 19:15:00,2026-06-12 19:31:00,COD,Delivered,15,18,True,1688.0,4
2558,34952,13,116,2026-06-18 20:49:00,2026-06-18 20:54:00,2026-06-18 21:02:00,UPI,Delivered,15,13,False,1582.0,8
2559,25473,16,155,2026-06-04 09:47:00,2026-06-04 09:51:00,2026-06-04 10:00:00,Card,Delivered,15,13,False,125.0,1
2560,25320,20,55,2026-06-20 20:48:00,2026-06-20 20:50:00,2026-06-20 21:05:00,Wallet,Delivered,15,17,True,1792.0,7
2561,24416,8,152,2026-06-10 09:39:00,2026-06-10 09:42:00,2026-06-10 09:49:00,UPI,Delivered,15,10,False,1563.0,6
2562,16451,1,92,2026-06-29 15:27:00,2026-06-29 15:32:00,2026-06-29 15:42:00,COD,Delivered,15,15,False,204.0,1
2563,27614,5,193,2026-06-24 21:23:00,2026-06-24 21:25:00,2026-06-24 21:37:00,COD,Delivered,15,14,False,1003.0,5
2564,29540,17,30,2026-06-14 12:53:00,2026-06-14 12:57:00,2026-06-14 13:07:00,UPI,Delivered,15,14,False,314.0,2
2565,24861,17,147,2026-06-04 21:03:00,2026-06-04 21:06:00,2026-06-04 21:16:00,UPI,Cancelled,15,13,False,1878.0,9
2566,30173,6,60,2026-06-20 13:41:00,2026-06-20 13:45:00,2026-06-20 13:55:00,UPI,Delivered,15,14,False,918.0,5
2567,38810,12,4,2026-06-18 13:41:00,2026-06-18 13:46:00,2026-06-18 13:59:00,UPI,Delivered,15,18,True,1924.0,10
2568,32452,11,104,2026-06-25 20:18:00,2026-06-25 20:23:00,2026-06-25 20:41:00,UPI,Delivered,15,23,True,2056.0,7
2569,23825,20,124,2026-06-28 14:31:00,2026-06-28 14:35:00,2026-06-28 14:44:00,UPI,Delivered,15,13,False,2472.0,9
2570,17302,19,107,2026-06-17 12:14:00,2026-06-17 12:19:00,2026-06-17 12:26:00,UPI,Delivered,15,12,False,2705.0,9
2571,28398,19,91,2026-06-12 21:47:00,2026-06-12 21:52:00,2026-06-12 22:02:00,Card,Returned,15,15,False,601.0,3
2572,43227,13,116,2026-06-03 22:14:00,2026-06-03 22:18:00,2026-06-03 22:30:00,UPI,Delivered,15,16,True,224.0,1
2573,47717,5,37,2026-06-13 12:58:00,2026-06-13 13:00:00,2026-06-13 13:15:00,COD,Cancelled,15,17,True,1949.0,9
2574,24316,11,9,2026-06-30 19:48:00,2026-06-30 19:51:00,2026-06-30 20:04:00,Wallet,Delivered,15,16,True,2146.0,12
2575,33525,11,104,2026-06-25 10:00:00,2026-06-25 10:05:00,2026-06-25 10:12:00,UPI,Delivered,15,12,False,1812.0,7
2576,30972,14,130,2026-06-04 21:45:00,2026-06-04 21:49:00,2026-06-04 21:56:00,Wallet,Delivered,15,11,False,394.0,2
2577,16069,1,81,2026-06-26 19:14:00,2026-06-26 19:16:00,2026-06-26 19:25:00,COD,Delivered,15,11,False,1058.0,4
2578,24991,14,197,2026-06-28 17:15:00,2026-06-28 17:20:00,2026-06-28 17:28:00,COD,Delivered,15,13,False,1853.0,7
2579,18816,4,157,2026-06-25 14:42:00,2026-06-25 14:45:00,2026-06-25 15:00:00,Card,Delivered,15,18,True,3026.0,11
2580,45348,6,181,2026-06-29 18:24:00,2026-06-29 18:29:00,2026-06-29 18:37:00,COD,Delivered,15,13,False,2896.0,8
2581,32864,10,49,2026-06-28 22:24:00,2026-06-28 22:27:00,2026-06-28 22:38:00,UPI,Delivered,15,14,False,2694.0,11
2582,23014,13,154,2026-06-10 13:02:00,2026-06-10 13:07:00,2026-06-10 13:19:00,UPI,Delivered,15,17,True,2481.0,6
2583,32704,6,52,2026-06-28 12:12:00,2026-06-28 12:14:00,2026-06-28 12:32:00,Wallet,Delivered,15,20,True,2012.0,7
2584,15629,2,20,2026-06-26 21:57:00,2026-06-26 22:00:00,2026-06-26 22:12:00,Wallet,Delivered,15,15,False,600.0,3
2585,47245,20,139,2026-06-15 14:57:00,2026-06-15 15:00:00,2026-06-15 15:15:00,UPI,Delivered,15,18,True,829.0,5
2586,47916,11,103,2026-06-26 20:16:00,2026-06-26 20:21:00,2026-06-26 20:35:00,Card,Delivered,15,19,True,3627.0,13
2587,49024,9,144,2026-06-27 21:45:00,2026-06-27 21:47:00,2026-06-27 21:59:00,UPI,Delivered,15,14,False,1444.0,6
2588,41637,4,157,2026-06-16 19:16:00,2026-06-16 19:19:00,2026-06-16 19:36:00,Card,Delivered,15,20,True,2758.0,8
2589,24361,5,123,2026-06-12 19:04:00,2026-06-12 19:07:00,2026-06-12 19:12:00,UPI,Delivered,15,8,False,1602.0,7
2590,10299,12,146,2026-06-23 20:35:00,2026-06-23 20:39:00,2026-06-23 20:59:00,Card,Delivered,15,24,True,1329.0,3
2591,25176,17,134,2026-06-19 20:05:00,2026-06-19 20:08:00,2026-06-19 20:25:00,Card,Delivered,15,20,True,927.0,3
2592,33971,12,4,2026-06-06 13:25:00,2026-06-06 13:30:00,2026-06-06 13:45:00,UPI,Cancelled,15,20,True,454.0,3
2593,26925,15,163,2026-06-28 13:41:00,2026-06-28 13:43:00,2026-06-28 14:03:00,Card,Delivered,15,22,True,816.0,4
2594,42503,18,172,2026-06-22 13:51:00,2026-06-22 13:54:00,2026-06-22 14:06:00,UPI,Delivered,15,15,False,1365.0,6
2595,37045,3,142,2026-06-25 19:44:00,2026-06-25 19:46:00,2026-06-25 20:03:00,UPI,Delivered,15,19,True,1083.0,8
2596,14063,3,186,2026-06-12 20:55:00,2026-06-12 20:57:00,2026-06-12 21:14:00,COD,Delivered,15,19,True,665.0,3
2597,36867,2,109,2026-06-19 14:15:00,2026-06-19 14:20:00,2026-06-19 14:31:00,UPI,Returned,15,16,True,592.0,3
2598,37470,19,143,2026-06-22 18:14:00,2026-06-22 18:17:00,2026-06-22 18:23:00,UPI,Delivered,15,9,False,2385.0,7
2599,34864,13,166,2026-06-23 10:50:00,2026-06-23 10:53:00,2026-06-23 11:04:00,Card,Delivered,15,14,False,1788.0,8
2600,30559,13,13,2026-06-29 17:58:00,2026-06-29 18:02:00,2026-06-29 18:09:00,COD,Delivered,15,11,False,1134.0,5
2601,31390,16,199,2026-06-28 12:33:00,2026-06-28 12:36:00,2026-06-28 12:49:00,COD,Delivered,15,16,True,1196.0,4
2602,17495,4,175,2026-06-28 09:11:00,2026-06-28 09:13:00,2026-06-28 09:22:00,Card,Delivered,15,11,False,2494.0,7
2603,18306,17,59,2026-06-05 13:51:00,2026-06-05 13:56:00,2026-06-05 14:09:00,Card,Delivered,15,18,True,1179.0,7
2604,19104,17,3,2026-06-14 09:02:00,2026-06-14 09:05:00,2026-06-14 09:15:00,UPI,Delivered,15,13,False,448.0,2
2605,27289,6,40,2026-06-13 13:59:00,2026-06-13 14:03:00,2026-06-13 14:16:00,UPI,Cancelled,15,17,True,639.0,5
2606,11793,8,152,2026-06-13 22:48:00,2026-06-13 22:50:00,2026-06-13 22:59:00,Card,Delivered,15,11,False,571.0,4
2607,31264,2,34,2026-06-01 11:40:00,2026-06-01 11:42:00,2026-06-01 11:53:00,UPI,Delivered,15,13,False,1496.0,5
2608,23879,17,3,2026-06-21 20:31:00,2026-06-21 20:33:00,2026-06-21 20:53:00,Card,Delivered,15,22,True,524.0,2
2609,18664,11,103,2026-06-18 20:47:00,2026-06-18 20:52:00,2026-06-18 21:09:00,UPI,Delivered,15,22,True,1455.0,6
2610,40526,10,78,2026-06-23 18:49:00,2026-06-23 18:54:00,2026-06-23 18:59:00,Card,Delivered,15,10,False,3903.0,11
2611,36201,6,191,2026-06-04 13:53:00,2026-06-04 13:55:00,2026-06-04 14:12:00,UPI,Delivered,15,19,True,735.0,6
2612,30436,13,116,2026-06-16 20:36:00,2026-06-16 20:40:00,2026-06-16 20:56:00,COD,Delivered,15,20,True,300.0,2
2613,19330,8,120,2026-06-14 19:36:00,2026-06-14 19:39:00,2026-06-14 19:51:00,Wallet,Delivered,15,15,False,2576.0,9
2614,40512,17,106,2026-06-11 12:14:00,2026-06-11 12:18:00,2026-06-11 12:29:00,UPI,Delivered,15,15,False,1518.0,4
2615,19018,8,152,2026-06-12 14:36:00,2026-06-12 14:39:00,2026-06-12 14:48:00,COD,Delivered,15,12,False,504.0,4
2616,42385,10,95,2026-06-15 12:46:00,2026-06-15 12:50:00,2026-06-15 13:02:00,UPI,Delivered,15,16,True,489.0,2
2617,42323,15,141,2026-06-08 18:17:00,2026-06-08 18:19:00,2026-06-08 18:28:00,UPI,Delivered,15,11,False,1064.0,5
2618,38347,19,200,2026-06-01 10:26:00,2026-06-01 10:30:00,2026-06-01 10:41:00,UPI,Delivered,15,15,False,2322.0,8
2619,12382,1,121,2026-06-21 20:47:00,2026-06-21 20:51:00,2026-06-21 21:10:00,COD,Delivered,15,23,True,186.0,2
2620,13031,10,129,2026-06-28 15:18:00,2026-06-28 15:20:00,2026-06-28 15:33:00,COD,Delivered,15,15,False,942.0,6
2621,11533,12,19,2026-06-21 20:45:00,2026-06-21 20:47:00,2026-06-21 21:02:00,UPI,Delivered,15,17,True,441.0,1
2622,44694,5,193,2026-06-09 19:25:00,2026-06-09 19:29:00,2026-06-09 19:46:00,COD,Delivered,15,21,True,575.0,3
2623,47617,1,46,2026-06-09 11:44:00,2026-06-09 11:47:00,2026-06-09 11:53:00,UPI,Delivered,15,9,False,1024.0,4
2624,36076,2,45,2026-06-26 21:29:00,2026-06-26 21:34:00,2026-06-26 21:43:00,Wallet,Delivered,15,14,False,185.0,1
2625,39707,13,154,2026-06-24 19:42:00,2026-06-24 19:44:00,2026-06-24 20:03:00,Card,Delivered,15,21,True,157.0,1
2626,37693,20,79,2026-06-26 21:53:00,2026-06-26 21:56:00,2026-06-26 22:09:00,UPI,Delivered,15,16,True,3681.0,12
2627,39146,3,142,2026-06-21 13:46:00,2026-06-21 13:49:00,2026-06-21 14:02:00,UPI,Delivered,15,16,True,2369.0,9
2628,16277,18,105,2026-06-14 22:42:00,2026-06-14 22:47:00,2026-06-14 22:55:00,Card,Cancelled,15,13,False,270.0,3
2629,49429,8,29,2026-06-15 18:27:00,2026-06-15 18:31:00,2026-06-15 18:40:00,UPI,Delivered,15,13,False,1759.0,8
2630,24582,11,43,2026-06-20 19:21:00,2026-06-20 19:25:00,2026-06-20 19:40:00,UPI,Delivered,15,19,True,1162.0,8
2631,10235,1,81,2026-06-23 19:18:00,2026-06-23 19:22:00,2026-06-23 19:39:00,COD,Cancelled,15,21,True,1200.0,9
2632,13994,12,19,2026-06-20 09:16:00,2026-06-20 09:21:00,2026-06-20 09:31:00,Wallet,Cancelled,15,15,False,214.0,1
2633,41371,11,103,2026-06-11 21:09:00,2026-06-11 21:12:00,2026-06-11 21:27:00,UPI,Delivered,15,18,True,294.0,5
2634,43194,14,7,2026-06-21 15:00:00,2026-06-21 15:02:00,2026-06-21 15:13:00,UPI,Delivered,15,13,False,910.0,3
2635,47503,11,103,2026-06-12 19:00:00,2026-06-12 19:03:00,2026-06-12 19:18:00,UPI,Delivered,15,18,True,2866.0,9
2636,19950,15,141,2026-06-13 13:42:00,2026-06-13 13:46:00,2026-06-13 13:56:00,UPI,Delivered,15,14,False,864.0,3
2637,44244,17,30,2026-06-13 21:32:00,2026-06-13 21:36:00,2026-06-13 21:45:00,COD,Delivered,15,13,False,2199.0,8
2638,12008,12,86,2026-06-26 18:39:00,2026-06-26 18:41:00,2026-06-26 18:53:00,COD,Delivered,15,14,False,2783.0,8
2639,19319,3,159,2026-06-02 21:33:00,2026-06-02 21:36:00,2026-06-02 21:43:00,UPI,Delivered,15,10,False,2606.0,9
2640,35624,18,117,2026-06-01 18:49:00,2026-06-01 18:53:00,2026-06-01 19:02:00,UPI,Delivered,15,13,False,2006.0,11
2641,20210,16,199,2026-06-14 13:19:00,2026-06-14 13:22:00,2026-06-14 13:34:00,UPI,Delivered,15,15,False,164.0,1
2642,23621,6,111,2026-06-14 17:08:00,2026-06-14 17:13:00,2026-06-14 17:22:00,UPI,Delivered,15,14,False,1468.0,10
2643,14276,11,17,2026-06-17 18:46:00,2026-06-17 18:49:00,2026-06-17 19:04:00,UPI,Delivered,15,18,True,428.0,2
2644,44696,15,62,2026-06-29 11:51:00,2026-06-29 11:56:00,2026-06-29 12:02:00,Wallet,Delivered,15,11,False,269.0,2
2645,41213,17,106,2026-06-16 18:17:00,2026-06-16 18:21:00,2026-06-16 18:30:00,UPI,Delivered,15,13,False,328.0,1
2646,34378,12,146,2026-06-21 20:10:00,2026-06-21 20:15:00,2026-06-21 20:29:00,UPI,Delivered,15,19,True,2315.0,10
2647,28894,11,184,2026-06-23 21:33:00,2026-06-23 21:36:00,2026-06-23 21:49:00,UPI,Delivered,15,16,True,3990.0,13
2648,36203,7,162,2026-06-16 14:18:00,2026-06-16 14:20:00,2026-06-16 14:31:00,UPI,Delivered,15,13,False,2520.0,13
2649,19411,11,25,2026-06-05 17:25:00,2026-06-05 17:30:00,2026-06-05 17:39:00,COD,Delivered,15,14,False,829.0,8
2650,18592,13,116,2026-06-17 20:48:00,2026-06-17 20:51:00,2026-06-17 21:04:00,Card,Delivered,15,16,True,2030.0,7
2651,43859,13,174,2026-06-03 22:07:00,2026-06-03 22:12:00,2026-06-03 22:15:00,UPI,Delivered,15,8,False,1052.0,9
2652,16353,1,92,2026-06-07 14:39:00,2026-06-07 14:42:00,2026-06-07 14:52:00,COD,Delivered,15,13,False,1076.0,6
2653,28168,11,43,2026-06-02 13:08:00,2026-06-02 13:11:00,2026-06-02 13:26:00,Wallet,Delivered,15,18,True,2938.0,11
2654,26611,10,183,2026-06-21 17:41:00,2026-06-21 17:43:00,2026-06-21 18:00:00,UPI,Delivered,15,19,True,2257.0,9
2655,20488,5,151,2026-06-29 21:47:00,2026-06-29 21:50:00,2026-06-29 21:59:00,UPI,Delivered,15,12,False,555.0,3
2656,38346,8,29,2026-06-24 20:00:00,2026-06-24 20:02:00,2026-06-24 20:24:00,UPI,Delivered,15,24,True,3099.0,11
2657,30970,11,9,2026-06-28 21:52:00,2026-06-28 21:56:00,2026-06-28 22:07:00,UPI,Delivered,15,15,False,182.0,1
2658,26966,1,81,2026-06-11 20:07:00,2026-06-11 20:11:00,2026-06-11 20:25:00,UPI,Delivered,15,18,True,328.0,2
2659,20969,10,78,2026-06-28 22:19:00,2026-06-28 22:21:00,2026-06-28 22:33:00,Card,Delivered,15,14,False,1018.0,4
2660,24471,7,38,2026-06-01 18:12:00,2026-06-01 18:14:00,2026-06-01 18:27:00,COD,Delivered,15,15,False,336.0,3
2661,35304,6,52,2026-06-16 14:48:00,2026-06-16 14:52:00,2026-06-16 15:04:00,UPI,Delivered,15,16,True,558.0,3
2662,35800,16,199,2026-06-16 19:15:00,2026-06-16 19:17:00,2026-06-16 19:37:00,UPI,Delivered,15,22,True,135.0,3
2663,44222,4,125,2026-06-01 18:19:00,2026-06-01 18:23:00,2026-06-01 18:30:00,Wallet,Delivered,15,11,False,688.0,2
2664,33814,6,6,2026-06-23 19:58:00,2026-06-23 20:01:00,2026-06-23 20:06:00,UPI,Delivered,15,8,False,255.0,3
2665,33081,12,85,2026-06-02 19:01:00,2026-06-02 19:03:00,2026-06-02 19:20:00,UPI,Delivered,15,19,True,1632.0,4
2666,15834,7,75,2026-06-10 21:13:00,2026-06-10 21:15:00,2026-06-10 21:26:00,UPI,Delivered,15,13,False,697.0,6
2667,45299,19,48,2026-06-01 17:03:00,2026-06-01 17:08:00,2026-06-01 17:19:00,UPI,Delivered,15,16,True,787.0,5
2668,27520,12,148,2026-06-28 12:48:00,2026-06-28 12:52:00,2026-06-28 13:04:00,UPI,Delivered,15,16,True,282.0,4
2669,29536,11,104,2026-06-12 19:32:00,2026-06-12 19:34:00,2026-06-12 19:51:00,UPI,Delivered,15,19,True,325.0,2
2670,29379,10,95,2026-06-07 20:05:00,2026-06-07 20:07:00,2026-06-07 20:26:00,UPI,Delivered,15,21,True,1721.0,6
2671,10056,18,117,2026-06-19 20:20:00,2026-06-19 20:25:00,2026-06-19 20:39:00,UPI,Delivered,15,19,True,792.0,6
2672,20366,12,86,2026-06-15 14:41:00,2026-06-15 14:43:00,2026-06-15 14:53:00,UPI,Delivered,15,12,False,1930.0,7
2673,26708,9,144,2026-06-04 20:27:00,2026-06-04 20:31:00,2026-06-04 20:49:00,Wallet,Delivered,15,22,True,2159.0,8
2674,27132,10,67,2026-06-07 20:15:00,2026-06-07 20:19:00,2026-06-07 20:33:00,COD,Delivered,15,18,True,1153.0,6
2675,45012,8,152,2026-06-18 20:08:00,2026-06-18 20:11:00,2026-06-18 20:25:00,Wallet,Delivered,15,17,True,171.0,3
2676,28012,8,29,2026-06-12 21:28:00,2026-06-12 21:33:00,2026-06-12 21:44:00,UPI,Delivered,15,16,True,1030.0,4
2677,14025,14,7,2026-06-09 19:15:00,2026-06-09 19:18:00,2026-06-09 19:31:00,COD,Delivered,15,16,True,741.0,4
2678,23988,20,5,2026-06-05 21:49:00,2026-06-05 21:52:00,2026-06-05 22:00:00,UPI,Delivered,15,11,False,333.0,3
2679,38965,2,66,2026-06-04 21:39:00,2026-06-04 21:44:00,2026-06-04 21:52:00,UPI,Delivered,15,13,False,1634.0,8
2680,12422,10,126,2026-06-22 14:33:00,2026-06-22 14:36:00,2026-06-22 14:47:00,UPI,Delivered,15,14,False,3715.0,11
2681,12564,16,171,2026-06-12 10:11:00,2026-06-12 10:16:00,2026-06-12 10:25:00,UPI,Delivered,15,14,False,1864.0,7
2682,39891,5,151,2026-06-10 19:02:00,2026-06-10 19:04:00,2026-06-10 19:28:00,Wallet,Delivered,15,26,True,393.0,2
2683,15249,16,155,2026-06-10 19:20:00,2026-06-10 19:22:00,2026-06-10 19:38:00,UPI,Delivered,15,18,True,1900.0,7
2684,37037,18,42,2026-06-02 20:54:00,2026-06-02 20:59:00,2026-06-02 21:15:00,UPI,Delivered,15,21,True,512.0,5
2685,21062,20,26,2026-06-02 10:20:00,2026-06-02 10:22:00,2026-06-02 10:32:00,Wallet,Delivered,15,12,False,1899.0,6
2686,30643,2,136,2026-06-12 14:39:00,2026-06-12 14:42:00,2026-06-12 14:53:00,UPI,Delivered,15,14,False,1915.0,8
2687,39945,9,96,2026-06-27 13:18:00,2026-06-27 13:22:00,2026-06-27 13:37:00,Card,Cancelled,15,19,True,3597.0,11
2688,18831,6,6,2026-06-14 15:33:00,2026-06-14 15:37:00,2026-06-14 15:47:00,Card,Delivered,15,14,False,1023.0,3
2689,16597,2,50,2026-06-04 09:35:00,2026-06-04 09:38:00,2026-06-04 09:49:00,Card,Delivered,15,14,False,1080.0,3
2690,13453,15,21,2026-06-12 18:42:00,2026-06-12 18:46:00,2026-06-12 18:53:00,UPI,Delivered,15,11,False,430.0,1
2691,20316,2,34,2026-06-10 20:58:00,2026-06-10 21:03:00,2026-06-10 21:24:00,UPI,Delivered,15,26,True,1536.0,4
2692,30080,6,40,2026-06-22 10:11:00,2026-06-22 10:16:00,2026-06-22 10:26:00,Card,Delivered,15,15,False,1968.0,7
2693,32588,8,128,2026-06-17 20:44:00,2026-06-17 20:46:00,2026-06-17 21:08:00,UPI,Delivered,15,24,True,2300.0,12
2694,27310,3,159,2026-06-27 19:18:00,2026-06-27 19:21:00,2026-06-27 19:38:00,Card,Delivered,15,20,True,130.0,3
2695,11102,3,159,2026-06-01 19:14:00,2026-06-01 19:16:00,2026-06-01 19:25:00,UPI,Delivered,15,11,False,828.0,7
2696,30323,10,122,2026-06-03 20:55:00,2026-06-03 20:57:00,2026-06-03 21:18:00,UPI,Delivered,15,23,True,1183.0,6
2697,18671,17,59,2026-06-23 14:15:00,2026-06-23 14:18:00,2026-06-23 14:29:00,UPI,Delivered,15,14,False,743.0,6
2698,20790,20,72,2026-06-08 19:21:00,2026-06-08 19:23:00,2026-06-08 19:38:00,COD,Delivered,15,17,True,315.0,2
2699,14895,19,149,2026-06-27 11:35:00,2026-06-27 11:40:00,2026-06-27 11:50:00,COD,Delivered,15,15,False,1242.0,3
2700,29183,13,61,2026-06-21 20:39:00,2026-06-21 20:41:00,2026-06-21 20:59:00,UPI,Delivered,15,20,True,1579.0,5
2701,10864,13,174,2026-06-16 22:08:00,2026-06-16 22:13:00,2026-06-16 22:23:00,Card,Delivered,15,15,False,1724.0,4
2702,16682,1,114,2026-06-20 21:39:00,2026-06-20 21:41:00,2026-06-20 21:54:00,Wallet,Delivered,15,15,False,917.0,7
2703,19383,7,53,2026-06-23 14:42:00,2026-06-23 14:44:00,2026-06-23 14:54:00,UPI,Delivered,15,12,False,183.0,1
2704,31663,16,199,2026-06-10 19:43:00,2026-06-10 19:45:00,2026-06-10 20:04:00,Card,Delivered,15,21,True,2243.0,12
2705,33646,12,135,2026-06-25 18:19:00,2026-06-25 18:21:00,2026-06-25 18:32:00,UPI,Delivered,15,13,False,478.0,5
2706,27941,18,42,2026-06-05 21:41:00,2026-06-05 21:43:00,2026-06-05 21:53:00,Card,Delivered,15,12,False,110.0,2
2707,48346,16,190,2026-06-15 18:43:00,2026-06-15 18:46:00,2026-06-15 18:58:00,Card,Delivered,15,15,False,1559.0,4
2708,29152,8,128,2026-06-17 20:07:00,2026-06-17 20:12:00,2026-06-17 20:19:00,UPI,Delivered,15,12,False,2102.0,10
2709,42523,5,37,2026-06-26 12:36:00,2026-06-26 12:38:00,2026-06-26 12:52:00,COD,Delivered,15,16,True,1050.0,5
2710,29496,9,31,2026-06-27 21:43:00,2026-06-27 21:48:00,2026-06-27 21:52:00,Wallet,Delivered,15,9,False,1240.0,6
2711,44121,4,125,2026-06-05 08:18:00,2026-06-05 08:20:00,2026-06-05 08:29:00,UPI,Delivered,15,11,False,1303.0,5
2712,13714,6,6,2026-06-21 19:17:00,2026-06-21 19:19:00,2026-06-21 19:38:00,Card,Cancelled,15,21,True,3193.0,10
2713,11374,10,95,2026-06-21 21:22:00,2026-06-21 21:27:00,2026-06-21 21:37:00,Wallet,Returned,15,15,False,1931.0,6
2714,46157,19,185,2026-06-18 19:42:00,2026-06-18 19:44:00,2026-06-18 19:59:00,UPI,Delivered,15,17,True,222.0,1
2715,23355,5,76,2026-06-14 18:36:00,2026-06-14 18:41:00,2026-06-14 18:51:00,COD,Delivered,15,15,False,1818.0,6
2716,21557,5,123,2026-06-10 12:32:00,2026-06-10 12:35:00,2026-06-10 12:49:00,UPI,Delivered,15,17,True,540.0,3
2717,41922,7,38,2026-06-24 14:17:00,2026-06-24 14:19:00,2026-06-24 14:29:00,UPI,Delivered,15,12,False,1078.0,4
2718,36592,12,86,2026-06-08 09:08:00,2026-06-08 09:10:00,2026-06-08 09:21:00,UPI,Delivered,15,13,False,1845.0,8
2719,44596,17,30,2026-06-25 12:37:00,2026-06-25 12:42:00,2026-06-25 12:51:00,UPI,Delivered,15,14,False,718.0,3
2720,32920,7,22,2026-06-04 19:12:00,2026-06-04 19:15:00,2026-06-04 19:35:00,UPI,Delivered,15,23,True,98.0,1
2721,18115,14,56,2026-06-03 21:37:00,2026-06-03 21:42:00,2026-06-03 21:50:00,UPI,Delivered,15,13,False,1979.0,9
2722,20989,1,92,2026-06-18 21:56:00,2026-06-18 22:00:00,2026-06-18 22:08:00,UPI,Delivered,15,12,False,1893.0,11
2723,49554,19,110,2026-06-07 19:17:00,2026-06-07 19:19:00,2026-06-07 19:37:00,UPI,Delivered,15,20,True,2152.0,10
2724,12927,2,66,2026-06-24 19:27:00,2026-06-24 19:30:00,2026-06-24 19:54:00,Card,Delivered,15,27,True,1933.0,11
2725,40658,16,155,2026-06-23 12:20:00,2026-06-23 12:22:00,2026-06-23 12:38:00,Card,Delivered,15,18,True,2961.0,11
2726,44323,16,199,2026-06-04 13:47:00,2026-06-04 13:51:00,2026-06-04 14:02:00,UPI,Returned,15,15,False,312.0,2
2727,24897,17,106,2026-06-01 20:13:00,2026-06-01 20:17:00,2026-06-01 20:33:00,UPI,Delivered,15,20,True,359.0,2
2728,44713,15,156,2026-06-18 19:36:00,2026-06-18 19:40:00,2026-06-18 19:55:00,Card,Delivered,15,19,True,1994.0,6
2729,35084,1,81,2026-06-03 12:19:00,2026-06-03 12:23:00,2026-06-03 12:32:00,UPI,Delivered,15,13,False,346.0,1
2730,23758,17,30,2026-06-28 19:19:00,2026-06-28 19:24:00,2026-06-28 19:41:00,UPI,Delivered,15,22,True,1006.0,4
2731,13865,9,144,2026-06-03 12:03:00,2026-06-03 12:06:00,2026-06-03 12:19:00,UPI,Delivered,15,16,True,3295.0,11
2732,28650,9,133,2026-06-20 20:20:00,2026-06-20 20:25:00,2026-06-20 20:38:00,COD,Delivered,15,18,True,1647.0,7
2733,17408,8,152,2026-06-08 21:06:00,2026-06-08 21:11:00,2026-06-08 21:21:00,UPI,Delivered,15,15,False,387.0,3
2734,41493,4,63,2026-06-09 20:48:00,2026-06-09 20:50:00,2026-06-09 21:08:00,UPI,Delivered,15,20,True,232.0,1
2735,34807,10,122,2026-06-12 11:11:00,2026-06-12 11:16:00,2026-06-12 11:23:00,UPI,Delivered,15,12,False,321.0,2
2736,34325,20,79,2026-06-11 20:26:00,2026-06-11 20:30:00,2026-06-11 20:48:00,UPI,Delivered,15,22,True,2485.0,10
2737,13491,17,106,2026-06-15 13:10:00,2026-06-15 13:14:00,2026-06-15 13:23:00,Card,Delivered,15,13,False,245.0,1
2738,14468,14,56,2026-06-06 20:50:00,2026-06-06 20:55:00,2026-06-06 21:09:00,COD,Delivered,15,19,True,127.0,1
2739,13596,6,44,2026-06-12 18:44:00,2026-06-12 18:46:00,2026-06-12 18:58:00,UPI,Cancelled,15,14,False,1372.0,5
2740,24184,18,140,2026-06-03 21:37:00,2026-06-03 21:40:00,2026-06-03 21:49:00,COD,Delivered,15,12,False,952.0,4
2741,37103,11,104,2026-06-04 19:10:00,2026-06-04 19:15:00,2026-06-04 19:26:00,UPI,Delivered,15,16,True,408.0,1
2742,26732,15,62,2026-06-29 14:20:00,2026-06-29 14:24:00,2026-06-29 14:32:00,UPI,Delivered,15,12,False,973.0,5
2743,33976,11,9,2026-06-30 13:14:00,2026-06-30 13:17:00,2026-06-30 13:31:00,UPI,Delivered,15,17,True,2038.0,9
2744,48368,14,132,2026-06-16 13:32:00,2026-06-16 13:35:00,2026-06-16 13:47:00,UPI,Delivered,15,15,False,1819.0,8
2745,23153,9,96,2026-06-16 12:35:00,2026-06-16 12:39:00,2026-06-16 12:50:00,UPI,Delivered,15,15,False,890.0,2
2746,20463,15,62,2026-06-22 14:33:00,2026-06-22 14:35:00,2026-06-22 14:46:00,UPI,Delivered,15,13,False,936.0,3
2747,15256,20,15,2026-06-07 20:57:00,2026-06-07 21:00:00,2026-06-07 21:15:00,UPI,Delivered,15,18,True,4663.0,14
2748,47478,1,36,2026-06-04 12:04:00,2026-06-04 12:08:00,2026-06-04 12:20:00,UPI,Delivered,15,16,True,1288.0,4
2749,10238,16,199,2026-06-13 20:45:00,2026-06-13 20:49:00,2026-06-13 21:02:00,Card,Delivered,15,17,True,1432.0,7
2750,11641,6,60,2026-06-25 20:14:00,2026-06-25 20:18:00,2026-06-25 20:25:00,UPI,Delivered,15,11,False,1330.0,6
2751,43267,14,197,2026-06-23 14:19:00,2026-06-23 14:21:00,2026-06-23 14:36:00,UPI,Delivered,15,17,True,716.0,4
2752,19330,3,69,2026-06-04 21:06:00,2026-06-04 21:10:00,2026-06-04 21:18:00,COD,Returned,15,12,False,2151.0,8
2753,25510,20,93,2026-06-23 09:28:00,2026-06-23 09:33:00,2026-06-23 09:40:00,UPI,Delivered,15,12,False,1177.0,5
2754,27580,20,79,2026-06-14 13:05:00,2026-06-14 13:10:00,2026-06-14 13:19:00,UPI,Delivered,15,14,False,973.0,3
2755,15286,9,133,2026-06-26 20:13:00,2026-06-26 20:15:00,2026-06-26 20:32:00,COD,Delivered,15,19,True,2517.0,12
2756,14547,12,194,2026-06-12 20:49:00,2026-06-12 20:51:00,2026-06-12 21:13:00,UPI,Delivered,15,24,True,743.0,2
2757,24688,18,140,2026-06-19 21:10:00,2026-06-19 21:15:00,2026-06-19 21:23:00,UPI,Delivered,15,13,False,323.0,5
2758,34159,17,30,2026-06-15 13:55:00,2026-06-15 13:58:00,2026-06-15 14:11:00,UPI,Delivered,15,16,True,594.0,6
2759,12567,5,170,2026-06-01 21:14:00,2026-06-01 21:19:00,2026-06-01 21:26:00,UPI,Delivered,15,12,False,3425.0,10
2760,20921,18,168,2026-06-03 18:42:00,2026-06-03 18:45:00,2026-06-03 18:57:00,UPI,Delivered,15,15,False,711.0,6
2761,25853,11,43,2026-06-05 17:36:00,2026-06-05 17:40:00,2026-06-05 17:45:00,Wallet,Delivered,15,9,False,2192.0,9
2762,29513,8,120,2026-06-21 19:11:00,2026-06-21 19:14:00,2026-06-21 19:27:00,UPI,Delivered,15,16,True,1153.0,9
2763,14805,16,179,2026-06-18 18:53:00,2026-06-18 18:55:00,2026-06-18 19:01:00,UPI,Delivered,15,8,False,195.0,3
2764,41005,11,9,2026-06-01 21:19:00,2026-06-01 21:23:00,2026-06-01 21:33:00,UPI,Delivered,15,14,False,424.0,2
2765,34911,3,142,2026-06-19 13:19:00,2026-06-19 13:22:00,2026-06-19 13:38:00,Wallet,Delivered,15,19,True,1605.0,9
2766,28894,4,70,2026-06-03 20:04:00,2026-06-03 20:06:00,2026-06-03 20:25:00,UPI,Delivered,15,21,True,1852.0,9
2767,26183,6,165,2026-06-04 19:43:00,2026-06-04 19:46:00,2026-06-04 19:58:00,Card,Delivered,15,15,False,815.0,7
2768,34250,8,152,2026-06-04 12:44:00,2026-06-04 12:49:00,2026-06-04 12:58:00,UPI,Delivered,15,14,False,1326.0,10
2769,17581,14,132,2026-06-27 13:46:00,2026-06-27 13:50:00,2026-06-27 14:02:00,UPI,Delivered,15,16,True,732.0,3
2770,36132,16,171,2026-06-04 18:07:00,2026-06-04 18:11:00,2026-06-04 18:20:00,UPI,Delivered,15,13,False,1233.0,3
2771,19121,17,2,2026-06-02 20:27:00,2026-06-02 20:32:00,2026-06-02 20:41:00,UPI,Delivered,15,14,False,890.0,5
2772,15989,3,69,2026-06-14 11:02:00,2026-06-14 11:07:00,2026-06-14 11:13:00,Card,Delivered,15,11,False,714.0,3
2773,46745,7,74,2026-06-13 18:58:00,2026-06-13 19:00:00,2026-06-13 19:12:00,UPI,Delivered,15,14,False,1565.0,5
2774,11409,2,45,2026-06-21 20:59:00,2026-06-21 21:04:00,2026-06-21 21:12:00,UPI,Delivered,15,13,False,264.0,2
2775,47519,1,121,2026-06-08 19:36:00,2026-06-08 19:38:00,2026-06-08 19:52:00,UPI,Delivered,15,16,True,549.0,3
2776,16959,9,96,2026-06-13 13:30:00,2026-06-13 13:32:00,2026-06-13 13:42:00,Card,Delivered,15,12,False,1005.0,5
2777,12432,4,63,2026-06-13 20:24:00,2026-06-13 20:29:00,2026-06-13 20:48:00,UPI,Delivered,15,24,True,1993.0,9
2778,12525,15,21,2026-06-05 13:32:00,2026-06-05 13:37:00,2026-06-05 13:49:00,UPI,Cancelled,15,17,True,1878.0,10
2779,15377,14,130,2026-06-21 20:27:00,2026-06-21 20:32:00,2026-06-21 20:50:00,COD,Delivered,15,23,True,1917.0,12
2780,20155,11,25,2026-06-06 20:57:00,2026-06-06 20:59:00,2026-06-06 21:15:00,UPI,Delivered,15,18,True,1335.0,8
2781,39262,11,9,2026-06-14 11:15:00,2026-06-14 11:20:00,2026-06-14 11:28:00,UPI,Delivered,15,13,False,186.0,1
2782,19575,6,71,2026-06-09 20:50:00,2026-06-09 20:54:00,2026-06-09 21:08:00,UPI,Delivered,15,18,True,118.0,2
2783,23082,3,94,2026-06-13 10:15:00,2026-06-13 10:18:00,2026-06-13 10:27:00,Card,Delivered,15,12,False,838.0,6
2784,29621,6,23,2026-06-23 12:54:00,2026-06-23 12:56:00,2026-06-23 13:15:00,UPI,Delivered,15,21,True,272.0,2
2785,26290,16,190,2026-06-27 18:16:00,2026-06-27 18:19:00,2026-06-27 18:29:00,UPI,Delivered,15,13,False,295.0,1
2786,49824,11,184,2026-06-08 10:10:00,2026-06-08 10:12:00,2026-06-08 10:24:00,UPI,Delivered,15,14,False,2282.0,9
2787,19844,19,89,2026-06-27 18:48:00,2026-06-27 18:52:00,2026-06-27 19:01:00,UPI,Delivered,15,13,False,231.0,1
2788,45341,6,191,2026-06-28 19:08:00,2026-06-28 19:11:00,2026-06-28 19:27:00,Card,Delivered,15,19,True,1134.0,6
2789,17856,15,21,2026-06-28 14:07:00,2026-06-28 14:09:00,2026-06-28 14:19:00,Card,Delivered,15,12,False,893.0,5
2790,17779,19,107,2026-06-01 20:06:00,2026-06-01 20:11:00,2026-06-01 20:23:00,COD,Delivered,15,17,True,2925.0,11
2791,40847,9,31,2026-06-18 18:53:00,2026-06-18 18:57:00,2026-06-18 19:06:00,COD,Delivered,15,13,False,2077.0,7
2792,39956,7,83,2026-06-05 12:04:00,2026-06-05 12:09:00,2026-06-05 12:24:00,UPI,Cancelled,15,20,True,328.0,2
2793,30301,20,127,2026-06-07 22:32:00,2026-06-07 22:34:00,2026-06-07 22:43:00,COD,Delivered,15,11,False,2200.0,7
2794,23051,17,2,2026-06-07 14:32:00,2026-06-07 14:36:00,2026-06-07 14:47:00,UPI,Delivered,15,15,False,1890.0,8
2795,25545,10,129,2026-06-01 22:39:00,2026-06-01 22:41:00,2026-06-01 22:51:00,Card,Delivered,15,12,False,353.0,2
2796,42322,5,193,2026-06-25 20:59:00,2026-06-25 21:02:00,2026-06-25 21:15:00,COD,Delivered,15,16,True,1032.0,3
2797,37703,16,199,2026-06-15 14:16:00,2026-06-15 14:21:00,2026-06-15 14:28:00,UPI,Delivered,15,12,False,636.0,3
2798,19560,15,21,2026-06-13 18:35:00,2026-06-13 18:39:00,2026-06-13 18:47:00,UPI,Delivered,15,12,False,1946.0,10
2799,20675,4,167,2026-06-18 08:59:00,2026-06-18 09:02:00,2026-06-18 09:13:00,COD,Delivered,15,14,False,2357.0,11
2800,42102,3,186,2026-06-19 09:10:00,2026-06-19 09:12:00,2026-06-19 09:24:00,UPI,Delivered,15,14,False,2081.0,9
2801,16424,10,122,2026-06-04 20:49:00,2026-06-04 20:54:00,2026-06-04 21:12:00,COD,Delivered,15,23,True,675.0,3
2802,39561,4,175,2026-06-21 10:02:00,2026-06-21 10:07:00,2026-06-21 10:17:00,UPI,Delivered,15,15,False,2222.0,10
2803,47220,17,3,2026-06-18 20:03:00,2026-06-18 20:07:00,2026-06-18 20:21:00,Card,Returned,15,18,True,732.0,4
2804,42616,19,149,2026-06-13 22:40:00,2026-06-13 22:42:00,2026-06-13 22:55:00,UPI,Delivered,15,15,False,908.0,3
2805,37131,15,21,2026-06-06 15:05:00,2026-06-06 15:07:00,2026-06-06 15:19:00,UPI,Returned,15,14,False,1433.0,7
2806,42582,6,165,2026-06-14 18:34:00,2026-06-14 18:39:00,2026-06-14 18:51:00,UPI,Delivered,15,17,True,751.0,3
2807,28501,13,166,2026-06-28 20:50:00,2026-06-28 20:55:00,2026-06-28 21:06:00,UPI,Cancelled,15,16,True,1496.0,10
2808,12250,13,154,2026-06-02 22:11:00,2026-06-02 22:13:00,2026-06-02 22:26:00,UPI,Delivered,15,15,False,105.0,1
2809,46712,11,43,2026-06-07 21:43:00,2026-06-07 21:45:00,2026-06-07 21:52:00,UPI,Delivered,15,9,False,381.0,3
2810,31644,9,144,2026-06-24 20:23:00,2026-06-24 20:26:00,2026-06-24 20:44:00,UPI,Delivered,15,21,True,1035.0,6
2811,12012,10,67,2026-06-28 20:28:00,2026-06-28 20:32:00,2026-06-28 20:50:00,UPI,Delivered,15,22,True,1759.0,7
2812,21746,16,199,2026-06-26 22:02:00,2026-06-26 22:04:00,2026-06-26 22:14:00,UPI,Delivered,15,12,False,1008.0,3
2813,25718,7,53,2026-06-19 14:09:00,2026-06-19 14:14:00,2026-06-19 14:24:00,UPI,Delivered,15,15,False,448.0,1
2814,37534,3,69,2026-06-16 20:11:00,2026-06-16 20:15:00,2026-06-16 20:33:00,COD,Delivered,15,22,True,1198.0,5
2815,47700,12,4,2026-06-20 18:50:00,2026-06-20 18:52:00,2026-06-20 19:08:00,UPI,Delivered,15,18,True,1410.0,10
2816,21501,16,171,2026-06-27 21:27:00,2026-06-27 21:30:00,2026-06-27 21:39:00,COD,Delivered,15,12,False,3438.0,11
2817,37665,3,69,2026-06-23 19:54:00,2026-06-23 19:58:00,2026-06-23 20:17:00,UPI,Delivered,15,23,True,3317.0,10
2818,47551,13,174,2026-06-19 22:03:00,2026-06-19 22:07:00,2026-06-19 22:16:00,Card,Delivered,15,13,False,3205.0,12
2819,15325,7,22,2026-06-22 13:53:00,2026-06-22 13:58:00,2026-06-22 14:04:00,Wallet,Delivered,15,11,False,2927.0,10
2820,35446,1,137,2026-06-12 20:42:00,2026-06-12 20:45:00,2026-06-12 20:55:00,Card,Delivered,15,13,False,2505.0,8
2821,38522,20,15,2026-06-08 20:24:00,2026-06-08 20:29:00,2026-06-08 20:44:00,Wallet,Delivered,15,20,True,616.0,2
2822,37111,11,25,2026-06-17 20:25:00,2026-06-17 20:27:00,2026-06-17 20:42:00,Wallet,Delivered,15,17,True,1491.0,8
2823,47469,14,131,2026-06-06 19:15:00,2026-06-06 19:19:00,2026-06-06 19:40:00,UPI,Delivered,15,25,True,1953.0,6
2824,36446,15,21,2026-06-18 12:36:00,2026-06-18 12:39:00,2026-06-18 12:52:00,UPI,Delivered,15,16,True,912.0,3
2825,48036,11,25,2026-06-24 14:42:00,2026-06-24 14:47:00,2026-06-24 14:55:00,UPI,Delivered,15,13,False,708.0,2
2826,16624,20,26,2026-06-18 20:15:00,2026-06-18 20:20:00,2026-06-18 20:36:00,UPI,Delivered,15,21,True,913.0,7
2827,26593,2,24,2026-06-16 12:15:00,2026-06-16 12:19:00,2026-06-16 12:28:00,UPI,Delivered,15,13,False,144.0,2
2828,42068,1,57,2026-06-25 20:21:00,2026-06-25 20:25:00,2026-06-25 20:36:00,Wallet,Cancelled,15,15,False,1215.0,5
2829,32871,6,90,2026-06-19 21:10:00,2026-06-19 21:15:00,2026-06-19 21:21:00,UPI,Delivered,15,11,False,287.0,1
2830,29864,8,128,2026-06-05 18:23:00,2026-06-05 18:28:00,2026-06-05 18:38:00,Card,Delivered,15,15,False,1302.0,7
2831,46088,9,31,2026-06-16 21:50:00,2026-06-16 21:52:00,2026-06-16 22:03:00,Card,Delivered,15,13,False,344.0,1
2832,33982,9,96,2026-06-28 12:55:00,2026-06-28 12:59:00,2026-06-28 13:13:00,UPI,Delivered,15,18,True,1999.0,7
2833,15145,13,161,2026-06-22 21:14:00,2026-06-22 21:18:00,2026-06-22 21:25:00,Card,Delivered,15,11,False,265.0,3
2834,12623,16,171,2026-06-05 13:59:00,2026-06-05 14:01:00,2026-06-05 14:19:00,Card,Delivered,15,20,True,412.0,2
2835,15718,15,141,2026-06-21 20:27:00,2026-06-21 20:30:00,2026-06-21 20:49:00,UPI,Delivered,15,22,True,576.0,3
2836,11259,15,141,2026-06-26 22:55:00,2026-06-26 23:00:00,2026-06-26 23:07:00,UPI,Delivered,15,12,False,1680.0,7
2837,40035,15,141,2026-06-22 12:06:00,2026-06-22 12:09:00,2026-06-22 12:19:00,UPI,Cancelled,15,13,False,2323.0,11
2838,33279,17,2,2026-06-10 21:11:00,2026-06-10 21:14:00,2026-06-10 21:25:00,UPI,Delivered,15,14,False,1730.0,9
2839,20578,4,167,2026-06-03 18:09:00,2026-06-03 18:13:00,2026-06-03 18:27:00,UPI,Delivered,15,18,True,2945.0,11
2840,17836,2,14,2026-06-16 21:48:00,2026-06-16 21:50:00,2026-06-16 21:58:00,UPI,Delivered,15,10,False,2685.0,9
2841,11230,10,129,2026-06-20 21:41:00,2026-06-20 21:45:00,2026-06-20 21:53:00,UPI,Cancelled,15,12,False,1536.0,7
2842,37931,2,189,2026-06-11 19:21:00,2026-06-11 19:26:00,2026-06-11 19:46:00,COD,Delivered,15,25,True,3511.0,12
2843,21945,16,179,2026-06-02 18:09:00,2026-06-02 18:14:00,2026-06-02 18:23:00,COD,Delivered,15,14,False,150.0,2
2844,23613,11,25,2026-06-16 20:15:00,2026-06-16 20:20:00,2026-06-16 20:38:00,UPI,Delivered,15,23,True,2584.0,8
2845,13530,19,91,2026-06-17 22:01:00,2026-06-17 22:04:00,2026-06-17 22:15:00,UPI,Delivered,15,14,False,1835.0,9
2846,23057,9,96,2026-06-21 22:13:00,2026-06-21 22:15:00,2026-06-21 22:24:00,Card,Delivered,15,11,False,456.0,4
2847,45836,15,163,2026-06-19 19:21:00,2026-06-19 19:26:00,2026-06-19 19:46:00,UPI,Delivered,15,25,True,812.0,3
2848,37090,12,194,2026-06-22 21:49:00,2026-06-22 21:54:00,2026-06-22 22:02:00,UPI,Delivered,15,13,False,2669.0,11
2849,10531,17,3,2026-06-27 14:52:00,2026-06-27 14:55:00,2026-06-27 15:06:00,Card,Delivered,15,14,False,1420.0,5
2850,12743,17,30,2026-06-30 10:57:00,2026-06-30 10:59:00,2026-06-30 11:12:00,UPI,Delivered,15,15,False,350.0,2
2851,44855,10,129,2026-06-25 20:07:00,2026-06-25 20:09:00,2026-06-25 20:23:00,Card,Delivered,15,16,True,1810.0,8
2852,29070,4,167,2026-06-02 09:26:00,2026-06-02 09:30:00,2026-06-02 09:42:00,UPI,Delivered,15,16,True,573.0,7
2853,44825,19,113,2026-06-05 09:01:00,2026-06-05 09:04:00,2026-06-05 09:12:00,UPI,Delivered,15,11,False,1246.0,7
2854,27037,15,156,2026-06-29 18:11:00,2026-06-29 18:15:00,2026-06-29 18:29:00,Card,Delivered,15,18,True,1699.0,7
2855,38970,2,188,2026-06-21 21:05:00,2026-06-21 21:07:00,2026-06-21 21:19:00,UPI,Delivered,15,14,False,340.0,2
2856,33647,5,153,2026-06-24 14:08:00,2026-06-24 14:10:00,2026-06-24 14:24:00,Card,Delivered,15,16,True,830.0,4
2857,38344,14,130,2026-06-11 21:28:00,2026-06-11 21:33:00,2026-06-11 21:40:00,Card,Delivered,15,12,False,1485.0,5
2858,44141,3,94,2026-06-07 08:15:00,2026-06-07 08:18:00,2026-06-07 08:29:00,Card,Delivered,15,14,False,910.0,4
2859,30637,7,74,2026-06-25 14:06:00,2026-06-25 14:08:00,2026-06-25 14:18:00,UPI,Delivered,15,12,False,435.0,1
2860,25226,18,192,2026-06-14 19:10:00,2026-06-14 19:15:00,2026-06-14 19:28:00,UPI,Delivered,15,18,True,1363.0,8
2861,19163,8,120,2026-06-10 14:13:00,2026-06-10 14:16:00,2026-06-10 14:29:00,Card,Delivered,15,16,True,1270.0,8
2862,26191,18,117,2026-06-22 20:13:00,2026-06-22 20:16:00,2026-06-22 20:36:00,UPI,Delivered,15,23,True,2657.0,11
2863,31950,4,167,2026-06-10 18:47:00,2026-06-10 18:51:00,2026-06-10 19:01:00,COD,Delivered,15,14,False,2574.0,10
2864,34024,17,106,2026-06-25 11:47:00,2026-06-25 11:50:00,2026-06-25 12:01:00,UPI,Delivered,15,14,False,1207.0,5
2865,17399,3,94,2026-06-20 21:32:00,2026-06-20 21:34:00,2026-06-20 21:43:00,UPI,Delivered,15,11,False,1204.0,9
2866,23316,7,108,2026-06-16 19:31:00,2026-06-16 19:35:00,2026-06-16 19:58:00,Wallet,Cancelled,15,27,True,301.0,1
2867,37388,9,31,2026-06-24 12:50:00,2026-06-24 12:52:00,2026-06-24 13:08:00,UPI,Delivered,15,18,True,1770.0,8
2868,46092,16,199,2026-06-15 19:42:00,2026-06-15 19:47:00,2026-06-15 20:03:00,UPI,Delivered,15,21,True,1948.0,10
2869,15679,10,196,2026-06-23 13:50:00,2026-06-23 13:52:00,2026-06-23 14:07:00,UPI,Delivered,15,17,True,932.0,7
2870,21172,14,197,2026-06-02 21:14:00,2026-06-02 21:16:00,2026-06-02 21:27:00,UPI,Delivered,15,13,False,312.0,1
2871,27654,3,94,2026-06-21 18:52:00,2026-06-21 18:57:00,2026-06-21 19:05:00,COD,Returned,15,13,False,2400.0,9
2872,22831,15,180,2026-06-02 14:58:00,2026-06-02 15:02:00,2026-06-02 15:12:00,COD,Delivered,15,14,False,2820.0,9
2873,27862,5,193,2026-06-20 14:40:00,2026-06-20 14:45:00,2026-06-20 14:55:00,Wallet,Delivered,15,15,False,3465.0,11
2874,39312,4,175,2026-06-14 13:26:00,2026-06-14 13:29:00,2026-06-14 13:42:00,UPI,Delivered,15,16,True,2468.0,11
2875,36221,6,52,2026-06-11 14:10:00,2026-06-11 14:13:00,2026-06-11 14:24:00,UPI,Delivered,15,14,False,1028.0,4
2876,30409,18,1,2026-06-04 21:47:00,2026-06-04 21:52:00,2026-06-04 22:00:00,Card,Delivered,15,13,False,3778.0,11
2877,27581,14,169,2026-06-13 19:16:00,2026-06-13 19:21:00,2026-06-13 19:36:00,COD,Delivered,15,20,True,301.0,1
2878,44269,9,96,2026-06-19 13:36:00,2026-06-19 13:38:00,2026-06-19 13:57:00,UPI,Delivered,15,21,True,409.0,4
2879,16294,10,49,2026-06-09 20:17:00,2026-06-09 20:19:00,2026-06-09 20:33:00,UPI,Delivered,15,16,True,84.0,3
2880,34248,7,22,2026-06-21 12:18:00,2026-06-21 12:21:00,2026-06-21 12:32:00,COD,Delivered,15,14,False,339.0,3
2881,31416,17,3,2026-06-09 18:23:00,2026-06-09 18:27:00,2026-06-09 18:33:00,UPI,Delivered,15,10,False,3140.0,11
2882,29241,3,159,2026-06-01 12:44:00,2026-06-01 12:48:00,2026-06-01 12:57:00,UPI,Cancelled,15,13,False,276.0,1
2883,12203,10,47,2026-06-04 22:58:00,2026-06-04 23:00:00,2026-06-04 23:12:00,UPI,Delivered,15,14,False,1742.0,7
2884,39998,12,4,2026-06-09 20:07:00,2026-06-09 20:10:00,2026-06-09 20:22:00,UPI,Delivered,15,15,False,2152.0,10
2885,10325,4,157,2026-06-25 13:15:00,2026-06-25 13:19:00,2026-06-25 13:35:00,UPI,Delivered,15,20,True,1332.0,8
2886,12651,9,96,2026-06-29 21:49:00,2026-06-29 21:53:00,2026-06-29 22:05:00,UPI,Delivered,15,16,True,120.0,1
2887,33888,10,67,2026-06-19 12:49:00,2026-06-19 12:52:00,2026-06-19 13:05:00,UPI,Delivered,15,16,True,2368.0,10
2888,19263,12,146,2026-06-13 18:34:00,2026-06-13 18:37:00,2026-06-13 18:50:00,UPI,Delivered,15,16,True,1107.0,7
2889,24202,9,31,2026-06-07 21:28:00,2026-06-07 21:30:00,2026-06-07 21:41:00,Card,Delivered,15,13,False,2793.0,10
2890,29091,14,130,2026-06-27 12:32:00,2026-06-27 12:35:00,2026-06-27 12:46:00,Card,Delivered,15,14,False,1081.0,5
2891,11468,13,61,2026-06-01 10:06:00,2026-06-01 10:10:00,2026-06-01 10:19:00,UPI,Delivered,15,13,False,281.0,1
2892,16532,12,135,2026-06-21 19:40:00,2026-06-21 19:43:00,2026-06-21 20:01:00,UPI,Delivered,15,21,True,612.0,3
2893,45359,16,199,2026-06-15 22:34:00,2026-06-15 22:38:00,2026-06-15 22:46:00,Wallet,Delivered,15,12,False,773.0,4
2894,27311,16,179,2026-06-19 20:25:00,2026-06-19 20:29:00,2026-06-19 20:52:00,Card,Delivered,15,27,True,1056.0,8
2895,46763,15,187,2026-06-02 18:44:00,2026-06-02 18:47:00,2026-06-02 18:56:00,Card,Delivered,15,12,False,2502.0,10
2896,13582,5,37,2026-06-20 09:58:00,2026-06-20 10:03:00,2026-06-20 10:10:00,Card,Delivered,15,12,False,1846.0,6
2897,48657,12,86,2026-06-06 10:18:00,2026-06-06 10:22:00,2026-06-06 10:34:00,UPI,Delivered,15,16,True,534.0,3
2898,14716,3,87,2026-06-30 15:24:00,2026-06-30 15:26:00,2026-06-30 15:39:00,COD,Delivered,15,15,False,1620.0,7
2899,32040,1,88,2026-06-08 18:20:00,2026-06-08 18:24:00,2026-06-08 18:31:00,Wallet,Returned,15,11,False,426.0,2
2900,18434,14,132,2026-06-25 18:26:00,2026-06-25 18:31:00,2026-06-25 18:40:00,Wallet,Delivered,15,14,False,1294.0,9
2901,43242,18,140,2026-06-21 18:40:00,2026-06-21 18:42:00,2026-06-21 18:57:00,Card,Delivered,15,17,True,1266.0,7
2902,43573,9,133,2026-06-16 21:48:00,2026-06-16 21:53:00,2026-06-16 22:01:00,UPI,Delivered,15,13,False,471.0,5
2903,40988,20,93,2026-06-20 20:59:00,2026-06-20 21:01:00,2026-06-20 21:07:00,Wallet,Delivered,15,8,False,1885.0,6
2904,48726,15,156,2026-06-18 21:05:00,2026-06-18 21:07:00,2026-06-18 21:19:00,COD,Delivered,15,14,False,2215.0,11
2905,43908,8,152,2026-06-19 13:55:00,2026-06-19 14:00:00,2026-06-19 14:12:00,Card,Delivered,15,17,True,2416.0,7
2906,17001,8,152,2026-06-26 14:31:00,2026-06-26 14:33:00,2026-06-26 14:47:00,UPI,Delivered,15,16,True,3130.0,11
2907,14459,13,116,2026-06-15 18:16:00,2026-06-15 18:21:00,2026-06-15 18:29:00,Card,Cancelled,15,13,False,1113.0,6
2908,32450,5,153,2026-06-12 12:28:00,2026-06-12 12:32:00,2026-06-12 12:44:00,UPI,Delivered,15,16,True,718.0,4
2909,25420,16,179,2026-06-23 20:43:00,2026-06-23 20:47:00,2026-06-23 21:02:00,UPI,Delivered,15,19,True,992.0,5
2910,46253,12,18,2026-06-24 19:03:00,2026-06-24 19:08:00,2026-06-24 19:23:00,Card,Delivered,15,20,True,2693.0,10
2911,10889,20,79,2026-06-22 11:03:00,2026-06-22 11:08:00,2026-06-22 11:16:00,Card,Delivered,15,13,False,84.0,1
2912,36171,5,123,2026-06-07 22:09:00,2026-06-07 22:11:00,2026-06-07 22:20:00,COD,Delivered,15,11,False,1557.0,6
2913,42109,14,132,2026-06-10 20:00:00,2026-06-10 20:05:00,2026-06-10 20:17:00,UPI,Cancelled,15,17,True,1671.0,10
2914,14931,13,174,2026-06-01 09:49:00,2026-06-01 09:53:00,2026-06-01 10:05:00,UPI,Delivered,15,16,True,690.0,3
2915,24490,8,152,2026-06-28 13:11:00,2026-06-28 13:16:00,2026-06-28 13:26:00,Card,Delivered,15,15,False,885.0,3
2916,45513,11,104,2026-06-01 21:30:00,2026-06-01 21:34:00,2026-06-01 21:43:00,Card,Cancelled,15,13,False,680.0,2
2917,30036,14,131,2026-06-15 19:52:00,2026-06-15 19:54:00,2026-06-15 20:07:00,UPI,Delivered,15,15,False,1226.0,4
2918,40842,7,74,2026-06-25 12:09:00,2026-06-25 12:13:00,2026-06-25 12:27:00,Wallet,Delivered,15,18,True,674.0,4
2919,46503,6,52,2026-06-23 19:05:00,2026-06-23 19:09:00,2026-06-23 19:17:00,Wallet,Delivered,15,12,False,1021.0,5
2920,15273,18,117,2026-06-22 11:07:00,2026-06-22 11:09:00,2026-06-22 11:22:00,Card,Delivered,15,15,False,2264.0,8
2921,15974,13,13,2026-06-24 19:14:00,2026-06-24 19:17:00,2026-06-24 19:32:00,COD,Delivered,15,18,True,203.0,1
2922,40818,14,132,2026-06-23 20:00:00,2026-06-23 20:03:00,2026-06-23 20:22:00,UPI,Delivered,15,22,True,630.0,7
2923,35610,1,46,2026-06-08 20:30:00,2026-06-08 20:33:00,2026-06-08 20:44:00,UPI,Delivered,15,14,False,3085.0,10
2924,14872,8,120,2026-06-24 18:30:00,2026-06-24 18:34:00,2026-06-24 18:47:00,Card,Cancelled,15,17,True,2695.0,8
2925,28307,7,75,2026-06-27 12:25:00,2026-06-27 12:30:00,2026-06-27 12:42:00,Wallet,Cancelled,15,17,True,54.0,3
2926,21851,10,32,2026-06-15 11:35:00,2026-06-15 11:39:00,2026-06-15 11:49:00,UPI,Delivered,15,14,False,411.0,1
2927,26254,7,75,2026-06-26 20:36:00,2026-06-26 20:41:00,2026-06-26 20:48:00,UPI,Delivered,15,12,False,902.0,6
2928,25392,12,39,2026-06-28 09:21:00,2026-06-28 09:26:00,2026-06-28 09:35:00,UPI,Delivered,15,14,False,1878.0,6
2929,32257,11,103,2026-06-09 20:02:00,2026-06-09 20:04:00,2026-06-09 20:23:00,UPI,Delivered,15,21,True,44.0,2
2930,31148,2,109,2026-06-30 20:51:00,2026-06-30 20:53:00,2026-06-30 21:12:00,UPI,Delivered,15,21,True,2447.0,9
2931,47058,14,197,2026-06-20 12:04:00,2026-06-20 12:07:00,2026-06-20 12:15:00,UPI,Delivered,15,11,False,1568.0,7
2932,28594,19,91,2026-06-04 20:10:00,2026-06-04 20:13:00,2026-06-04 20:34:00,COD,Returned,15,24,True,201.0,3
2933,48074,2,50,2026-06-01 20:38:00,2026-06-01 20:40:00,2026-06-01 20:57:00,Card,Delivered,15,19,True,2951.0,11
2934,41129,13,116,2026-06-18 13:22:00,2026-06-18 13:26:00,2026-06-18 13:35:00,UPI,Delivered,15,13,False,2709.0,12
2935,26138,4,77,2026-06-28 09:02:00,2026-06-28 09:04:00,2026-06-28 09:14:00,Card,Delivered,15,12,False,820.0,2
2936,33372,12,86,2026-06-16 10:30:00,2026-06-16 10:33:00,2026-06-16 10:45:00,Card,Delivered,15,15,False,925.0,5
2937,21113,19,177,2026-06-15 21:11:00,2026-06-15 21:13:00,2026-06-15 21:21:00,UPI,Delivered,15,10,False,264.0,1
2938,28597,14,130,2026-06-25 12:46:00,2026-06-25 12:49:00,2026-06-25 13:04:00,UPI,Delivered,15,18,True,2427.0,10
2939,37649,12,86,2026-06-15 17:07:00,2026-06-15 17:09:00,2026-06-15 17:22:00,UPI,Delivered,15,15,False,941.0,4
2940,49804,3,159,2026-06-07 13:24:00,2026-06-07 13:28:00,2026-06-07 13:44:00,COD,Delivered,15,20,True,321.0,1
2941,44034,13,161,2026-06-25 21:10:00,2026-06-25 21:14:00,2026-06-25 21:23:00,Card,Delivered,15,13,False,458.0,4
2942,41143,17,106,2026-06-04 22:45:00,2026-06-04 22:48:00,2026-06-04 22:57:00,UPI,Delivered,15,12,False,346.0,1
2943,27283,20,11,2026-06-09 09:12:00,2026-06-09 09:16:00,2026-06-09 09:25:00,UPI,Delivered,15,13,False,1787.0,6
2944,19724,4,70,2026-06-01 12:19:00,2026-06-01 12:23:00,2026-06-01 12:40:00,Card,Cancelled,15,21,True,288.0,2
2945,12827,8,152,2026-06-10 17:52:00,2026-06-10 17:56:00,2026-06-10 18:04:00,UPI,Cancelled,15,12,False,793.0,7
2946,34708,2,99,2026-06-25 19:39:00,2026-06-25 19:42:00,2026-06-25 20:05:00,UPI,Delivered,15,26,True,2203.0,11
2947,23929,15,163,2026-06-21 17:27:00,2026-06-21 17:31:00,2026-06-21 17:42:00,Card,Delivered,15,15,False,2933.0,10
2948,48815,11,25,2026-06-08 19:22:00,2026-06-08 19:26:00,2026-06-08 19:43:00,UPI,Delivered,15,21,True,2058.0,7
2949,49974,11,184,2026-06-10 21:24:00,2026-06-10 21:29:00,2026-06-10 21:36:00,UPI,Delivered,15,12,False,3452.0,14
2950,21756,8,120,2026-06-21 14:22:00,2026-06-21 14:24:00,2026-06-21 14:39:00,COD,Returned,15,17,True,290.0,1
2951,10221,15,21,2026-06-24 20:49:00,2026-06-24 20:53:00,2026-06-24 21:18:00,Card,Delivered,15,29,True,1320.0,7
2952,43419,11,104,2026-06-02 09:45:00,2026-06-02 09:47:00,2026-06-02 10:00:00,Card,Delivered,15,15,False,1583.0,7
2953,12074,14,130,2026-06-24 13:54:00,2026-06-24 13:56:00,2026-06-24 14:05:00,Card,Delivered,15,11,False,2244.0,7
2954,13630,11,17,2026-06-07 22:08:00,2026-06-07 22:12:00,2026-06-07 22:23:00,Card,Delivered,15,15,False,2559.0,7
2955,49476,2,54,2026-06-01 20:48:00,2026-06-01 20:52:00,2026-06-01 21:02:00,UPI,Cancelled,15,14,False,1493.0,9
2956,40512,1,81,2026-06-01 17:09:00,2026-06-01 17:13:00,2026-06-01 17:20:00,UPI,Delivered,15,11,False,1173.0,6
2957,44907,8,152,2026-06-15 21:43:00,2026-06-15 21:48:00,2026-06-15 21:55:00,COD,Delivered,15,12,False,675.0,4
2958,29898,17,30,2026-06-30 14:38:00,2026-06-30 14:42:00,2026-06-30 14:52:00,UPI,Delivered,15,14,False,1381.0,5
2959,49898,9,31,2026-06-17 17:15:00,2026-06-17 17:17:00,2026-06-17 17:30:00,UPI,Delivered,15,15,False,960.0,3
2960,16257,16,155,2026-06-14 10:39:00,2026-06-14 10:43:00,2026-06-14 10:51:00,UPI,Delivered,15,12,False,2462.0,6
2961,30515,7,108,2026-06-22 15:13:00,2026-06-22 15:16:00,2026-06-22 15:26:00,Card,Delivered,15,13,False,1834.0,7
2962,13050,8,120,2026-06-18 20:32:00,2026-06-18 20:36:00,2026-06-18 20:54:00,COD,Cancelled,15,22,True,549.0,3
2963,45185,16,179,2026-06-29 08:46:00,2026-06-29 08:50:00,2026-06-29 08:59:00,UPI,Delivered,15,13,False,1067.0,5
2964,28293,7,158,2026-06-11 18:27:00,2026-06-11 18:30:00,2026-06-11 18:37:00,UPI,Delivered,15,10,False,1079.0,6
2965,36694,20,58,2026-06-29 22:18:00,2026-06-29 22:22:00,2026-06-29 22:32:00,COD,Delivered,15,14,False,500.0,2
2966,33212,7,74,2026-06-22 13:36:00,2026-06-22 13:38:00,2026-06-22 13:50:00,Card,Delivered,15,14,False,1298.0,4
2967,36502,11,9,2026-06-22 20:36:00,2026-06-22 20:38:00,2026-06-22 20:58:00,UPI,Cancelled,15,22,True,418.0,2
2968,28291,11,104,2026-06-13 14:44:00,2026-06-13 14:47:00,2026-06-13 14:57:00,Wallet,Cancelled,15,13,False,2379.0,13
2969,33822,6,60,2026-06-22 10:41:00,2026-06-22 10:43:00,2026-06-22 10:53:00,UPI,Delivered,15,12,False,964.0,7
2970,47688,8,152,2026-06-25 21:00:00,2026-06-25 21:05:00,2026-06-25 21:13:00,UPI,Delivered,15,13,False,3525.0,12
2971,46299,7,22,2026-06-13 19:28:00,2026-06-13 19:30:00,2026-06-13 19:47:00,Wallet,Delivered,15,19,True,1986.0,11
2972,39578,7,22,2026-06-08 22:26:00,2026-06-08 22:30:00,2026-06-08 22:41:00,UPI,Delivered,15,15,False,882.0,8
2973,15995,17,134,2026-06-18 21:17:00,2026-06-18 21:21:00,2026-06-18 21:35:00,COD,Delivered,15,18,True,1430.0,9
2974,44954,5,170,2026-06-11 20:58:00,2026-06-11 21:03:00,2026-06-11 21:21:00,UPI,Delivered,15,23,True,751.0,5
2975,28503,7,75,2026-06-18 21:12:00,2026-06-18 21:16:00,2026-06-18 21:25:00,Card,Delivered,15,13,False,2380.0,6
2976,33154,12,148,2026-06-09 18:37:00,2026-06-09 18:41:00,2026-06-09 18:52:00,UPI,Delivered,15,15,False,963.0,4
2977,19866,20,79,2026-06-08 18:49:00,2026-06-08 18:54:00,2026-06-08 19:05:00,UPI,Delivered,15,16,True,326.0,1
2978,34830,5,123,2026-06-23 20:40:00,2026-06-23 20:45:00,2026-06-23 21:00:00,Card,Delivered,15,20,True,247.0,3
2979,28378,12,85,2026-06-28 14:57:00,2026-06-28 15:01:00,2026-06-28 15:10:00,UPI,Delivered,15,13,False,770.0,3
2980,22910,12,41,2026-06-10 09:47:00,2026-06-10 09:51:00,2026-06-10 09:59:00,Card,Delivered,15,12,False,2038.0,10
2981,11198,14,130,2026-06-01 21:56:00,2026-06-01 21:58:00,2026-06-01 22:09:00,Wallet,Returned,15,13,False,468.0,3
2982,39268,9,164,2026-06-19 22:17:00,2026-06-19 22:19:00,2026-06-19 22:31:00,Card,Delivered,15,14,False,1629.0,6
2983,32106,7,108,2026-06-04 11:05:00,2026-06-04 11:10:00,2026-06-04 11:19:00,UPI,Delivered,15,14,False,270.0,1
2984,47114,8,120,2026-06-03 12:20:00,2026-06-03 12:25:00,2026-06-03 12:40:00,UPI,Delivered,15,20,True,1455.0,5
2985,43401,17,30,2026-06-16 15:41:00,2026-06-16 15:46:00,2026-06-16 15:52:00,Wallet,Delivered,15,11,False,493.0,5
2986,37078,1,88,2026-06-21 20:46:00,2026-06-21 20:49:00,2026-06-21 21:05:00,COD,Delivered,15,19,True,2697.0,10
2987,46443,14,197,2026-06-22 19:37:00,2026-06-22 19:42:00,2026-06-22 19:56:00,Wallet,Delivered,15,19,True,139.0,1
2988,15334,8,152,2026-06-11 18:17:00,2026-06-11 18:21:00,2026-06-11 18:30:00,UPI,Delivered,15,13,False,2755.0,12
2989,21215,15,187,2026-06-16 09:37:00,2026-06-16 09:39:00,2026-06-16 09:50:00,UPI,Delivered,15,13,False,1600.0,5
2990,36022,13,65,2026-06-29 22:50:00,2026-06-29 22:52:00,2026-06-29 23:03:00,UPI,Delivered,15,13,False,2428.0,13
2991,33409,12,4,2026-06-04 14:02:00,2026-06-04 14:06:00,2026-06-04 14:16:00,UPI,Delivered,15,14,False,1798.0,8
2992,28955,16,171,2026-06-08 09:56:00,2026-06-08 10:01:00,2026-06-08 10:07:00,UPI,Delivered,15,11,False,497.0,4
2993,46761,10,173,2026-06-25 20:10:00,2026-06-25 20:15:00,2026-06-25 20:35:00,Wallet,Delivered,15,25,True,1416.0,5
2994,37489,16,190,2026-06-29 19:56:00,2026-06-29 20:01:00,2026-06-29 20:20:00,COD,Returned,15,24,True,2233.0,8
2995,34193,7,38,2026-06-12 20:54:00,2026-06-12 20:56:00,2026-06-12 21:10:00,Card,Delivered,15,16,True,182.0,1
2996,18168,9,31,2026-06-18 20:11:00,2026-06-18 20:13:00,2026-06-18 20:26:00,UPI,Delivered,15,15,False,1686.0,9
2997,30640,14,68,2026-06-25 21:12:00,2026-06-25 21:15:00,2026-06-25 21:24:00,Card,Delivered,15,12,False,2891.0,13
2998,12664,11,103,2026-06-15 13:12:00,2026-06-15 13:16:00,2026-06-15 13:32:00,COD,Delivered,15,20,True,768.0,4
2999,38170,1,114,2026-06-03 21:23:00,2026-06-03 21:28:00,2026-06-03 21:40:00,Wallet,Delivered,15,17,True,2132.0,10
3000,44747,2,98,2026-06-07 18:29:00,2026-06-07 18:33:00,2026-06-07 18:46:00,Card,Delivered,15,17,True,408.0,1
3001,40912,1,121,2026-06-22 20:46:00,2026-06-22 20:50:00,2026-06-22 21:04:00,COD,Delivered,15,18,True,2798.0,13
3002,20026,11,184,2026-06-19 22:44:00,2026-06-19 22:49:00,2026-06-19 22:58:00,Card,Delivered,15,14,False,686.0,4
3003,26920,19,107,2026-06-13 21:26:00,2026-06-13 21:31:00,2026-06-13 21:39:00,UPI,Delivered,15,13,False,720.0,2
3004,42183,18,192,2026-06-14 20:03:00,2026-06-14 20:05:00,2026-06-14 20:27:00,UPI,Delivered,15,24,True,335.0,3
3005,28180,6,44,2026-06-03 12:33:00,2026-06-03 12:37:00,2026-06-03 12:48:00,Card,Delivered,15,15,False,602.0,2
3006,43255,1,57,2026-06-30 11:32:00,2026-06-30 11:36:00,2026-06-30 11:45:00,UPI,Delivered,15,13,False,1554.0,9
3007,41192,2,189,2026-06-18 19:38:00,2026-06-18 19:40:00,2026-06-18 19:59:00,Card,Delivered,15,21,True,825.0,3
3008,11265,10,173,2026-06-10 13:27:00,2026-06-10 13:29:00,2026-06-10 13:47:00,Wallet,Delivered,15,20,True,2262.0,9
3009,17045,18,117,2026-06-02 14:49:00,2026-06-02 14:52:00,2026-06-02 15:04:00,Wallet,Delivered,15,15,False,1788.0,9
3010,25954,5,151,2026-06-29 19:54:00,2026-06-29 19:56:00,2026-06-29 20:17:00,Card,Returned,15,23,True,1774.0,8
3011,17187,6,44,2026-06-10 19:46:00,2026-06-10 19:49:00,2026-06-10 20:02:00,Wallet,Delivered,15,16,True,2018.0,11
3012,16749,11,64,2026-06-12 20:08:00,2026-06-12 20:13:00,2026-06-12 20:24:00,UPI,Cancelled,15,16,True,2140.0,8
3013,37837,17,2,2026-06-25 20:12:00,2026-06-25 20:15:00,2026-06-25 20:37:00,UPI,Delivered,15,25,True,1889.0,7
3014,13170,1,81,2026-06-14 14:17:00,2026-06-14 14:21:00,2026-06-14 14:30:00,COD,Delivered,15,13,False,1434.0,14
3015,33863,4,63,2026-06-21 14:17:00,2026-06-21 14:22:00,2026-06-21 14:28:00,COD,Delivered,15,11,False,3380.0,13
3016,47405,16,179,2026-06-01 17:17:00,2026-06-01 17:21:00,2026-06-01 17:34:00,UPI,Cancelled,15,17,True,1987.0,9
3017,33936,8,29,2026-06-11 21:57:00,2026-06-11 22:01:00,2026-06-11 22:15:00,UPI,Delivered,15,18,True,2390.0,10
3018,48615,16,179,2026-06-24 21:57:00,2026-06-24 21:59:00,2026-06-24 22:12:00,UPI,Delivered,15,15,False,1214.0,8
3019,35918,3,159,2026-06-22 12:21:00,2026-06-22 12:26:00,2026-06-22 12:34:00,UPI,Delivered,15,13,False,387.0,3
3020,30740,12,86,2026-06-23 20:42:00,2026-06-23 20:47:00,2026-06-23 21:02:00,COD,Returned,15,20,True,2578.0,13
3021,48422,2,50,2026-06-05 14:12:00,2026-06-05 14:14:00,2026-06-05 14:29:00,UPI,Cancelled,15,17,True,1597.0,8
3022,44275,17,59,2026-06-25 13:06:00,2026-06-25 13:08:00,2026-06-25 13:25:00,UPI,Delivered,15,19,True,2441.0,9
3023,23975,17,59,2026-06-23 19:12:00,2026-06-23 19:17:00,2026-06-23 19:25:00,UPI,Delivered,15,13,False,2930.0,11
3024,49501,11,64,2026-06-11 19:39:00,2026-06-11 19:44:00,2026-06-11 19:53:00,UPI,Cancelled,15,14,False,954.0,6
3025,43329,5,123,2026-06-20 13:15:00,2026-06-20 13:18:00,2026-06-20 13:32:00,UPI,Delivered,15,17,True,1498.0,10
3026,42124,12,41,2026-06-21 18:17:00,2026-06-21 18:21:00,2026-06-21 18:29:00,COD,Delivered,15,12,False,418.0,2
3027,42376,14,68,2026-06-17 13:04:00,2026-06-17 13:07:00,2026-06-17 13:17:00,Card,Delivered,15,13,False,1434.0,9
3028,12567,12,148,2026-06-16 21:21:00,2026-06-16 21:26:00,2026-06-16 21:34:00,Card,Delivered,15,13,False,339.0,1
3029,13988,5,37,2026-06-29 12:59:00,2026-06-29 13:03:00,2026-06-29 13:15:00,UPI,Delivered,15,16,True,1797.0,7
3030,35366,19,118,2026-06-27 19:30:00,2026-06-27 19:35:00,2026-06-27 19:47:00,COD,Delivered,15,17,True,833.0,3
3031,23573,2,136,2026-06-15 20:38:00,2026-06-15 20:40:00,2026-06-15 20:58:00,UPI,Delivered,15,20,True,306.0,3
3032,20501,7,158,2026-06-22 20:28:00,2026-06-22 20:30:00,2026-06-22 20:48:00,Card,Delivered,15,20,True,519.0,3
3033,17901,18,140,2026-06-24 20:19:00,2026-06-24 20:24:00,2026-06-24 20:36:00,UPI,Delivered,15,17,True,986.0,6
3034,17563,4,8,2026-06-19 19:46:00,2026-06-19 19:50:00,2026-06-19 19:58:00,COD,Delivered,15,12,False,1261.0,10
3035,26854,7,74,2026-06-21 19:13:00,2026-06-21 19:15:00,2026-06-21 19:36:00,Wallet,Delivered,15,23,True,3099.0,13
3036,44987,15,180,2026-06-28 15:08:00,2026-06-28 15:12:00,2026-06-28 15:18:00,Wallet,Delivered,15,10,False,806.0,5
3037,30126,15,21,2026-06-06 22:27:00,2026-06-06 22:31:00,2026-06-06 22:41:00,UPI,Delivered,15,14,False,624.0,4
3038,14211,19,48,2026-06-03 22:27:00,2026-06-03 22:31:00,2026-06-03 22:39:00,COD,Delivered,15,12,False,1567.0,6
3039,48229,2,50,2026-06-27 10:59:00,2026-06-27 11:02:00,2026-06-27 11:13:00,Card,Delivered,15,14,False,1668.0,9
3040,37259,20,176,2026-06-15 13:15:00,2026-06-15 13:18:00,2026-06-15 13:31:00,Card,Delivered,15,16,True,1446.0,5
3041,49743,13,65,2026-06-07 18:42:00,2026-06-07 18:44:00,2026-06-07 18:57:00,UPI,Delivered,15,15,False,2143.0,11
3042,41592,5,193,2026-06-01 21:57:00,2026-06-01 21:59:00,2026-06-01 22:11:00,UPI,Delivered,15,14,False,824.0,2
3043,31929,18,1,2026-06-05 20:38:00,2026-06-05 20:41:00,2026-06-05 20:53:00,COD,Delivered,15,15,False,435.0,1
3044,25445,4,175,2026-06-25 19:47:00,2026-06-25 19:50:00,2026-06-25 20:07:00,UPI,Delivered,15,20,True,625.0,4
3045,20381,4,8,2026-06-23 15:55:00,2026-06-23 16:00:00,2026-06-23 16:09:00,UPI,Delivered,15,14,False,2647.0,8
3046,43416,20,127,2026-06-13 14:27:00,2026-06-13 14:29:00,2026-06-13 14:43:00,UPI,Delivered,15,16,True,1264.0,5
3047,10746,13,65,2026-06-08 20:53:00,2026-06-08 20:58:00,2026-06-08 21:12:00,UPI,Delivered,15,19,True,1040.0,3
3048,28461,15,62,2026-06-24 19:07:00,2026-06-24 19:09:00,2026-06-24 19:29:00,COD,Delivered,15,22,True,2245.0,10
3049,43203,8,120,2026-06-08 14:33:00,2026-06-08 14:36:00,2026-06-08 14:47:00,UPI,Cancelled,15,14,False,604.0,5
3050,32644,8,29,2026-06-23 21:17:00,2026-06-23 21:20:00,2026-06-23 21:30:00,UPI,Delivered,15,13,False,708.0,4
3051,49488,1,137,2026-06-11 19:13:00,2026-06-11 19:16:00,2026-06-11 19:36:00,UPI,Delivered,15,23,True,1663.0,7
3052,32532,9,144,2026-06-02 12:29:00,2026-06-02 12:32:00,2026-06-02 12:41:00,UPI,Delivered,15,12,False,1243.0,6
3053,34291,4,8,2026-06-13 10:01:00,2026-06-13 10:03:00,2026-06-13 10:13:00,Wallet,Delivered,15,12,False,2110.0,7
3054,38524,8,152,2026-06-12 20:25:00,2026-06-12 20:29:00,2026-06-12 20:43:00,UPI,Delivered,15,18,True,3158.0,8
3055,33747,15,21,2026-06-06 20:23:00,2026-06-06 20:27:00,2026-06-06 20:50:00,UPI,Delivered,15,27,True,1316.0,5
3056,29983,18,105,2026-06-19 20:56:00,2026-06-19 21:00:00,2026-06-19 21:12:00,UPI,Delivered,15,16,True,1923.0,9
3057,31211,14,132,2026-06-26 15:21:00,2026-06-26 15:25:00,2026-06-26 15:34:00,Card,Delivered,15,13,False,1215.0,8
3058,17702,19,91,2026-06-02 13:37:00,2026-06-02 13:40:00,2026-06-02 13:55:00,UPI,Delivered,15,18,True,173.0,3
3059,36028,2,54,2026-06-12 21:29:00,2026-06-12 21:33:00,2026-06-12 21:43:00,UPI,Delivered,15,14,False,1535.0,6
3060,30114,12,148,2026-06-05 21:03:00,2026-06-05 21:06:00,2026-06-05 21:14:00,UPI,Delivered,15,11,False,1795.0,12
3061,44246,17,2,2026-06-20 12:56:00,2026-06-20 13:00:00,2026-06-20 13:16:00,Card,Delivered,15,20,True,1135.0,5
3062,36209,17,134,2026-06-22 20:15:00,2026-06-22 20:17:00,2026-06-22 20:35:00,COD,Delivered,15,20,True,1607.0,8
3063,35025,4,63,2026-06-20 14:34:00,2026-06-20 14:39:00,2026-06-20 14:49:00,UPI,Delivered,15,15,False,2454.0,12
3064,12663,9,144,2026-06-15 13:43:00,2026-06-15 13:45:00,2026-06-15 14:02:00,UPI,Delivered,15,19,True,2424.0,6
3065,47772,20,176,2026-06-01 20:32:00,2026-06-01 20:35:00,2026-06-01 20:58:00,UPI,Cancelled,15,26,True,2041.0,7
3066,33503,2,109,2026-06-01 15:49:00,2026-06-01 15:51:00,2026-06-01 16:03:00,COD,Delivered,15,14,False,1332.0,7
3067,17690,13,161,2026-06-30 19:39:00,2026-06-30 19:44:00,2026-06-30 19:56:00,UPI,Returned,15,17,True,120.0,2
3068,44076,9,164,2026-06-21 14:09:00,2026-06-21 14:11:00,2026-06-21 14:22:00,UPI,Delivered,15,13,False,1208.0,6
3069,11291,15,156,2026-06-10 19:14:00,2026-06-10 19:18:00,2026-06-10 19:39:00,Card,Returned,15,25,True,1057.0,6
3070,25044,11,43,2026-06-07 22:46:00,2026-06-07 22:49:00,2026-06-07 23:03:00,UPI,Delivered,15,17,True,1726.0,8
3071,14304,2,50,2026-06-23 10:44:00,2026-06-23 10:49:00,2026-06-23 10:56:00,COD,Delivered,15,12,False,253.0,1
3072,42052,9,96,2026-06-15 18:08:00,2026-06-15 18:13:00,2026-06-15 18:23:00,UPI,Delivered,15,15,False,1776.0,7
3073,26875,16,171,2026-06-21 20:22:00,2026-06-21 20:27:00,2026-06-21 20:41:00,UPI,Delivered,15,19,True,1492.0,8
3074,15754,11,25,2026-06-01 12:43:00,2026-06-01 12:48:00,2026-06-01 13:02:00,UPI,Delivered,15,19,True,2400.0,8
3075,19298,20,84,2026-06-01 19:04:00,2026-06-01 19:08:00,2026-06-01 19:19:00,UPI,Delivered,15,15,False,2102.0,10
3076,23330,13,13,2026-06-18 19:21:00,2026-06-18 19:25:00,2026-06-18 19:42:00,UPI,Cancelled,15,21,True,1583.0,5
3077,26735,17,2,2026-06-09 19:59:00,2026-06-09 20:02:00,2026-06-09 20:18:00,Card,Delivered,15,19,True,966.0,5
3078,38645,12,85,2026-06-24 21:45:00,2026-06-24 21:47:00,2026-06-24 22:01:00,UPI,Delivered,15,16,True,2491.0,9
3079,34668,3,69,2026-06-24 13:29:00,2026-06-24 13:31:00,2026-06-24 13:46:00,UPI,Delivered,15,17,True,1570.0,9
3080,46673,16,199,2026-06-15 21:34:00,2026-06-15 21:37:00,2026-06-15 21:47:00,COD,Delivered,15,13,False,1176.0,5
3081,11149,2,109,2026-06-09 14:24:00,2026-06-09 14:29:00,2026-06-09 14:38:00,Wallet,Delivered,15,14,False,274.0,1
3082,25696,19,110,2026-06-16 18:46:00,2026-06-16 18:49:00,2026-06-16 19:00:00,UPI,Delivered,15,14,False,1200.0,5
3083,21859,16,190,2026-06-01 11:57:00,2026-06-01 12:00:00,2026-06-01 12:09:00,UPI,Delivered,15,12,False,2161.0,7
3084,37624,20,72,2026-06-15 19:16:00,2026-06-15 19:18:00,2026-06-15 19:31:00,Wallet,Delivered,15,15,False,2765.0,10
3085,27270,3,186,2026-06-25 21:38:00,2026-06-25 21:42:00,2026-06-25 21:55:00,Card,Delivered,15,17,True,542.0,5
3086,48217,5,123,2026-06-18 19:54:00,2026-06-18 19:59:00,2026-06-18 20:15:00,Wallet,Delivered,15,21,True,1888.0,5
3087,49882,7,101,2026-06-12 18:24:00,2026-06-12 18:26:00,2026-06-12 18:40:00,UPI,Cancelled,15,16,True,380.0,2
3088,23135,17,2,2026-06-23 14:23:00,2026-06-23 14:25:00,2026-06-23 14:37:00,Wallet,Delivered,15,14,False,2080.0,6
3089,26681,13,65,2026-06-14 19:00:00,2026-06-14 19:03:00,2026-06-14 19:22:00,COD,Delivered,15,22,True,2442.0,7
3090,15393,11,25,2026-06-09 18:41:00,2026-06-09 18:43:00,2026-06-09 18:55:00,Card,Delivered,15,14,False,2344.0,6
3091,46253,20,26,2026-06-17 21:42:00,2026-06-17 21:47:00,2026-06-17 21:56:00,Card,Delivered,15,14,False,2721.0,12
3092,43256,2,189,2026-06-08 21:15:00,2026-06-08 21:18:00,2026-06-08 21:29:00,Wallet,Delivered,15,14,False,2647.0,8
3093,45345,7,74,2026-06-17 13:49:00,2026-06-17 13:53:00,2026-06-17 14:12:00,UPI,Delivered,15,23,True,2964.0,12
3094,24045,1,92,2026-06-13 18:09:00,2026-06-13 18:11:00,2026-06-13 18:24:00,UPI,Returned,15,15,False,2460.0,7
3095,16870,11,103,2026-06-27 21:40:00,2026-06-27 21:42:00,2026-06-27 21:52:00,COD,Delivered,15,12,False,992.0,4
3096,24313,8,29,2026-06-07 18:25:00,2026-06-07 18:30:00,2026-06-07 18:39:00,Wallet,Delivered,15,14,False,1718.0,6
3097,16895,5,153,2026-06-15 21:00:00,2026-06-15 21:03:00,2026-06-15 21:14:00,UPI,Delivered,15,14,False,939.0,3
3098,25087,8,128,2026-06-24 20:23:00,2026-06-24 20:28:00,2026-06-24 20:39:00,UPI,Delivered,15,16,True,672.0,3
3099,37661,13,33,2026-06-02 19:37:00,2026-06-02 19:40:00,2026-06-02 19:55:00,UPI,Delivered,15,18,True,3649.0,11
3100,21740,1,88,2026-06-09 13:05:00,2026-06-09 13:10:00,2026-06-09 13:22:00,COD,Delivered,15,17,True,879.0,3
3101,43779,17,30,2026-06-03 20:47:00,2026-06-03 20:51:00,2026-06-03 21:10:00,COD,Delivered,15,23,True,141.0,3
3102,26442,19,160,2026-06-19 20:53:00,2026-06-19 20:58:00,2026-06-19 21:11:00,Wallet,Delivered,15,18,True,744.0,7
3103,47112,1,88,2026-06-24 22:09:00,2026-06-24 22:13:00,2026-06-24 22:25:00,UPI,Delivered,15,16,True,390.0,2
3104,40440,10,138,2026-06-28 21:59:00,2026-06-28 22:01:00,2026-06-28 22:11:00,UPI,Delivered,15,12,False,1383.0,7
3105,38975,2,28,2026-06-02 14:59:00,2026-06-02 15:03:00,2026-06-02 15:13:00,UPI,Delivered,15,14,False,1843.0,6
3106,40615,18,117,2026-06-09 12:48:00,2026-06-09 12:53:00,2026-06-09 13:08:00,Card,Delivered,15,20,True,439.0,1
3107,20114,6,23,2026-06-14 19:57:00,2026-06-14 19:59:00,2026-06-14 20:11:00,UPI,Delivered,15,14,False,1346.0,4
3108,35499,7,74,2026-06-16 12:46:00,2026-06-16 12:48:00,2026-06-16 13:08:00,UPI,Delivered,15,22,True,1676.0,7
3109,35260,19,200,2026-06-17 12:54:00,2026-06-17 12:58:00,2026-06-17 13:07:00,Wallet,Delivered,15,13,False,420.0,2
3110,17396,11,25,2026-06-24 12:17:00,2026-06-24 12:20:00,2026-06-24 12:35:00,UPI,Delivered,15,18,True,1605.0,10
3111,15362,19,97,2026-06-04 21:16:00,2026-06-04 21:19:00,2026-06-04 21:32:00,Card,Delivered,15,16,True,2460.0,9
3112,25243,2,20,2026-06-25 12:33:00,2026-06-25 12:38:00,2026-06-25 12:44:00,Wallet,Delivered,15,11,False,1106.0,7
3113,30261,10,145,2026-06-21 20:06:00,2026-06-21 20:11:00,2026-06-21 20:26:00,UPI,Delivered,15,20,True,1011.0,7
3114,40681,9,144,2026-06-15 21:33:00,2026-06-15 21:35:00,2026-06-15 21:45:00,UPI,Delivered,15,12,False,3249.0,9
3115,47622,4,167,2026-06-22 20:53:00,2026-06-22 20:57:00,2026-06-22 21:17:00,Card,Delivered,15,24,True,36.0,2
3116,12066,7,74,2026-06-24 20:15:00,2026-06-24 20:20:00,2026-06-24 20:27:00,UPI,Delivered,15,12,False,318.0,2
3117,20286,9,144,2026-06-08 11:39:00,2026-06-08 11:41:00,2026-06-08 11:54:00,UPI,Delivered,15,15,False,1085.0,5
3118,36973,15,187,2026-06-27 21:11:00,2026-06-27 21:13:00,2026-06-27 21:27:00,UPI,Delivered,15,16,True,1426.0,8
3119,20419,3,94,2026-06-12 14:39:00,2026-06-12 14:43:00,2026-06-12 14:54:00,UPI,Delivered,15,15,False,642.0,3
3120,45651,2,189,2026-06-03 11:57:00,2026-06-03 12:02:00,2026-06-03 12:06:00,UPI,Delivered,15,9,False,806.0,6
3121,15775,12,115,2026-06-21 22:39:00,2026-06-21 22:43:00,2026-06-21 22:54:00,Card,Delivered,15,15,False,1166.0,4
3122,13555,6,80,2026-06-15 18:08:00,2026-06-15 18:10:00,2026-06-15 18:22:00,UPI,Delivered,15,14,False,481.0,2
3123,17785,2,99,2026-06-16 09:18:00,2026-06-16 09:23:00,2026-06-16 09:28:00,Card,Delivered,15,10,False,702.0,2
3124,17751,20,127,2026-06-29 09:16:00,2026-06-29 09:18:00,2026-06-29 09:29:00,UPI,Delivered,15,13,False,67.0,1
3125,41592,13,174,2026-06-08 10:15:00,2026-06-08 10:17:00,2026-06-08 10:27:00,Card,Delivered,15,12,False,1082.0,4
3126,12369,15,141,2026-06-26 19:59:00,2026-06-26 20:02:00,2026-06-26 20:17:00,UPI,Delivered,15,18,True,679.0,5
3127,28851,1,137,2026-06-27 19:49:00,2026-06-27 19:52:00,2026-06-27 20:10:00,Card,Delivered,15,21,True,574.0,3
3128,16186,5,170,2026-06-30 10:18:00,2026-06-30 10:21:00,2026-06-30 10:30:00,UPI,Delivered,15,12,False,771.0,3
3129,49943,3,87,2026-06-04 19:21:00,2026-06-04 19:24:00,2026-06-04 19:42:00,UPI,Delivered,15,21,True,2194.0,8
3130,26339,12,85,2026-06-28 21:16:00,2026-06-28 21:20:00,2026-06-28 21:27:00,UPI,Delivered,15,11,False,1606.0,5
3131,15488,6,191,2026-06-20 15:31:00,2026-06-20 15:36:00,2026-06-20 15:47:00,UPI,Delivered,15,16,True,1221.0,3
3132,38670,18,1,2026-06-16 20:18:00,2026-06-16 20:21:00,2026-06-16 20:34:00,UPI,Delivered,15,16,True,1091.0,11
3133,13931,20,72,2026-06-08 20:36:00,2026-06-08 20:38:00,2026-06-08 20:58:00,UPI,Delivered,15,22,True,1476.0,5
3134,29624,8,29,2026-06-24 19:12:00,2026-06-24 19:14:00,2026-06-24 19:30:00,UPI,Delivered,15,18,True,1440.0,7
3135,26115,6,60,2026-06-12 09:22:00,2026-06-12 09:25:00,2026-06-12 09:36:00,UPI,Delivered,15,14,False,1902.0,8
3136,48074,15,163,2026-06-28 19:55:00,2026-06-28 20:00:00,2026-06-28 20:13:00,Card,Delivered,15,18,True,3099.0,8
3137,34638,2,99,2026-06-18 20:37:00,2026-06-18 20:40:00,2026-06-18 20:57:00,Card,Delivered,15,20,True,439.0,3
3138,30614,11,64,2026-06-09 17:56:00,2026-06-09 18:01:00,2026-06-09 18:11:00,UPI,Cancelled,15,15,False,1078.0,3
3139,46403,15,62,2026-06-17 19:35:00,2026-06-17 19:39:00,2026-06-17 19:56:00,Card,Delivered,15,21,True,1511.0,7
3140,22543,9,31,2026-06-04 19:32:00,2026-06-04 19:37:00,2026-06-04 19:47:00,UPI,Cancelled,15,15,False,2717.0,9
3141,26226,20,176,2026-06-21 14:42:00,2026-06-21 14:46:00,2026-06-21 14:56:00,Card,Cancelled,15,14,False,1017.0,8
3142,30977,18,117,2026-06-10 21:59:00,2026-06-10 22:04:00,2026-06-10 22:15:00,COD,Delivered,15,16,True,1161.0,6
3143,45200,15,141,2026-06-06 22:04:00,2026-06-06 22:09:00,2026-06-06 22:17:00,Card,Delivered,15,13,False,632.0,2
3144,48591,4,8,2026-06-20 20:29:00,2026-06-20 20:31:00,2026-06-20 20:50:00,Card,Delivered,15,21,True,1836.0,9
3145,39996,9,144,2026-06-28 14:04:00,2026-06-28 14:06:00,2026-06-28 14:21:00,Card,Delivered,15,17,True,844.0,4
3146,44871,20,5,2026-06-09 20:06:00,2026-06-09 20:10:00,2026-06-09 20:26:00,UPI,Delivered,15,20,True,1904.0,8
3147,11352,4,63,2026-06-01 14:16:00,2026-06-01 14:19:00,2026-06-01 14:27:00,UPI,Delivered,15,11,False,1543.0,8
3148,26290,20,55,2026-06-25 09:43:00,2026-06-25 09:45:00,2026-06-25 09:58:00,UPI,Delivered,15,15,False,936.0,6
3149,22513,5,170,2026-06-20 14:44:00,2026-06-20 14:48:00,2026-06-20 14:56:00,COD,Delivered,15,12,False,2332.0,8
3150,11609,4,63,2026-06-01 11:47:00,2026-06-01 11:51:00,2026-06-01 12:01:00,UPI,Delivered,15,14,False,845.0,5
3151,20885,11,43,2026-06-18 20:52:00,2026-06-18 20:57:00,2026-06-18 21:09:00,UPI,Delivered,15,17,True,790.0,5
3152,30932,1,92,2026-06-01 13:37:00,2026-06-01 13:42:00,2026-06-01 13:56:00,Card,Delivered,15,19,True,690.0,4
3153,15468,20,176,2026-06-27 19:41:00,2026-06-27 19:43:00,2026-06-27 20:01:00,Card,Delivered,15,20,True,1025.0,6
3154,32503,3,159,2026-06-23 22:43:00,2026-06-23 22:46:00,2026-06-23 22:57:00,Wallet,Delivered,15,14,False,2989.0,12
3155,21436,2,54,2026-06-07 20:57:00,2026-06-07 21:00:00,2026-06-07 21:14:00,COD,Delivered,15,17,True,1789.0,5
3156,31966,8,29,2026-06-12 20:39:00,2026-06-12 20:42:00,2026-06-12 21:05:00,Card,Delivered,15,26,True,1653.0,8
3157,49111,20,11,2026-06-21 20:08:00,2026-06-21 20:11:00,2026-06-21 20:32:00,COD,Delivered,15,24,True,2088.0,10
3158,34964,1,92,2026-06-23 13:35:00,2026-06-23 13:37:00,2026-06-23 13:52:00,UPI,Delivered,15,17,True,2287.0,8
3159,42304,8,29,2026-06-11 13:17:00,2026-06-11 13:22:00,2026-06-11 13:33:00,COD,Delivered,15,16,True,1852.0,6
3160,24811,2,66,2026-06-05 18:10:00,2026-06-05 18:13:00,2026-06-05 18:25:00,COD,Delivered,15,15,False,856.0,4
3161,27404,9,31,2026-06-17 18:57:00,2026-06-17 19:00:00,2026-06-17 19:10:00,UPI,Delivered,15,13,False,1880.0,7
3162,21160,15,187,2026-06-09 22:35:00,2026-06-09 22:37:00,2026-06-09 22:51:00,UPI,Returned,15,16,True,256.0,1
3163,25367,2,73,2026-06-20 19:52:00,2026-06-20 19:54:00,2026-06-20 20:08:00,Card,Delivered,15,16,True,1834.0,6
3164,22935,5,170,2026-06-02 18:30:00,2026-06-02 18:35:00,2026-06-02 18:43:00,COD,Delivered,15,13,False,135.0,3
3165,16923,10,183,2026-06-06 14:34:00,2026-06-06 14:38:00,2026-06-06 14:52:00,UPI,Delivered,15,18,True,2362.0,8
3166,16692,19,182,2026-06-24 19:55:00,2026-06-24 19:58:00,2026-06-24 20:14:00,UPI,Delivered,15,19,True,446.0,3
3167,41575,18,140,2026-06-04 11:44:00,2026-06-04 11:47:00,2026-06-04 11:57:00,COD,Delivered,15,13,False,806.0,9
3168,42148,4,125,2026-06-27 13:43:00,2026-06-27 13:48:00,2026-06-27 14:02:00,Wallet,Delivered,15,19,True,2632.0,9
3169,10143,4,175,2026-06-26 19:46:00,2026-06-26 19:51:00,2026-06-26 20:02:00,Card,Delivered,15,16,True,1512.0,10
3170,26462,6,80,2026-06-22 20:59:00,2026-06-22 21:04:00,2026-06-22 21:13:00,Wallet,Delivered,15,14,False,2147.0,14
3171,47155,15,141,2026-06-07 13:47:00,2026-06-07 13:51:00,2026-06-07 14:07:00,Card,Delivered,15,20,True,3074.0,9
3172,42682,11,104,2026-06-24 13:09:00,2026-06-24 13:14:00,2026-06-24 13:28:00,Card,Delivered,15,19,True,2250.0,9
3173,43713,5,151,2026-06-20 13:28:00,2026-06-20 13:32:00,2026-06-20 13:46:00,UPI,Delivered,15,18,True,1446.0,4
3174,17166,18,117,2026-06-02 20:59:00,2026-06-02 21:04:00,2026-06-02 21:10:00,Wallet,Delivered,15,11,False,3157.0,9
3175,21762,19,160,2026-06-16 11:50:00,2026-06-16 11:52:00,2026-06-16 12:03:00,UPI,Cancelled,15,13,False,40.0,1
3176,34574,6,6,2026-06-13 08:45:00,2026-06-13 08:49:00,2026-06-13 09:00:00,Card,Delivered,15,15,False,2085.0,7
3177,16681,14,197,2026-06-08 12:52:00,2026-06-08 12:57:00,2026-06-08 13:07:00,COD,Delivered,15,15,False,885.0,4
3178,30075,14,197,2026-06-23 20:11:00,2026-06-23 20:13:00,2026-06-23 20:33:00,UPI,Delivered,15,22,True,2719.0,9
3179,33981,13,161,2026-06-08 21:29:00,2026-06-08 21:34:00,2026-06-08 21:41:00,Card,Delivered,15,12,False,778.0,5
3180,31056,3,94,2026-06-20 12:09:00,2026-06-20 12:11:00,2026-06-20 12:22:00,UPI,Returned,15,13,False,1908.0,10
3181,16961,4,70,2026-06-10 21:33:00,2026-06-10 21:37:00,2026-06-10 21:43:00,UPI,Delivered,15,10,False,525.0,3
3182,26911,15,163,2026-06-22 14:51:00,2026-06-22 14:53:00,2026-06-22 15:01:00,Card,Delivered,15,10,False,2283.0,9
3183,12667,3,94,2026-06-24 10:27:00,2026-06-24 10:29:00,2026-06-24 10:40:00,UPI,Delivered,15,13,False,3227.0,11
3184,37955,14,68,2026-06-27 13:10:00,2026-06-27 13:13:00,2026-06-27 13:29:00,UPI,Delivered,15,19,True,1073.0,4
3185,19305,16,199,2026-06-28 12:07:00,2026-06-28 12:10:00,2026-06-28 12:26:00,Card,Delivered,15,19,True,675.0,3
3186,38817,4,8,2026-06-05 14:37:00,2026-06-05 14:41:00,2026-06-05 14:50:00,UPI,Delivered,15,13,False,2195.0,9
3187,46305,5,123,2026-06-07 18:57:00,2026-06-07 18:59:00,2026-06-07 19:12:00,UPI,Delivered,15,15,False,1236.0,4
3188,36969,1,114,2026-06-07 17:08:00,2026-06-07 17:12:00,2026-06-07 17:20:00,Wallet,Delivered,15,12,False,1951.0,8
3189,49596,1,121,2026-06-01 21:09:00,2026-06-01 21:14:00,2026-06-01 21:21:00,UPI,Delivered,15,12,False,692.0,2
3190,44442,7,75,2026-06-23 21:13:00,2026-06-23 21:16:00,2026-06-23 21:27:00,Card,Delivered,15,14,False,517.0,6
3191,31884,7,74,2026-06-05 11:11:00,2026-06-05 11:14:00,2026-06-05 11:24:00,COD,Delivered,15,13,False,1080.0,6
3192,43475,5,170,2026-06-25 20:25:00,2026-06-25 20:27:00,2026-06-25 20:39:00,UPI,Delivered,15,14,False,620.0,2
3193,23853,12,194,2026-06-05 19:17:00,2026-06-05 19:20:00,2026-06-05 19:36:00,Card,Returned,15,19,True,928.0,5
3194,32613,12,148,2026-06-17 22:01:00,2026-06-17 22:03:00,2026-06-17 22:13:00,COD,Delivered,15,12,False,387.0,3
3195,22097,9,96,2026-06-09 15:05:00,2026-06-09 15:10:00,2026-06-09 15:18:00,UPI,Delivered,15,13,False,1214.0,4
3196,13514,1,57,2026-06-19 21:24:00,2026-06-19 21:28:00,2026-06-19 21:35:00,UPI,Delivered,15,11,False,1649.0,10
3197,45909,15,62,2026-06-04 11:16:00,2026-06-04 11:19:00,2026-06-04 11:30:00,UPI,Delivered,15,14,False,1647.0,5
3198,40775,11,17,2026-06-09 13:30:00,2026-06-09 13:35:00,2026-06-09 13:49:00,Wallet,Delivered,15,19,True,748.0,4
3199,36747,5,35,2026-06-25 10:12:00,2026-06-25 10:16:00,2026-06-25 10:24:00,UPI,Delivered,15,12,False,938.0,4
3200,19083,16,199,2026-06-24 22:13:00,2026-06-24 22:17:00,2026-06-24 22:31:00,Card,Delivered,15,18,True,1386.0,10
3201,13556,18,27,2026-06-13 20:08:00,2026-06-13 20:11:00,2026-06-13 20:27:00,UPI,Cancelled,15,19,True,408.0,1
3202,27903,6,90,2026-06-12 12:58:00,2026-06-12 13:01:00,2026-06-12 13:19:00,Wallet,Delivered,15,21,True,1244.0,5
3203,37127,1,88,2026-06-16 20:31:00,2026-06-16 20:33:00,2026-06-16 20:58:00,UPI,Delivered,15,27,True,512.0,3
3204,10162,5,153,2026-06-17 21:58:00,2026-06-17 22:00:00,2026-06-17 22:11:00,UPI,Delivered,15,13,False,1770.0,7
3205,25725,18,1,2026-06-02 14:02:00,2026-06-02 14:07:00,2026-06-02 14:19:00,Card,Delivered,15,17,True,1866.0,8
3206,21695,17,59,2026-06-25 09:48:00,2026-06-25 09:50:00,2026-06-25 10:01:00,Card,Delivered,15,13,False,1864.0,6
3207,23812,4,70,2026-06-20 12:14:00,2026-06-20 12:19:00,2026-06-20 12:28:00,Card,Delivered,15,14,False,910.0,3
3208,13544,12,86,2026-06-29 14:09:00,2026-06-29 14:13:00,2026-06-29 14:26:00,COD,Delivered,15,17,True,2150.0,8
3209,19720,10,51,2026-06-01 21:45:00,2026-06-01 21:48:00,2026-06-01 22:00:00,Card,Delivered,15,15,False,414.0,2
3210,20168,2,99,2026-06-04 11:41:00,2026-06-04 11:46:00,2026-06-04 11:53:00,UPI,Delivered,15,12,False,913.0,4
3211,22050,13,13,2026-06-27 14:13:00,2026-06-27 14:17:00,2026-06-27 14:26:00,UPI,Delivered,15,13,False,429.0,2
3212,20245,11,104,2026-06-05 19:54:00,2026-06-05 19:57:00,2026-06-05 20:20:00,UPI,Delivered,15,26,True,1756.0,5
3213,40414,16,199,2026-06-21 19:35:00,2026-06-21 19:40:00,2026-06-21 19:52:00,UPI,Returned,15,17,True,1600.0,6
3214,24533,7,158,2026-06-12 19:20:00,2026-06-12 19:23:00,2026-06-12 19:42:00,UPI,Cancelled,15,22,True,1514.0,6
3215,46158,20,15,2026-06-03 20:22:00,2026-06-03 20:24:00,2026-06-03 20:43:00,UPI,Delivered,15,21,True,1621.0,5
3216,11634,2,189,2026-06-25 12:30:00,2026-06-25 12:34:00,2026-06-25 12:46:00,UPI,Delivered,15,16,True,852.0,4
3217,41961,18,140,2026-06-16 21:04:00,2026-06-16 21:06:00,2026-06-16 21:17:00,UPI,Cancelled,15,13,False,1100.0,5
3218,21796,18,172,2026-06-24 19:40:00,2026-06-24 19:43:00,2026-06-24 19:57:00,UPI,Delivered,15,17,True,177.0,3
3219,48567,12,39,2026-06-25 19:30:00,2026-06-25 19:32:00,2026-06-25 19:48:00,COD,Delivered,15,18,True,2633.0,7
3220,25521,19,113,2026-06-27 09:45:00,2026-06-27 09:47:00,2026-06-27 10:00:00,UPI,Delivered,15,15,False,825.0,4
3221,14690,15,163,2026-06-17 13:43:00,2026-06-17 13:46:00,2026-06-17 13:56:00,UPI,Delivered,15,13,False,706.0,2
3222,39257,11,25,2026-06-07 18:03:00,2026-06-07 18:06:00,2026-06-07 18:17:00,Wallet,Delivered,15,14,False,753.0,6
3223,28408,8,29,2026-06-16 20:51:00,2026-06-16 20:53:00,2026-06-16 21:12:00,UPI,Delivered,15,21,True,3528.0,12
3224,42000,8,120,2026-06-29 19:19:00,2026-06-29 19:22:00,2026-06-29 19:41:00,UPI,Delivered,15,22,True,91.0,1
3225,47683,1,92,2026-06-30 20:16:00,2026-06-30 20:20:00,2026-06-30 20:33:00,COD,Delivered,15,17,True,236.0,1
3226,47847,8,120,2026-06-14 11:38:00,2026-06-14 11:43:00,2026-06-14 11:50:00,UPI,Delivered,15,12,False,684.0,3
3227,36187,13,174,2026-06-05 21:14:00,2026-06-05 21:17:00,2026-06-05 21:27:00,COD,Delivered,15,13,False,757.0,6
3228,10706,10,67,2026-06-03 20:20:00,2026-06-03 20:24:00,2026-06-03 20:43:00,UPI,Delivered,15,23,True,1086.0,3
3229,34602,19,89,2026-06-06 11:55:00,2026-06-06 11:59:00,2026-06-06 12:07:00,UPI,Delivered,15,12,False,609.0,4
3230,25568,19,89,2026-06-07 18:40:00,2026-06-07 18:45:00,2026-06-07 18:55:00,UPI,Delivered,15,15,False,1463.0,6
3231,32073,12,194,2026-06-11 19:46:00,2026-06-11 19:49:00,2026-06-11 20:09:00,UPI,Delivered,15,23,True,2567.0,10
3232,29346,3,142,2026-06-09 14:17:00,2026-06-09 14:22:00,2026-06-09 14:28:00,COD,Delivered,15,11,False,1089.0,3
3233,26659,14,131,2026-06-26 19:36:00,2026-06-26 19:40:00,2026-06-26 19:56:00,UPI,Delivered,15,20,True,1077.0,3
3234,35861,18,1,2026-06-03 18:16:00,2026-06-03 18:19:00,2026-06-03 18:29:00,UPI,Delivered,15,13,False,3113.0,8
3235,24348,7,22,2026-06-12 19:44:00,2026-06-12 19:46:00,2026-06-12 20:06:00,Card,Delivered,15,22,True,3198.0,13
3236,45195,11,104,2026-06-13 19:09:00,2026-06-13 19:11:00,2026-06-13 19:30:00,UPI,Delivered,15,21,True,3587.0,13
3237,31011,12,41,2026-06-07 21:37:00,2026-06-07 21:40:00,2026-06-07 21:50:00,UPI,Returned,15,13,False,1792.0,5
3238,47982,2,45,2026-06-28 08:40:00,2026-06-28 08:45:00,2026-06-28 08:58:00,UPI,Delivered,15,18,True,1646.0,10
3239,28560,17,3,2026-06-11 21:06:00,2026-06-11 21:10:00,2026-06-11 21:24:00,Wallet,Delivered,15,18,True,2313.0,8
3240,40380,11,64,2026-06-07 22:34:00,2026-06-07 22:37:00,2026-06-07 22:48:00,UPI,Delivered,15,14,False,540.0,3
3241,18703,20,72,2026-06-26 20:16:00,2026-06-26 20:18:00,2026-06-26 20:39:00,UPI,Delivered,15,23,True,959.0,5
3242,11193,19,200,2026-06-30 12:21:00,2026-06-30 12:26:00,2026-06-30 12:34:00,UPI,Delivered,15,13,False,1599.0,7
3243,49507,11,103,2026-06-10 21:35:00,2026-06-10 21:40:00,2026-06-10 21:48:00,Wallet,Delivered,15,13,False,793.0,5
3244,42369,19,200,2026-06-29 20:55:00,2026-06-29 20:58:00,2026-06-29 21:11:00,UPI,Delivered,15,16,True,1658.0,7
3245,15851,3,87,2026-06-28 14:08:00,2026-06-28 14:12:00,2026-06-28 14:23:00,Card,Delivered,15,15,False,2004.0,11
3246,23238,4,167,2026-06-14 19:34:00,2026-06-14 19:37:00,2026-06-14 19:51:00,COD,Delivered,15,17,True,1242.0,7
3247,23031,19,89,2026-06-16 20:48:00,2026-06-16 20:52:00,2026-06-16 21:09:00,UPI,Delivered,15,21,True,1849.0,8
3248,34887,7,83,2026-06-04 21:05:00,2026-06-04 21:08:00,2026-06-04 21:18:00,UPI,Delivered,15,13,False,2363.0,8
3249,10653,15,187,2026-06-08 17:57:00,2026-06-08 18:00:00,2026-06-08 18:11:00,COD,Delivered,15,14,False,2333.0,8
3250,26675,9,164,2026-06-15 18:22:00,2026-06-15 18:26:00,2026-06-15 18:38:00,UPI,Returned,15,16,True,231.0,3
3251,17980,1,57,2026-06-24 17:25:00,2026-06-24 17:30:00,2026-06-24 17:36:00,Card,Delivered,15,11,False,549.0,3
3252,49026,18,27,2026-06-04 21:58:00,2026-06-04 22:03:00,2026-06-04 22:10:00,UPI,Delivered,15,12,False,1859.0,11
3253,43622,1,46,2026-06-16 21:06:00,2026-06-16 21:10:00,2026-06-16 21:20:00,UPI,Delivered,15,14,False,968.0,7
3254,37512,17,3,2026-06-20 19:58:00,2026-06-20 20:03:00,2026-06-20 20:18:00,UPI,Delivered,15,20,True,490.0,2
3255,49018,15,156,2026-06-11 09:44:00,2026-06-11 09:48:00,2026-06-11 09:57:00,Card,Delivered,15,13,False,1490.0,10
3256,19126,8,152,2026-06-20 21:16:00,2026-06-20 21:21:00,2026-06-20 21:31:00,UPI,Delivered,15,15,False,2792.0,11
3257,20223,14,197,2026-06-23 11:55:00,2026-06-23 11:57:00,2026-06-23 12:07:00,COD,Returned,15,12,False,692.0,3
3258,48665,1,36,2026-06-21 19:27:00,2026-06-21 19:31:00,2026-06-21 19:51:00,UPI,Delivered,15,24,True,2685.0,10
3259,26734,19,91,2026-06-26 11:14:00,2026-06-26 11:19:00,2026-06-26 11:25:00,UPI,Cancelled,15,11,False,3127.0,11
3260,15343,10,102,2026-06-03 19:05:00,2026-06-03 19:08:00,2026-06-03 19:26:00,UPI,Delivered,15,21,True,3239.0,10
3261,13109,2,54,2026-06-14 11:22:00,2026-06-14 11:25:00,2026-06-14 11:37:00,UPI,Delivered,15,15,False,482.0,4
3262,31547,18,172,2026-06-16 21:38:00,2026-06-16 21:43:00,2026-06-16 21:51:00,UPI,Delivered,15,13,False,828.0,5
3263,35448,14,68,2026-06-19 19:11:00,2026-06-19 19:15:00,2026-06-19 19:25:00,Wallet,Delivered,15,14,False,1934.0,11
3264,20434,12,19,2026-06-12 19:35:00,2026-06-12 19:39:00,2026-06-12 19:55:00,UPI,Delivered,15,20,True,198.0,2
3265,30352,4,125,2026-06-21 13:03:00,2026-06-21 13:05:00,2026-06-21 13:16:00,Card,Delivered,15,13,False,1925.0,10
3266,44907,1,92,2026-06-26 13:44:00,2026-06-26 13:46:00,2026-06-26 14:04:00,UPI,Delivered,15,20,True,1247.0,7
3267,42959,18,168,2026-06-06 14:14:00,2026-06-06 14:17:00,2026-06-06 14:26:00,COD,Delivered,15,12,False,2471.0,7
3268,15095,8,120,2026-06-28 20:41:00,2026-06-28 20:45:00,2026-06-28 20:58:00,UPI,Cancelled,15,17,True,1599.0,7
3269,25186,8,152,2026-06-28 21:15:00,2026-06-28 21:19:00,2026-06-28 21:27:00,UPI,Returned,15,12,False,494.0,4
3270,24479,4,167,2026-06-04 13:47:00,2026-06-04 13:50:00,2026-06-04 14:04:00,UPI,Delivered,15,17,True,1186.0,5
3271,27614,4,10,2026-06-11 09:00:00,2026-06-11 09:05:00,2026-06-11 09:14:00,UPI,Delivered,15,14,False,1590.0,11
3272,19236,12,18,2026-06-25 19:20:00,2026-06-25 19:25:00,2026-06-25 19:37:00,COD,Delivered,15,17,True,717.0,3
3273,21252,12,4,2026-06-18 20:13:00,2026-06-18 20:18:00,2026-06-18 20:25:00,UPI,Delivered,15,12,False,1707.0,8
3274,17998,18,140,2026-06-16 17:03:00,2026-06-16 17:06:00,2026-06-16 17:21:00,UPI,Delivered,15,18,True,2457.0,10
3275,18868,5,151,2026-06-03 13:40:00,2026-06-03 13:42:00,2026-06-03 14:02:00,UPI,Delivered,15,22,True,2032.0,9
3276,22761,12,115,2026-06-21 17:33:00,2026-06-21 17:36:00,2026-06-21 17:46:00,Card,Delivered,15,13,False,248.0,2
3277,48342,6,40,2026-06-27 18:32:00,2026-06-27 18:37:00,2026-06-27 18:45:00,COD,Delivered,15,13,False,1656.0,7
3278,24342,19,97,2026-06-17 13:41:00,2026-06-17 13:44:00,2026-06-17 14:00:00,COD,Delivered,15,19,True,1229.0,9
3279,30407,11,43,2026-06-24 14:17:00,2026-06-24 14:19:00,2026-06-24 14:29:00,COD,Delivered,15,12,False,1924.0,8
3280,41731,11,17,2026-06-23 12:56:00,2026-06-23 13:01:00,2026-06-23 13:09:00,UPI,Delivered,15,13,False,2943.0,10
3281,20747,14,131,2026-06-09 17:43:00,2026-06-09 17:47:00,2026-06-09 17:58:00,COD,Delivered,15,15,False,1361.0,5
3282,20945,18,172,2026-06-05 21:45:00,2026-06-05 21:48:00,2026-06-05 21:55:00,COD,Delivered,15,10,False,1054.0,4
3283,39355,16,171,2026-06-18 10:02:00,2026-06-18 10:07:00,2026-06-18 10:19:00,UPI,Delivered,15,17,True,2236.0,8
3284,10777,13,13,2026-06-12 21:38:00,2026-06-12 21:42:00,2026-06-12 21:49:00,Wallet,Delivered,15,11,False,4282.0,13
3285,22626,15,156,2026-06-10 14:08:00,2026-06-10 14:12:00,2026-06-10 14:21:00,UPI,Delivered,15,13,False,1555.0,6
3286,15091,12,19,2026-06-21 21:51:00,2026-06-21 21:53:00,2026-06-21 22:06:00,Wallet,Cancelled,15,15,False,1163.0,4
3287,25594,13,13,2026-06-17 22:32:00,2026-06-17 22:36:00,2026-06-17 22:43:00,Wallet,Delivered,15,11,False,1116.0,7
3288,44326,3,87,2026-06-14 20:41:00,2026-06-14 20:43:00,2026-06-14 21:14:00,UPI,Cancelled,15,33,True,726.0,2
3289,11035,4,10,2026-06-04 18:14:00,2026-06-04 18:17:00,2026-06-04 18:29:00,UPI,Delivered,15,15,False,1674.0,9
3290,27977,4,167,2026-06-03 19:07:00,2026-06-03 19:09:00,2026-06-03 19:32:00,UPI,Returned,15,25,True,1105.0,3
3291,38400,7,83,2026-06-22 11:22:00,2026-06-22 11:24:00,2026-06-22 11:39:00,UPI,Delivered,15,17,True,1065.0,5
3292,27170,8,128,2026-06-20 22:41:00,2026-06-20 22:45:00,2026-06-20 22:52:00,Wallet,Delivered,15,11,False,295.0,2
3293,25653,17,59,2026-06-01 12:20:00,2026-06-01 12:24:00,2026-06-01 12:40:00,UPI,Delivered,15,20,True,430.0,1
3294,49104,3,69,2026-06-08 10:51:00,2026-06-08 10:54:00,2026-06-08 11:06:00,COD,Delivered,15,15,False,692.0,4
3295,36446,1,81,2026-06-18 21:45:00,2026-06-18 21:49:00,2026-06-18 21:58:00,UPI,Delivered,15,13,False,1266.0,7
3296,33673,14,132,2026-06-30 18:14:00,2026-06-30 18:18:00,2026-06-30 18:27:00,UPI,Delivered,15,13,False,1792.0,7
3297,20727,10,47,2026-06-25 13:41:00,2026-06-25 13:46:00,2026-06-25 13:55:00,COD,Cancelled,15,14,False,1644.0,6
3298,39338,3,94,2026-06-23 21:16:00,2026-06-23 21:19:00,2026-06-23 21:30:00,COD,Delivered,15,14,False,198.0,1
3299,29315,11,104,2026-06-03 20:31:00,2026-06-03 20:33:00,2026-06-03 20:59:00,UPI,Delivered,15,28,True,1192.0,6
3300,38288,13,65,2026-06-27 13:45:00,2026-06-27 13:47:00,2026-06-27 14:02:00,UPI,Delivered,15,17,True,2717.0,10
3301,44443,8,152,2026-06-20 19:52:00,2026-06-20 19:56:00,2026-06-20 20:07:00,Card,Returned,15,15,False,84.0,2
3302,27375,19,195,2026-06-15 09:30:00,2026-06-15 09:33:00,2026-06-15 09:40:00,COD,Delivered,15,10,False,512.0,2
3303,29428,2,45,2026-06-25 19:37:00,2026-06-25 19:42:00,2026-06-25 19:58:00,UPI,Delivered,15,21,True,1832.0,7
3304,37755,15,21,2026-06-04 21:07:00,2026-06-04 21:09:00,2026-06-04 21:23:00,UPI,Delivered,15,16,True,390.0,2
3305,18120,1,121,2026-06-16 18:43:00,2026-06-16 18:46:00,2026-06-16 18:53:00,UPI,Delivered,15,10,False,1428.0,8
3306,23693,19,48,2026-06-01 21:46:00,2026-06-01 21:48:00,2026-06-01 22:00:00,UPI,Delivered,15,14,False,683.0,3
3307,47422,7,53,2026-06-11 08:48:00,2026-06-11 08:51:00,2026-06-11 09:00:00,COD,Delivered,15,12,False,2079.0,6
3308,46961,7,38,2026-06-14 20:12:00,2026-06-14 20:16:00,2026-06-14 20:33:00,UPI,Delivered,15,21,True,1342.0,5
3309,49203,13,116,2026-06-18 20:39:00,2026-06-18 20:43:00,2026-06-18 21:02:00,COD,Delivered,15,23,True,816.0,3
3310,40232,17,134,2026-06-07 19:28:00,2026-06-07 19:30:00,2026-06-07 19:44:00,COD,Delivered,15,16,True,2079.0,6
3311,37465,3,69,2026-06-25 20:04:00,2026-06-25 20:09:00,2026-06-25 20:23:00,Wallet,Cancelled,15,19,True,1086.0,4
3312,31834,7,38,2026-06-11 19:25:00,2026-06-11 19:27:00,2026-06-11 19:49:00,Card,Delivered,15,24,True,172.0,2
3313,28828,11,17,2026-06-27 21:19:00,2026-06-27 21:21:00,2026-06-27 21:32:00,Card,Delivered,15,13,False,999.0,5
3314,30248,5,153,2026-06-03 13:33:00,2026-06-03 13:36:00,2026-06-03 13:52:00,Card,Delivered,15,19,True,626.0,4
3315,23060,10,49,2026-06-27 21:28:00,2026-06-27 21:33:00,2026-06-27 21:43:00,UPI,Cancelled,15,15,False,668.0,2
3316,30285,3,186,2026-06-16 21:51:00,2026-06-16 21:54:00,2026-06-16 22:03:00,UPI,Delivered,15,12,False,1352.0,6
3317,24801,8,152,2026-06-29 10:24:00,2026-06-29 10:28:00,2026-06-29 10:39:00,UPI,Delivered,15,15,False,1850.0,10
3318,12118,3,186,2026-06-12 20:22:00,2026-06-12 20:24:00,2026-06-12 20:41:00,UPI,Delivered,15,19,True,1281.0,7
3319,39680,13,166,2026-06-16 20:34:00,2026-06-16 20:37:00,2026-06-16 20:57:00,UPI,Delivered,15,23,True,1049.0,4
3320,27386,7,74,2026-06-04 21:05:00,2026-06-04 21:10:00,2026-06-04 21:21:00,COD,Delivered,15,16,True,1898.0,7
3321,30471,15,180,2026-06-21 11:11:00,2026-06-21 11:14:00,2026-06-21 11:23:00,UPI,Delivered,15,12,False,890.0,2
3322,10066,6,40,2026-06-09 18:22:00,2026-06-09 18:26:00,2026-06-09 18:32:00,COD,Returned,15,10,False,1026.0,6
3323,10255,6,181,2026-06-09 21:46:00,2026-06-09 21:51:00,2026-06-09 22:00:00,UPI,Delivered,15,14,False,2440.0,10
3324,33421,3,186,2026-06-07 10:12:00,2026-06-07 10:14:00,2026-06-07 10:25:00,COD,Delivered,15,13,False,1054.0,3
3325,42768,17,106,2026-06-24 19:29:00,2026-06-24 19:32:00,2026-06-24 19:44:00,UPI,Cancelled,15,15,False,2512.0,11
3326,46210,14,132,2026-06-03 18:32:00,2026-06-03 18:36:00,2026-06-03 18:47:00,UPI,Delivered,15,15,False,2610.0,8
3327,42164,3,94,2026-06-09 18:10:00,2026-06-09 18:13:00,2026-06-09 18:21:00,UPI,Delivered,15,11,False,1252.0,4
3328,32006,2,14,2026-06-21 19:50:00,2026-06-21 19:52:00,2026-06-21 20:08:00,UPI,Delivered,15,18,True,828.0,3
3329,42643,6,111,2026-06-12 19:55:00,2026-06-12 19:58:00,2026-06-12 20:12:00,Card,Delivered,15,17,True,2454.0,11
3330,12625,19,100,2026-06-14 21:53:00,2026-06-14 21:58:00,2026-06-14 22:07:00,Card,Delivered,15,14,False,2018.0,7
3331,14480,7,83,2026-06-13 11:04:00,2026-06-13 11:08:00,2026-06-13 11:17:00,UPI,Delivered,15,13,False,949.0,6
3332,29946,7,101,2026-06-19 19:31:00,2026-06-19 19:36:00,2026-06-19 19:53:00,Wallet,Delivered,15,22,True,1912.0,8
3333,38477,9,96,2026-06-14 17:35:00,2026-06-14 17:40:00,2026-06-14 17:52:00,UPI,Delivered,15,17,True,1902.0,6
3334,49053,8,29,2026-06-16 20:17:00,2026-06-16 20:20:00,2026-06-16 20:34:00,UPI,Delivered,15,17,True,2775.0,11
3335,12992,13,154,2026-06-23 09:25:00,2026-06-23 09:30:00,2026-06-23 09:38:00,UPI,Delivered,15,13,False,24.0,1
3336,19558,8,120,2026-06-19 22:19:00,2026-06-19 22:23:00,2026-06-19 22:34:00,UPI,Delivered,15,15,False,562.0,2
3337,32072,10,67,2026-06-02 20:25:00,2026-06-02 20:28:00,2026-06-02 20:49:00,UPI,Delivered,15,24,True,1752.0,7
3338,12327,14,68,2026-06-28 21:11:00,2026-06-28 21:13:00,2026-06-28 21:24:00,UPI,Delivered,15,13,False,342.0,3
3339,30145,3,69,2026-06-17 21:11:00,2026-06-17 21:16:00,2026-06-17 21:28:00,UPI,Cancelled,15,17,True,1367.0,7
3340,13032,16,199,2026-06-16 20:23:00,2026-06-16 20:28:00,2026-06-16 20:42:00,UPI,Delivered,15,19,True,435.0,3
3341,38468,1,46,2026-06-03 12:40:00,2026-06-03 12:45:00,2026-06-03 12:54:00,UPI,Delivered,15,14,False,164.0,2
3342,22170,20,5,2026-06-25 14:30:00,2026-06-25 14:34:00,2026-06-25 14:46:00,Card,Delivered,15,16,True,340.0,2
3343,25014,12,148,2026-06-24 14:23:00,2026-06-24 14:25:00,2026-06-24 14:39:00,Wallet,Delivered,15,16,True,2111.0,5
3344,33995,20,119,2026-06-18 21:42:00,2026-06-18 21:44:00,2026-06-18 21:56:00,Card,Delivered,15,14,False,924.0,3
3345,43209,1,88,2026-06-19 21:02:00,2026-06-19 21:07:00,2026-06-19 21:18:00,UPI,Delivered,15,16,True,285.0,3
3346,31959,1,36,2026-06-14 20:22:00,2026-06-14 20:26:00,2026-06-14 20:45:00,COD,Cancelled,15,23,True,316.0,4
3347,30325,6,60,2026-06-17 21:53:00,2026-06-17 21:55:00,2026-06-17 22:03:00,UPI,Delivered,15,10,False,2565.0,9
3348,22838,9,198,2026-06-14 20:16:00,2026-06-14 20:20:00,2026-06-14 20:37:00,Card,Cancelled,15,21,True,2551.0,9
3349,14766,1,137,2026-06-17 19:22:00,2026-06-17 19:26:00,2026-06-17 19:47:00,UPI,Delivered,15,25,True,1080.0,3
3350,22556,2,24,2026-06-29 22:23:00,2026-06-29 22:26:00,2026-06-29 22:36:00,UPI,Delivered,15,13,False,1446.0,8
3351,36410,14,131,2026-06-07 18:20:00,2026-06-07 18:24:00,2026-06-07 18:34:00,Wallet,Delivered,15,14,False,393.0,3
3352,35549,4,157,2026-06-29 12:53:00,2026-06-29 12:58:00,2026-06-29 13:15:00,Card,Delivered,15,22,True,475.0,4
3353,48557,13,61,2026-06-30 19:59:00,2026-06-30 20:01:00,2026-06-30 20:22:00,UPI,Delivered,15,23,True,1546.0,5
3354,43653,17,2,2026-06-02 12:05:00,2026-06-02 12:09:00,2026-06-02 12:23:00,UPI,Delivered,15,18,True,736.0,3
3355,21270,3,142,2026-06-01 19:19:00,2026-06-01 19:23:00,2026-06-01 19:43:00,Wallet,Delivered,15,24,True,922.0,4
3356,33672,3,87,2026-06-25 12:09:00,2026-06-25 12:11:00,2026-06-25 12:27:00,UPI,Delivered,15,18,True,816.0,4
3357,49296,2,50,2026-06-17 17:15:00,2026-06-17 17:18:00,2026-06-17 17:25:00,Card,Delivered,15,10,False,1793.0,6
3358,46376,12,85,2026-06-16 21:18:00,2026-06-16 21:22:00,2026-06-16 21:31:00,UPI,Delivered,15,13,False,164.0,1
3359,14275,7,74,2026-06-28 19:56:00,2026-06-28 20:01:00,2026-06-28 20:20:00,UPI,Cancelled,15,24,True,1827.0,6
3360,10514,14,197,2026-06-12 11:47:00,2026-06-12 11:52:00,2026-06-12 12:03:00,UPI,Delivered,15,16,True,617.0,5
3361,24540,3,142,2026-06-10 09:18:00,2026-06-10 09:20:00,2026-06-10 09:30:00,UPI,Delivered,15,12,False,879.0,4
3362,48985,14,68,2026-06-16 21:03:00,2026-06-16 21:08:00,2026-06-16 21:14:00,Card,Delivered,15,11,False,47.0,1
3363,33533,10,145,2026-06-10 19:56:00,2026-06-10 19:58:00,2026-06-10 20:21:00,UPI,Delivered,15,25,True,267.0,4
3364,40744,9,31,2026-06-10 19:05:00,2026-06-10 19:10:00,2026-06-10 19:27:00,COD,Cancelled,15,22,True,714.0,3
3365,41092,20,72,2026-06-02 20:21:00,2026-06-02 20:23:00,2026-06-02 20:37:00,UPI,Delivered,15,16,True,1006.0,4
3366,27683,19,160,2026-06-07 13:33:00,2026-06-07 13:35:00,2026-06-07 13:48:00,UPI,Delivered,15,15,False,1405.0,5
3367,28608,12,115,2026-06-02 21:05:00,2026-06-02 21:08:00,2026-06-02 21:14:00,UPI,Delivered,15,9,False,1218.0,4
3368,23419,6,165,2026-06-15 19:18:00,2026-06-15 19:22:00,2026-06-15 19:35:00,UPI,Delivered,15,17,True,440.0,3
3369,17794,2,28,2026-06-22 21:13:00,2026-06-22 21:17:00,2026-06-22 21:26:00,Card,Delivered,15,13,False,1606.0,6
3370,29482,13,65,2026-06-04 20:48:00,2026-06-04 20:53:00,2026-06-04 21:04:00,UPI,Delivered,15,16,True,1519.0,4
3371,33621,1,92,2026-06-29 19:57:00,2026-06-29 20:02:00,2026-06-29 20:22:00,Card,Delivered,15,25,True,1682.0,6
3372,15060,16,199,2026-06-10 21:45:00,2026-06-10 21:49:00,2026-06-10 22:00:00,Card,Delivered,15,15,False,1768.0,8
3373,31159,8,128,2026-06-23 12:30:00,2026-06-23 12:32:00,2026-06-23 12:41:00,UPI,Delivered,15,11,False,2267.0,8
3374,30329,8,120,2026-06-14 21:09:00,2026-06-14 21:13:00,2026-06-14 21:22:00,Wallet,Returned,15,13,False,1840.0,6
3375,41325,5,151,2026-06-02 20:53:00,2026-06-02 20:58:00,2026-06-02 21:07:00,UPI,Delivered,15,14,False,876.0,2
3376,13419,17,106,2026-06-01 18:38:00,2026-06-01 18:41:00,2026-06-01 18:55:00,UPI,Delivered,15,17,True,2669.0,11
3377,40202,16,199,2026-06-23 20:17:00,2026-06-23 20:22:00,2026-06-23 20:37:00,UPI,Delivered,15,20,True,1580.0,9
3378,10712,13,65,2026-06-29 19:57:00,2026-06-29 20:00:00,2026-06-29 20:12:00,UPI,Delivered,15,15,False,910.0,3
3379,38441,17,147,2026-06-03 21:24:00,2026-06-03 21:27:00,2026-06-03 21:38:00,COD,Delivered,15,14,False,1503.0,6
3380,33353,10,129,2026-06-29 19:17:00,2026-06-29 19:21:00,2026-06-29 19:42:00,UPI,Delivered,15,25,True,201.0,3
3381,33844,7,158,2026-06-19 13:11:00,2026-06-19 13:16:00,2026-06-19 13:31:00,UPI,Delivered,15,20,True,1474.0,7
3382,44191,18,27,2026-06-30 19:49:00,2026-06-30 19:53:00,2026-06-30 20:08:00,UPI,Delivered,15,19,True,704.0,2
3383,48566,19,177,2026-06-09 19:35:00,2026-06-09 19:40:00,2026-06-09 20:02:00,Wallet,Cancelled,15,27,True,244.0,1
3384,47263,19,113,2026-06-02 21:53:00,2026-06-02 21:58:00,2026-06-02 22:07:00,Wallet,Delivered,15,14,False,1809.0,7
3385,32144,19,143,2026-06-23 11:53:00,2026-06-23 11:55:00,2026-06-23 12:09:00,UPI,Delivered,15,16,True,1788.0,10
3386,15443,1,46,2026-06-29 21:51:00,2026-06-29 21:54:00,2026-06-29 22:02:00,UPI,Delivered,15,11,False,1066.0,4
3387,48423,6,80,2026-06-30 20:31:00,2026-06-30 20:36:00,2026-06-30 20:58:00,Card,Delivered,15,27,True,300.0,2
3388,46628,11,104,2026-06-21 17:32:00,2026-06-21 17:34:00,2026-06-21 17:43:00,Wallet,Delivered,15,11,False,3086.0,10
3389,41630,20,124,2026-06-28 09:13:00,2026-06-28 09:15:00,2026-06-28 09:32:00,UPI,Delivered,15,19,True,1970.0,9
3390,27485,7,108,2026-06-07 22:29:00,2026-06-07 22:31:00,2026-06-07 22:39:00,UPI,Returned,15,10,False,372.0,2
3391,35620,6,6,2026-06-22 20:19:00,2026-06-22 20:23:00,2026-06-22 20:44:00,UPI,Cancelled,15,25,True,2733.0,9
3392,27161,12,194,2026-06-07 19:22:00,2026-06-07 19:25:00,2026-06-07 19:48:00,UPI,Cancelled,15,26,True,2342.0,8
3393,44213,14,56,2026-06-28 14:03:00,2026-06-28 14:07:00,2026-06-28 14:18:00,UPI,Delivered,15,15,False,1628.0,7
3394,24213,12,115,2026-06-02 20:42:00,2026-06-02 20:44:00,2026-06-02 20:58:00,Wallet,Delivered,15,16,True,669.0,3
3395,49051,4,10,2026-06-25 21:42:00,2026-06-25 21:47:00,2026-06-25 21:57:00,Card,Delivered,15,15,False,574.0,2
3396,43906,20,72,2026-06-06 19:55:00,2026-06-06 20:00:00,2026-06-06 20:16:00,UPI,Delivered,15,21,True,244.0,2
3397,43578,10,95,2026-06-07 14:46:00,2026-06-07 14:50:00,2026-06-07 14:56:00,Card,Delivered,15,10,False,618.0,6
3398,41188,18,172,2026-06-29 11:48:00,2026-06-29 11:52:00,2026-06-29 12:02:00,UPI,Delivered,15,14,False,511.0,6
3399,49608,20,79,2026-06-13 21:34:00,2026-06-13 21:37:00,2026-06-13 21:45:00,UPI,Delivered,15,11,False,2492.0,9
3400,26755,6,23,2026-06-28 12:47:00,2026-06-28 12:49:00,2026-06-28 13:03:00,Wallet,Delivered,15,16,True,1200.0,4
3401,42705,16,190,2026-06-18 09:29:00,2026-06-18 09:32:00,2026-06-18 09:42:00,UPI,Delivered,15,13,False,218.0,2
3402,49974,19,110,2026-06-26 12:37:00,2026-06-26 12:42:00,2026-06-26 12:50:00,UPI,Delivered,15,13,False,131.0,1
3403,18001,7,101,2026-06-11 21:27:00,2026-06-11 21:29:00,2026-06-11 21:41:00,UPI,Delivered,15,14,False,609.0,3
3404,22004,15,141,2026-06-15 20:53:00,2026-06-15 20:56:00,2026-06-15 21:14:00,UPI,Delivered,15,21,True,2569.0,12
3405,41368,5,170,2026-06-15 19:26:00,2026-06-15 19:31:00,2026-06-15 19:49:00,UPI,Delivered,15,23,True,63.0,3
3406,26413,11,25,2026-06-12 19:29:00,2026-06-12 19:34:00,2026-06-12 19:43:00,Card,Returned,15,14,False,1241.0,5
3407,36726,5,76,2026-06-29 20:19:00,2026-06-29 20:21:00,2026-06-29 20:34:00,COD,Delivered,15,15,False,2477.0,8
3408,28164,2,66,2026-06-11 13:01:00,2026-06-11 13:05:00,2026-06-11 13:22:00,UPI,Delivered,15,21,True,2499.0,12
3409,13992,10,78,2026-06-23 19:10:00,2026-06-23 19:12:00,2026-06-23 19:27:00,UPI,Delivered,15,17,True,1242.0,6
3410,34546,12,39,2026-06-21 13:48:00,2026-06-21 13:53:00,2026-06-21 14:08:00,Card,Delivered,15,20,True,1069.0,4
3411,13320,12,194,2026-06-04 11:09:00,2026-06-04 11:14:00,2026-06-04 11:22:00,UPI,Delivered,15,13,False,1246.0,7
3412,23091,20,124,2026-06-04 19:02:00,2026-06-04 19:05:00,2026-06-04 19:24:00,UPI,Delivered,15,22,True,2292.0,9
3413,24013,1,81,2026-06-21 19:54:00,2026-06-21 19:59:00,2026-06-21 20:18:00,COD,Delivered,15,24,True,1051.0,8
3414,41933,6,23,2026-06-01 13:34:00,2026-06-01 13:38:00,2026-06-01 13:57:00,UPI,Delivered,15,23,True,2208.0,8
3415,17251,10,178,2026-06-01 19:56:00,2026-06-01 20:00:00,2026-06-01 20:15:00,UPI,Delivered,15,19,True,1564.0,7
3416,42459,10,129,2026-06-20 19:01:00,2026-06-20 19:06:00,2026-06-20 19:31:00,UPI,Delivered,15,30,True,328.0,2
3417,13656,5,153,2026-06-29 09:42:00,2026-06-29 09:44:00,2026-06-29 09:55:00,UPI,Delivered,15,13,False,2288.0,9
3418,35681,14,131,2026-06-12 19:38:00,2026-06-12 19:41:00,2026-06-12 19:59:00,UPI,Delivered,15,21,True,1094.0,7
3419,23969,20,93,2026-06-16 13:17:00,2026-06-16 13:21:00,2026-06-16 13:28:00,Wallet,Delivered,15,11,False,1727.0,5
3420,36007,3,69,2026-06-25 10:52:00,2026-06-25 10:56:00,2026-06-25 11:07:00,Card,Delivered,15,15,False,304.0,2
3421,20307,4,63,2026-06-20 20:11:00,2026-06-20 20:15:00,2026-06-20 20:29:00,UPI,Delivered,15,18,True,247.0,2
3422,13949,10,47,2026-06-16 13:57:00,2026-06-16 14:01:00,2026-06-16 14:15:00,Wallet,Cancelled,15,18,True,2664.0,12
3423,30712,20,82,2026-06-07 10:53:00,2026-06-07 10:57:00,2026-06-07 11:03:00,COD,Delivered,15,10,False,2657.0,11
3424,31518,18,168,2026-06-12 11:54:00,2026-06-12 11:57:00,2026-06-12 12:07:00,UPI,Delivered,15,13,False,448.0,2
3425,29630,8,120,2026-06-25 08:11:00,2026-06-25 08:16:00,2026-06-25 08:26:00,UPI,Delivered,15,15,False,668.0,7
3426,20946,11,25,2026-06-09 13:04:00,2026-06-09 13:06:00,2026-06-09 13:28:00,UPI,Cancelled,15,24,True,2447.0,10
3427,22643,14,130,2026-06-18 09:56:00,2026-06-18 09:58:00,2026-06-18 10:11:00,Card,Delivered,15,15,False,1353.0,6
3428,49036,14,68,2026-06-16 20:20:00,2026-06-16 20:24:00,2026-06-16 20:35:00,Card,Delivered,15,15,False,757.0,3
3429,24700,4,8,2026-06-06 12:25:00,2026-06-06 12:30:00,2026-06-06 12:39:00,UPI,Delivered,15,14,False,960.0,5
3430,30763,9,31,2026-06-24 14:43:00,2026-06-24 14:46:00,2026-06-24 14:56:00,Card,Delivered,15,13,False,506.0,4
3431,26593,12,41,2026-06-01 18:07:00,2026-06-01 18:09:00,2026-06-01 18:22:00,UPI,Delivered,15,15,False,984.0,7
3432,27791,4,157,2026-06-09 10:07:00,2026-06-09 10:12:00,2026-06-09 10:20:00,Card,Delivered,15,13,False,1644.0,11
3433,28407,8,120,2026-06-03 18:13:00,2026-06-03 18:15:00,2026-06-03 18:28:00,Wallet,Delivered,15,15,False,1076.0,4
3434,29381,7,38,2026-06-13 19:04:00,2026-06-13 19:08:00,2026-06-13 19:23:00,Card,Delivered,15,19,True,2599.0,8
3435,27856,13,161,2026-06-12 11:41:00,2026-06-12 11:46:00,2026-06-12 11:54:00,Wallet,Delivered,15,13,False,1960.0,10
3436,29700,3,142,2026-06-11 19:04:00,2026-06-11 19:06:00,2026-06-11 19:17:00,UPI,Delivered,15,13,False,854.0,8
3437,20303,3,87,2026-06-13 21:10:00,2026-06-13 21:12:00,2026-06-13 21:27:00,UPI,Delivered,15,17,True,1182.0,4
3438,34085,14,131,2026-06-16 21:19:00,2026-06-16 21:24:00,2026-06-16 21:34:00,COD,Delivered,15,15,False,1088.0,6
3439,39122,8,152,2026-06-10 09:49:00,2026-06-10 09:52:00,2026-06-10 10:03:00,UPI,Delivered,15,14,False,471.0,4
3440,30579,20,11,2026-06-16 19:08:00,2026-06-16 19:12:00,2026-06-16 19:29:00,COD,Cancelled,15,21,True,2150.0,9
3441,42255,11,17,2026-06-29 22:09:00,2026-06-29 22:11:00,2026-06-29 22:21:00,UPI,Delivered,15,12,False,2745.0,11
3442,46937,16,179,2026-06-26 22:39:00,2026-06-26 22:43:00,2026-06-26 22:55:00,UPI,Delivered,15,16,True,384.0,1
3443,43076,20,84,2026-06-01 10:57:00,2026-06-01 11:02:00,2026-06-01 11:10:00,UPI,Delivered,15,13,False,256.0,1
3444,12891,15,62,2026-06-27 22:44:00,2026-06-27 22:46:00,2026-06-27 22:59:00,Wallet,Delivered,15,15,False,1215.0,7
3445,38493,20,5,2026-06-08 21:39:00,2026-06-08 21:41:00,2026-06-08 21:53:00,Card,Delivered,15,14,False,363.0,1
3446,13927,12,39,2026-06-30 20:01:00,2026-06-30 20:03:00,2026-06-30 20:20:00,COD,Delivered,15,19,True,1185.0,7
3447,45203,14,68,2026-06-16 13:27:00,2026-06-16 13:31:00,2026-06-16 13:49:00,Card,Delivered,15,22,True,552.0,3
3448,44277,9,31,2026-06-21 20:30:00,2026-06-21 20:32:00,2026-06-21 20:56:00,UPI,Delivered,15,26,True,1980.0,9
3449,24263,7,38,2026-06-08 21:38:00,2026-06-08 21:43:00,2026-06-08 21:48:00,UPI,Delivered,15,10,False,1556.0,4
3450,32117,10,95,2026-06-12 20:46:00,2026-06-12 20:49:00,2026-06-12 21:08:00,UPI,Delivered,15,22,True,2337.0,11
3451,10899,4,8,2026-06-29 21:31:00,2026-06-29 21:36:00,2026-06-29 21:46:00,Card,Delivered,15,15,False,859.0,6
3452,45534,1,88,2026-06-16 20:12:00,2026-06-16 20:14:00,2026-06-16 20:33:00,COD,Cancelled,15,21,True,1038.0,3
3453,21307,1,57,2026-06-18 11:02:00,2026-06-18 11:04:00,2026-06-18 11:17:00,COD,Delivered,15,15,False,2971.0,12
3454,35512,19,177,2026-06-13 13:45:00,2026-06-13 13:47:00,2026-06-13 13:57:00,COD,Delivered,15,12,False,1992.0,6
3455,24044,13,161,2026-06-26 19:27:00,2026-06-26 19:29:00,2026-06-26 19:41:00,Card,Delivered,15,14,False,616.0,2
3456,11951,3,142,2026-06-18 19:59:00,2026-06-18 20:01:00,2026-06-18 20:20:00,UPI,Delivered,15,21,True,920.0,5
3457,21631,13,61,2026-06-17 21:01:00,2026-06-17 21:05:00,2026-06-17 21:15:00,UPI,Delivered,15,14,False,4404.0,14
3458,30014,8,152,2026-06-26 20:45:00,2026-06-26 20:48:00,2026-06-26 20:54:00,UPI,Delivered,15,9,False,1551.0,5
3459,40225,17,147,2026-06-24 18:36:00,2026-06-24 18:39:00,2026-06-24 18:50:00,Card,Delivered,15,14,False,680.0,3
3460,46568,2,99,2026-06-28 10:51:00,2026-06-28 10:54:00,2026-06-28 11:06:00,UPI,Delivered,15,15,False,1041.0,3
3461,41817,18,168,2026-06-24 20:12:00,2026-06-24 20:14:00,2026-06-24 20:33:00,UPI,Delivered,15,21,True,944.0,5
3462,33205,13,154,2026-06-05 20:37:00,2026-06-05 20:40:00,2026-06-05 20:58:00,Card,Delivered,15,21,True,923.0,6
3463,48188,19,100,2026-06-11 17:36:00,2026-06-11 17:40:00,2026-06-11 17:47:00,Card,Delivered,15,11,False,2402.0,9
3464,24369,10,183,2026-06-04 20:23:00,2026-06-04 20:28:00,2026-06-04 20:51:00,Card,Delivered,15,28,True,1065.0,5
3465,45116,2,54,2026-06-12 13:21:00,2026-06-12 13:25:00,2026-06-12 13:42:00,Wallet,Delivered,15,21,True,354.0,3
3466,15979,8,128,2026-06-02 14:12:00,2026-06-02 14:15:00,2026-06-02 14:26:00,Wallet,Delivered,15,14,False,408.0,2
3467,10039,19,160,2026-06-05 18:54:00,2026-06-05 18:57:00,2026-06-05 19:10:00,Wallet,Delivered,15,16,True,328.0,1
3468,18209,17,30,2026-06-04 20:48:00,2026-06-04 20:50:00,2026-06-04 21:03:00,UPI,Delivered,15,15,False,2325.0,11
3469,34689,7,53,2026-06-09 18:38:00,2026-06-09 18:41:00,2026-06-09 18:52:00,UPI,Delivered,15,14,False,290.0,2
3470,35255,14,130,2026-06-07 21:47:00,2026-06-07 21:49:00,2026-06-07 21:58:00,UPI,Returned,15,11,False,1436.0,8
3471,19153,20,55,2026-06-17 21:17:00,2026-06-17 21:20:00,2026-06-17 21:32:00,Card,Delivered,15,15,False,469.0,5
3472,37467,12,39,2026-06-23 12:29:00,2026-06-23 12:31:00,2026-06-23 12:47:00,UPI,Delivered,15,18,True,2611.0,11
3473,41487,2,66,2026-06-15 19:33:00,2026-06-15 19:35:00,2026-06-15 20:03:00,COD,Delivered,15,30,True,2221.0,8
3474,48104,5,76,2026-06-27 22:21:00,2026-06-27 22:25:00,2026-06-27 22:35:00,UPI,Delivered,15,14,False,355.0,2
3475,44433,18,168,2026-06-23 19:11:00,2026-06-23 19:14:00,2026-06-23 19:42:00,UPI,Delivered,15,31,True,2535.0,8
3476,36388,10,138,2026-06-04 21:38:00,2026-06-04 21:41:00,2026-06-04 21:47:00,UPI,Delivered,15,9,False,1699.0,5
3477,25966,8,128,2026-06-23 19:34:00,2026-06-23 19:38:00,2026-06-23 19:45:00,UPI,Delivered,15,11,False,1361.0,7
3478,30709,12,146,2026-06-09 11:53:00,2026-06-09 11:58:00,2026-06-09 12:05:00,Card,Delivered,15,12,False,787.0,3
3479,34563,14,68,2026-06-20 19:49:00,2026-06-20 19:51:00,2026-06-20 20:11:00,UPI,Cancelled,15,22,True,2920.0,11
3480,13825,8,120,2026-06-23 12:01:00,2026-06-23 12:06:00,2026-06-23 12:13:00,COD,Delivered,15,12,False,2232.0,11
3481,27608,16,179,2026-06-24 14:33:00,2026-06-24 14:38:00,2026-06-24 14:43:00,UPI,Delivered,15,10,False,1919.0,9
3482,24153,18,42,2026-06-07 19:49:00,2026-06-07 19:54:00,2026-06-07 20:17:00,UPI,Delivered,15,28,True,446.0,2
3483,49765,18,117,2026-06-04 19:55:00,2026-06-04 20:00:00,2026-06-04 20:18:00,Card,Delivered,15,23,True,468.0,3
3484,30209,17,2,2026-06-04 20:26:00,2026-06-04 20:29:00,2026-06-04 20:44:00,UPI,Delivered,15,18,True,1857.0,6
3485,19485,10,145,2026-06-04 18:24:00,2026-06-04 18:27:00,2026-06-04 18:37:00,UPI,Delivered,15,13,False,1990.0,7
3486,30674,12,135,2026-06-30 13:02:00,2026-06-30 13:04:00,2026-06-30 13:21:00,Wallet,Delivered,15,19,True,418.0,7
3487,21677,4,10,2026-06-10 19:03:00,2026-06-10 19:05:00,2026-06-10 19:17:00,UPI,Delivered,15,14,False,2676.0,8
3488,34520,3,159,2026-06-14 18:26:00,2026-06-14 18:31:00,2026-06-14 18:40:00,UPI,Delivered,15,14,False,874.0,4
3489,23419,8,152,2026-06-28 21:54:00,2026-06-28 21:56:00,2026-06-28 22:10:00,COD,Delivered,15,16,True,595.0,5
3490,15955,2,20,2026-06-14 18:05:00,2026-06-14 18:07:00,2026-06-14 18:18:00,UPI,Cancelled,15,13,False,2879.0,10
3491,42139,8,128,2026-06-13 20:22:00,2026-06-13 20:25:00,2026-06-13 20:47:00,Card,Delivered,15,25,True,1158.0,7
3492,47485,1,114,2026-06-23 18:21:00,2026-06-23 18:25:00,2026-06-23 18:34:00,COD,Delivered,15,13,False,380.0,2
3493,14795,6,44,2026-06-05 14:07:00,2026-06-05 14:10:00,2026-06-05 14:21:00,UPI,Delivered,15,14,False,813.0,2
3494,42575,2,99,2026-06-16 20:09:00,2026-06-16 20:12:00,2026-06-16 20:20:00,UPI,Delivered,15,11,False,960.0,4
3495,32548,7,83,2026-06-27 14:52:00,2026-06-27 14:56:00,2026-06-27 15:06:00,COD,Delivered,15,14,False,1552.0,8
3496,43844,4,63,2026-06-30 21:07:00,2026-06-30 21:11:00,2026-06-30 21:19:00,Card,Delivered,15,12,False,520.0,2
3497,24046,17,59,2026-06-01 21:30:00,2026-06-01 21:35:00,2026-06-01 21:43:00,COD,Delivered,15,13,False,199.0,1
3498,31438,13,116,2026-06-10 21:12:00,2026-06-10 21:15:00,2026-06-10 21:22:00,Card,Delivered,15,10,False,611.0,2
3499,10919,2,34,2026-06-04 19:09:00,2026-06-04 19:12:00,2026-06-04 19:24:00,Wallet,Cancelled,15,15,False,1982.0,9
3500,19076,2,34,2026-06-07 20:08:00,2026-06-07 20:11:00,2026-06-07 20:32:00,Card,Delivered,15,24,True,1967.0,11
3501,13597,17,2,2026-06-26 18:32:00,2026-06-26 18:37:00,2026-06-26 18:43:00,UPI,Delivered,15,11,False,1437.0,5
3502,26840,14,130,2026-06-04 21:17:00,2026-06-04 21:21:00,2026-06-04 21:32:00,UPI,Delivered,15,15,False,1140.0,4
3503,28966,18,117,2026-06-01 15:35:00,2026-06-01 15:39:00,2026-06-01 15:47:00,COD,Delivered,15,12,False,1328.0,5
3504,32710,13,154,2026-06-10 19:29:00,2026-06-10 19:34:00,2026-06-10 19:44:00,UPI,Delivered,15,15,False,1279.0,8
3505,13498,1,137,2026-06-16 17:38:00,2026-06-16 17:40:00,2026-06-16 17:49:00,UPI,Delivered,15,11,False,968.0,8
3506,17303,15,62,2026-06-03 20:06:00,2026-06-03 20:08:00,2026-06-03 20:20:00,UPI,Delivered,15,14,False,878.0,4
3507,33842,18,172,2026-06-12 21:08:00,2026-06-12 21:13:00,2026-06-12 21:19:00,UPI,Delivered,15,11,False,573.0,4
3508,18401,2,20,2026-06-14 17:54:00,2026-06-14 17:58:00,2026-06-14 18:07:00,COD,Delivered,15,13,False,2283.0,7
3509,10235,14,130,2026-06-08 20:55:00,2026-06-08 20:58:00,2026-06-08 21:17:00,Card,Cancelled,15,22,True,1387.0,10
3510,18956,15,141,2026-06-18 21:51:00,2026-06-18 21:56:00,2026-06-18 22:03:00,COD,Delivered,15,12,False,1684.0,6
3511,12609,2,28,2026-06-19 20:28:00,2026-06-19 20:31:00,2026-06-19 20:45:00,UPI,Delivered,15,17,True,24.0,1
3512,22642,1,137,2026-06-20 12:49:00,2026-06-20 12:52:00,2026-06-20 13:06:00,UPI,Delivered,15,17,True,1238.0,7
3513,37620,12,135,2026-06-04 14:52:00,2026-06-04 14:55:00,2026-06-04 15:07:00,Card,Delivered,15,15,False,897.0,10
3514,42414,12,86,2026-06-01 13:10:00,2026-06-01 13:13:00,2026-06-01 13:25:00,UPI,Delivered,15,15,False,1382.0,7
3515,40627,12,148,2026-06-23 11:09:00,2026-06-23 11:14:00,2026-06-23 11:24:00,UPI,Cancelled,15,15,False,388.0,4
3516,27928,4,125,2026-06-13 12:22:00,2026-06-13 12:24:00,2026-06-13 12:40:00,UPI,Cancelled,15,18,True,126.0,3
3517,34942,5,170,2026-06-18 19:20:00,2026-06-18 19:24:00,2026-06-18 19:35:00,UPI,Delivered,15,15,False,35.0,1
3518,31088,19,143,2026-06-10 14:26:00,2026-06-10 14:28:00,2026-06-10 14:43:00,COD,Delivered,15,17,True,107.0,1
3519,35118,19,107,2026-06-25 15:50:00,2026-06-25 15:52:00,2026-06-25 16:01:00,Wallet,Delivered,15,11,False,3405.0,12
3520,13242,3,142,2026-06-16 22:23:00,2026-06-16 22:25:00,2026-06-16 22:37:00,Card,Delivered,15,14,False,2531.0,10
3521,22885,2,188,2026-06-19 21:52:00,2026-06-19 21:54:00,2026-06-19 22:07:00,UPI,Delivered,15,15,False,1319.0,4
3522,15430,4,167,2026-06-22 21:07:00,2026-06-22 21:11:00,2026-06-22 21:18:00,UPI,Delivered,15,11,False,886.0,5
3523,45979,16,199,2026-06-19 20:19:00,2026-06-19 20:22:00,2026-06-19 20:35:00,UPI,Cancelled,15,16,True,464.0,2
3524,43507,5,76,2026-06-09 13:58:00,2026-06-09 14:01:00,2026-06-09 14:18:00,Card,Delivered,15,20,True,2170.0,8
3525,13977,4,77,2026-06-25 12:35:00,2026-06-25 12:40:00,2026-06-25 12:56:00,Card,Delivered,15,21,True,1030.0,4
3526,36568,6,165,2026-06-10 14:15:00,2026-06-10 14:19:00,2026-06-10 14:29:00,UPI,Delivered,15,14,False,1047.0,6
3527,26507,2,14,2026-06-21 21:35:00,2026-06-21 21:39:00,2026-06-21 21:50:00,Card,Delivered,15,15,False,354.0,4
3528,37493,16,199,2026-06-07 19:04:00,2026-06-07 19:08:00,2026-06-07 19:20:00,UPI,Delivered,15,16,True,1666.0,6
3529,48393,12,18,2026-06-04 13:33:00,2026-06-04 13:35:00,2026-06-04 13:50:00,Card,Delivered,15,17,True,1419.0,9
3530,34543,14,169,2026-06-16 14:59:00,2026-06-16 15:02:00,2026-06-16 15:11:00,Card,Delivered,15,12,False,1829.0,8
3531,34965,19,149,2026-06-16 10:39:00,2026-06-16 10:44:00,2026-06-16 10:51:00,UPI,Delivered,15,12,False,1792.0,7
3532,23918,13,161,2026-06-22 17:18:00,2026-06-22 17:23:00,2026-06-22 17:32:00,Card,Delivered,15,14,False,738.0,5
3533,49153,4,70,2026-06-23 14:21:00,2026-06-23 14:26:00,2026-06-23 14:31:00,UPI,Cancelled,15,10,False,826.0,4
3534,37551,10,196,2026-06-12 18:35:00,2026-06-12 18:39:00,2026-06-12 18:47:00,UPI,Delivered,15,12,False,1968.0,6
3535,12058,14,56,2026-06-07 19:25:00,2026-06-07 19:27:00,2026-06-07 19:41:00,UPI,Delivered,15,16,True,2738.0,9
3536,47131,2,20,2026-06-12 21:05:00,2026-06-12 21:08:00,2026-06-12 21:17:00,COD,Delivered,15,12,False,1159.0,7
3537,30783,5,170,2026-06-06 12:34:00,2026-06-06 12:36:00,2026-06-06 12:50:00,Card,Delivered,15,16,True,625.0,4
3538,35140,6,52,2026-06-30 20:50:00,2026-06-30 20:52:00,2026-06-30 21:15:00,UPI,Delivered,15,25,True,609.0,3
3539,12885,16,171,2026-06-05 17:42:00,2026-06-05 17:44:00,2026-06-05 17:55:00,UPI,Delivered,15,13,False,535.0,4
3540,46426,3,159,2026-06-29 19:45:00,2026-06-29 19:48:00,2026-06-29 20:00:00,UPI,Delivered,15,15,False,1609.0,6
3541,44723,2,14,2026-06-14 10:15:00,2026-06-14 10:20:00,2026-06-14 10:31:00,UPI,Delivered,15,16,True,1325.0,8
3542,49648,1,81,2026-06-05 15:02:00,2026-06-05 15:05:00,2026-06-05 15:18:00,COD,Delivered,15,16,True,1135.0,3
3543,28481,5,151,2026-06-18 18:41:00,2026-06-18 18:44:00,2026-06-18 18:55:00,UPI,Delivered,15,14,False,3069.0,9
3544,29403,2,189,2026-06-14 14:34:00,2026-06-14 14:39:00,2026-06-14 14:47:00,UPI,Delivered,15,13,False,2751.0,13
3545,15340,1,57,2026-06-01 17:10:00,2026-06-01 17:13:00,2026-06-01 17:22:00,UPI,Delivered,15,12,False,816.0,3
3546,33861,7,53,2026-06-09 21:35:00,2026-06-09 21:38:00,2026-06-09 21:51:00,UPI,Delivered,15,16,True,1127.0,4
3547,21718,1,36,2026-06-29 20:23:00,2026-06-29 20:25:00,2026-06-29 20:44:00,UPI,Delivered,15,21,True,1728.0,9
3548,46631,10,47,2026-06-03 21:34:00,2026-06-03 21:38:00,2026-06-03 21:47:00,UPI,Delivered,15,13,False,1863.0,7
3549,13627,14,7,2026-06-13 18:29:00,2026-06-13 18:32:00,2026-06-13 18:43:00,UPI,Delivered,15,14,False,321.0,4
3550,27545,1,114,2026-06-06 12:13:00,2026-06-06 12:16:00,2026-06-06 12:30:00,Card,Delivered,15,17,True,1665.0,6
3551,17010,4,157,2026-06-30 14:45:00,2026-06-30 14:49:00,2026-06-30 14:57:00,UPI,Delivered,15,12,False,656.0,2
3552,35504,18,140,2026-06-12 18:46:00,2026-06-12 18:48:00,2026-06-12 18:59:00,UPI,Cancelled,15,13,False,1922.0,10
3553,25310,16,179,2026-06-03 19:44:00,2026-06-03 19:48:00,2026-06-03 20:05:00,COD,Delivered,15,21,True,1118.0,7
3554,11609,6,60,2026-06-24 22:29:00,2026-06-24 22:34:00,2026-06-24 22:42:00,COD,Delivered,15,13,False,1094.0,3
3555,38579,14,131,2026-06-01 21:51:00,2026-06-01 21:53:00,2026-06-01 22:04:00,Wallet,Delivered,15,13,False,682.0,3
3556,49052,12,148,2026-06-27 19:05:00,2026-06-27 19:09:00,2026-06-27 19:23:00,UPI,Delivered,15,18,True,930.0,3
3557,24148,13,174,2026-06-06 20:19:00,2026-06-06 20:24:00,2026-06-06 20:34:00,Card,Delivered,15,15,False,2085.0,12
3558,19395,5,193,2026-06-07 13:33:00,2026-06-07 13:38:00,2026-06-07 13:48:00,Card,Delivered,15,15,False,1814.0,8
3559,23795,4,10,2026-06-19 15:34:00,2026-06-19 15:39:00,2026-06-19 15:48:00,UPI,Delivered,15,14,False,1585.0,11
3560,34377,17,2,2026-06-01 10:30:00,2026-06-01 10:32:00,2026-06-01 10:43:00,UPI,Delivered,15,13,False,189.0,1
3561,22496,12,135,2026-06-25 11:53:00,2026-06-25 11:55:00,2026-06-25 12:10:00,UPI,Delivered,15,17,True,238.0,1
3562,19449,18,42,2026-06-26 19:35:00,2026-06-26 19:40:00,2026-06-26 19:52:00,COD,Delivered,15,17,True,170.0,1
3563,29545,5,37,2026-06-03 20:44:00,2026-06-03 20:49:00,2026-06-03 21:03:00,Card,Delivered,15,19,True,2374.0,12
3564,20924,17,59,2026-06-14 21:06:00,2026-06-14 21:08:00,2026-06-14 21:20:00,Card,Delivered,15,14,False,468.0,2
3565,31960,8,152,2026-06-25 19:11:00,2026-06-25 19:16:00,2026-06-25 19:28:00,Wallet,Delivered,15,17,True,3908.0,13
3566,22478,2,34,2026-06-18 20:42:00,2026-06-18 20:47:00,2026-06-18 20:59:00,UPI,Delivered,15,17,True,540.0,2
3567,49757,20,119,2026-06-02 19:20:00,2026-06-02 19:24:00,2026-06-02 19:36:00,Card,Cancelled,15,16,True,1117.0,4
3568,45999,17,147,2026-06-21 19:36:00,2026-06-21 19:40:00,2026-06-21 19:52:00,Card,Delivered,15,16,True,2978.0,13
3569,27186,13,13,2026-06-29 15:18:00,2026-06-29 15:22:00,2026-06-29 15:30:00,UPI,Delivered,15,12,False,1217.0,5
3570,10301,6,181,2026-06-30 20:24:00,2026-06-30 20:26:00,2026-06-30 20:39:00,Card,Delivered,15,15,False,4476.0,13
3571,31378,20,124,2026-06-07 10:04:00,2026-06-07 10:09:00,2026-06-07 10:12:00,UPI,Delivered,15,8,False,3074.0,10
3572,44300,11,103,2026-06-23 20:43:00,2026-06-23 20:46:00,2026-06-23 21:06:00,UPI,Delivered,15,23,True,744.0,2
3573,10791,5,151,2026-06-16 20:26:00,2026-06-16 20:31:00,2026-06-16 20:48:00,UPI,Delivered,15,22,True,2911.0,11
3574,47620,14,132,2026-06-16 21:48:00,2026-06-16 21:50:00,2026-06-16 22:00:00,Wallet,Delivered,15,12,False,892.0,8
3575,40091,14,132,2026-06-09 13:13:00,2026-06-09 13:18:00,2026-06-09 13:27:00,COD,Delivered,15,14,False,2567.0,8
3576,49831,15,163,2026-06-19 21:57:00,2026-06-19 22:00:00,2026-06-19 22:09:00,COD,Delivered,15,12,False,2727.0,12
3577,17733,13,116,2026-06-28 12:08:00,2026-06-28 12:11:00,2026-06-28 12:25:00,Card,Delivered,15,17,True,1018.0,6
3578,26142,9,96,2026-06-28 11:03:00,2026-06-28 11:05:00,2026-06-28 11:15:00,UPI,Delivered,15,12,False,2273.0,12
3579,48819,2,73,2026-06-14 13:34:00,2026-06-14 13:38:00,2026-06-14 13:49:00,Card,Delivered,15,15,False,1678.0,5
3580,40226,9,144,2026-06-03 21:34:00,2026-06-03 21:37:00,2026-06-03 21:48:00,UPI,Delivered,15,14,False,1341.0,9
3581,45200,20,150,2026-06-21 12:15:00,2026-06-21 12:20:00,2026-06-21 12:27:00,Wallet,Cancelled,15,12,False,127.0,1
3582,28604,4,10,2026-06-05 20:43:00,2026-06-05 20:47:00,2026-06-05 21:04:00,UPI,Delivered,15,21,True,990.0,6
3583,25247,1,46,2026-06-07 20:09:00,2026-06-07 20:14:00,2026-06-07 20:24:00,UPI,Delivered,15,15,False,1329.0,9
3584,49173,16,199,2026-06-07 18:05:00,2026-06-07 18:08:00,2026-06-07 18:19:00,Card,Delivered,15,14,False,1155.0,6
3585,32871,10,49,2026-06-28 19:53:00,2026-06-28 19:57:00,2026-06-28 20:14:00,Card,Delivered,15,21,True,288.0,1
3586,44721,19,100,2026-06-08 14:29:00,2026-06-08 14:34:00,2026-06-08 14:44:00,COD,Delivered,15,15,False,706.0,2
3587,12992,8,29,2026-06-05 21:23:00,2026-06-05 21:26:00,2026-06-05 21:38:00,UPI,Delivered,15,15,False,362.0,1
3588,20798,20,79,2026-06-11 14:47:00,2026-06-11 14:49:00,2026-06-11 15:03:00,Wallet,Returned,15,16,True,1005.0,6
3589,11537,12,41,2026-06-01 20:14:00,2026-06-01 20:16:00,2026-06-01 20:40:00,COD,Delivered,15,26,True,198.0,2
3590,24402,5,37,2026-06-15 10:24:00,2026-06-15 10:29:00,2026-06-15 10:38:00,UPI,Delivered,15,14,False,2912.0,9
3591,12518,11,9,2026-06-24 21:19:00,2026-06-24 21:24:00,2026-06-24 21:31:00,COD,Delivered,15,12,False,1460.0,5
3592,44290,17,134,2026-06-24 22:02:00,2026-06-24 22:07:00,2026-06-24 22:14:00,UPI,Delivered,15,12,False,1700.0,9
3593,18235,3,186,2026-06-10 19:29:00,2026-06-10 19:32:00,2026-06-10 19:49:00,UPI,Delivered,15,20,True,634.0,7
3594,44163,13,161,2026-06-30 17:29:00,2026-06-30 17:34:00,2026-06-30 17:41:00,Card,Delivered,15,12,False,2026.0,8
3595,37478,13,154,2026-06-30 13:35:00,2026-06-30 13:38:00,2026-06-30 13:54:00,Wallet,Cancelled,15,19,True,763.0,5
3596,39791,5,153,2026-06-09 12:25:00,2026-06-09 12:30:00,2026-06-09 12:45:00,Card,Delivered,15,20,True,320.0,2
3597,40419,19,118,2026-06-19 19:30:00,2026-06-19 19:34:00,2026-06-19 19:49:00,COD,Delivered,15,19,True,189.0,1
3598,44274,20,124,2026-06-21 12:54:00,2026-06-21 12:59:00,2026-06-21 13:10:00,UPI,Delivered,15,16,True,1857.0,11
3599,48165,3,87,2026-06-20 22:00:00,2026-06-20 22:05:00,2026-06-20 22:12:00,UPI,Delivered,15,12,False,1607.0,7
3600,46829,5,123,2026-06-08 19:28:00,2026-06-08 19:30:00,2026-06-08 19:39:00,UPI,Delivered,15,11,False,2918.0,11
3601,39389,18,140,2026-06-13 09:40:00,2026-06-13 09:44:00,2026-06-13 09:50:00,UPI,Cancelled,15,10,False,2440.0,10
3602,27709,7,38,2026-06-20 17:31:00,2026-06-20 17:36:00,2026-06-20 17:47:00,Wallet,Delivered,15,16,True,396.0,3
3603,25832,1,114,2026-06-13 22:33:00,2026-06-13 22:36:00,2026-06-13 22:44:00,UPI,Delivered,15,11,False,3125.0,13
3604,41032,2,24,2026-06-12 11:39:00,2026-06-12 11:43:00,2026-06-12 11:53:00,Wallet,Delivered,15,14,False,1986.0,9
3605,23874,3,142,2026-06-15 21:04:00,2026-06-15 21:09:00,2026-06-15 21:16:00,COD,Cancelled,15,12,False,605.0,4
3606,32122,16,155,2026-06-07 19:07:00,2026-06-07 19:10:00,2026-06-07 19:29:00,UPI,Delivered,15,22,True,150.0,4
3607,27613,14,131,2026-06-20 22:42:00,2026-06-20 22:45:00,2026-06-20 22:54:00,Wallet,Delivered,15,12,False,1160.0,8
3608,44476,11,17,2026-06-21 21:59:00,2026-06-21 22:04:00,2026-06-21 22:11:00,UPI,Delivered,15,12,False,1224.0,3
3609,38051,17,30,2026-06-25 21:16:00,2026-06-25 21:18:00,2026-06-25 21:29:00,Wallet,Delivered,15,13,False,2021.0,5
3610,35314,11,64,2026-06-01 20:18:00,2026-06-01 20:21:00,2026-06-01 20:42:00,COD,Delivered,15,24,True,471.0,4
3611,37263,4,70,2026-06-24 08:42:00,2026-06-24 08:46:00,2026-06-24 08:54:00,COD,Delivered,15,12,False,638.0,4
3612,24542,8,152,2026-06-22 19:12:00,2026-06-22 19:16:00,2026-06-22 19:31:00,UPI,Delivered,15,19,True,168.0,2
3613,25848,13,61,2026-06-26 19:47:00,2026-06-26 19:51:00,2026-06-26 20:11:00,UPI,Delivered,15,24,True,1098.0,4
3614,46234,19,100,2026-06-04 11:42:00,2026-06-04 11:46:00,2026-06-04 11:54:00,Card,Delivered,15,12,False,2961.0,10
3615,38169,7,162,2026-06-18 10:33:00,2026-06-18 10:36:00,2026-06-18 10:44:00,UPI,Delivered,15,11,False,1458.0,4
3616,29474,18,192,2026-06-23 19:23:00,2026-06-23 19:28:00,2026-06-23 19:51:00,UPI,Delivered,15,28,True,1094.0,6
3617,19570,15,187,2026-06-12 20:11:00,2026-06-12 20:15:00,2026-06-12 20:29:00,COD,Delivered,15,18,True,2223.0,7
3618,12730,15,141,2026-06-03 21:05:00,2026-06-03 21:07:00,2026-06-03 21:20:00,Card,Delivered,15,15,False,256.0,1
3619,42967,6,191,2026-06-09 14:52:00,2026-06-09 14:57:00,2026-06-09 15:03:00,COD,Delivered,15,11,False,326.0,2
3620,13829,19,149,2026-06-06 20:48:00,2026-06-06 20:50:00,2026-06-06 21:10:00,COD,Delivered,15,22,True,1847.0,5
3621,28573,4,10,2026-06-27 11:23:00,2026-06-27 11:26:00,2026-06-27 11:34:00,Card,Delivered,15,11,False,1136.0,4
3622,44783,17,2,2026-06-17 19:49:00,2026-06-17 19:53:00,2026-06-17 20:03:00,UPI,Delivered,15,14,False,1306.0,8
3623,25446,17,2,2026-06-02 19:20:00,2026-06-02 19:22:00,2026-06-02 19:41:00,UPI,Delivered,15,21,True,384.0,1
3624,18393,9,164,2026-06-27 12:27:00,2026-06-27 12:32:00,2026-06-27 12:41:00,UPI,Delivered,15,14,False,528.0,3
3625,24316,6,165,2026-06-01 13:35:00,2026-06-01 13:38:00,2026-06-01 13:54:00,UPI,Delivered,15,19,True,1783.0,8
3626,12668,14,7,2026-06-05 18:44:00,2026-06-05 18:48:00,2026-06-05 18:58:00,Card,Delivered,15,14,False,2462.0,12
3627,35888,15,163,2026-06-15 21:05:00,2026-06-15 21:07:00,2026-06-15 21:14:00,UPI,Delivered,15,9,False,1185.0,3
3628,32931,1,92,2026-06-21 15:25:00,2026-06-21 15:27:00,2026-06-21 15:40:00,UPI,Delivered,15,15,False,783.0,5
3629,29175,18,140,2026-06-14 18:05:00,2026-06-14 18:10:00,2026-06-14 18:16:00,COD,Delivered,15,11,False,1390.0,5
3630,47764,13,174,2026-06-01 10:20:00,2026-06-01 10:23:00,2026-06-01 10:31:00,COD,Delivered,15,11,False,930.0,3
3631,16057,20,15,2026-06-14 20:29:00,2026-06-14 20:32:00,2026-06-14 20:46:00,UPI,Delivered,15,17,True,3193.0,11
3632,36903,18,140,2026-06-30 13:36:00,2026-06-30 13:40:00,2026-06-30 13:56:00,UPI,Delivered,15,20,True,602.0,2
3633,35481,10,78,2026-06-19 20:44:00,2026-06-19 20:47:00,2026-06-19 21:04:00,UPI,Delivered,15,20,True,93.0,1
3634,45703,17,147,2026-06-10 20:30:00,2026-06-10 20:35:00,2026-06-10 20:53:00,Wallet,Delivered,15,23,True,2731.0,11
3635,17162,8,120,2026-06-23 20:50:00,2026-06-23 20:54:00,2026-06-23 21:07:00,Card,Delivered,15,17,True,276.0,3
3636,38395,15,163,2026-06-05 14:47:00,2026-06-05 14:51:00,2026-06-05 14:59:00,Card,Cancelled,15,12,False,955.0,4
3637,46673,2,66,2026-06-14 10:48:00,2026-06-14 10:53:00,2026-06-14 11:03:00,COD,Delivered,15,15,False,1628.0,6
3638,17943,5,37,2026-06-19 19:55:00,2026-06-19 19:57:00,2026-06-19 20:12:00,UPI,Cancelled,15,17,True,1438.0,4
3639,13332,6,181,2026-06-14 19:23:00,2026-06-14 19:27:00,2026-06-14 19:44:00,UPI,Delivered,15,21,True,581.0,4
3640,30359,11,9,2026-06-02 19:14:00,2026-06-02 19:19:00,2026-06-02 19:33:00,UPI,Delivered,15,19,True,3041.0,10
3641,10957,2,50,2026-06-06 19:10:00,2026-06-06 19:14:00,2026-06-06 19:30:00,UPI,Delivered,15,20,True,244.0,6
3642,48826,16,190,2026-06-27 20:32:00,2026-06-27 20:34:00,2026-06-27 20:56:00,Wallet,Delivered,15,24,True,1983.0,7
3643,35723,8,120,2026-06-19 19:35:00,2026-06-19 19:40:00,2026-06-19 19:50:00,UPI,Delivered,15,15,False,1956.0,6
3644,47451,15,180,2026-06-22 20:08:00,2026-06-22 20:10:00,2026-06-22 20:27:00,UPI,Returned,15,19,True,1173.0,4
3645,49201,2,98,2026-06-30 09:36:00,2026-06-30 09:40:00,2026-06-30 09:51:00,UPI,Delivered,15,15,False,1626.0,5
3646,49980,4,8,2026-06-11 19:55:00,2026-06-11 20:00:00,2026-06-11 20:16:00,UPI,Delivered,15,21,True,3122.0,10
3647,30936,12,41,2026-06-25 20:07:00,2026-06-25 20:12:00,2026-06-25 20:22:00,Card,Delivered,15,15,False,2905.0,11
3648,12374,2,66,2026-06-12 14:03:00,2026-06-12 14:08:00,2026-06-12 14:18:00,UPI,Delivered,15,15,False,2887.0,11
3649,22323,11,184,2026-06-18 20:18:00,2026-06-18 20:23:00,2026-06-18 20:42:00,UPI,Delivered,15,24,True,326.0,2
3650,12629,13,166,2026-06-19 15:28:00,2026-06-19 15:30:00,2026-06-19 15:41:00,UPI,Delivered,15,13,False,1156.0,5
3651,25003,4,77,2026-06-02 19:00:00,2026-06-02 19:04:00,2026-06-02 19:22:00,UPI,Cancelled,15,22,True,774.0,4
3652,48723,14,68,2026-06-26 20:20:00,2026-06-26 20:23:00,2026-06-26 20:43:00,UPI,Delivered,15,23,True,1683.0,6
3653,23604,9,96,2026-06-29 19:38:00,2026-06-29 19:42:00,2026-06-29 19:59:00,UPI,Delivered,15,21,True,1636.0,9
3654,28757,4,8,2026-06-10 19:11:00,2026-06-10 19:13:00,2026-06-10 19:27:00,COD,Delivered,15,16,True,1022.0,11
3655,37643,4,175,2026-06-07 21:08:00,2026-06-07 21:10:00,2026-06-07 21:22:00,Card,Delivered,15,14,False,1838.0,8
3656,19400,9,198,2026-06-04 21:32:00,2026-06-04 21:37:00,2026-06-04 21:43:00,Card,Delivered,15,11,False,1689.0,7
3657,29692,5,193,2026-06-06 10:11:00,2026-06-06 10:16:00,2026-06-06 10:24:00,Card,Delivered,15,13,False,2431.0,10
3658,40126,5,193,2026-06-07 19:50:00,2026-06-07 19:53:00,2026-06-07 20:10:00,Card,Delivered,15,20,True,2625.0,7
3659,45682,6,80,2026-06-20 13:37:00,2026-06-20 13:39:00,2026-06-20 13:56:00,UPI,Delivered,15,19,True,1785.0,6
3660,32664,8,128,2026-06-25 21:28:00,2026-06-25 21:31:00,2026-06-25 21:43:00,COD,Delivered,15,15,False,491.0,3
3661,29264,4,63,2026-06-13 08:43:00,2026-06-13 08:46:00,2026-06-13 08:58:00,COD,Delivered,15,15,False,2629.0,7
3662,31494,11,104,2026-06-27 12:13:00,2026-06-27 12:18:00,2026-06-27 12:28:00,Card,Delivered,15,15,False,1137.0,8
3663,14313,11,17,2026-06-06 19:12:00,2026-06-06 19:16:00,2026-06-06 19:32:00,UPI,Delivered,15,20,True,608.0,2
3664,47366,14,56,2026-06-27 18:45:00,2026-06-27 18:47:00,2026-06-27 19:01:00,UPI,Delivered,15,16,True,738.0,3
3665,37493,16,155,2026-06-30 20:13:00,2026-06-30 20:16:00,2026-06-30 20:30:00,UPI,Delivered,15,17,True,264.0,1
3666,46537,4,70,2026-06-12 19:45:00,2026-06-12 19:49:00,2026-06-12 19:58:00,Card,Delivered,15,13,False,232.0,2
3667,13844,14,68,2026-06-29 20:11:00,2026-06-29 20:14:00,2026-06-29 20:30:00,UPI,Delivered,15,19,True,252.0,4
3668,43601,18,42,2026-06-29 19:48:00,2026-06-29 19:52:00,2026-06-29 20:04:00,COD,Delivered,15,16,True,76.0,1
3669,48601,14,132,2026-06-08 21:46:00,2026-06-08 21:48:00,2026-06-08 22:01:00,Wallet,Delivered,15,15,False,1604.0,12
3670,32001,3,94,2026-06-07 13:02:00,2026-06-07 13:05:00,2026-06-07 13:22:00,UPI,Delivered,15,20,True,2546.0,8
3671,26980,1,57,2026-06-27 13:39:00,2026-06-27 13:44:00,2026-06-27 14:01:00,UPI,Delivered,15,22,True,707.0,3
3672,35432,1,114,2026-06-03 14:30:00,2026-06-03 14:35:00,2026-06-03 14:43:00,Card,Delivered,15,13,False,1526.0,8
3673,33358,1,114,2026-06-03 13:40:00,2026-06-03 13:45:00,2026-06-03 13:56:00,UPI,Delivered,15,16,True,703.0,3
3674,23273,19,110,2026-06-26 13:07:00,2026-06-26 13:11:00,2026-06-26 13:24:00,UPI,Delivered,15,17,True,315.0,1
3675,15693,7,162,2026-06-28 20:34:00,2026-06-28 20:36:00,2026-06-28 20:54:00,UPI,Cancelled,15,20,True,571.0,4
3676,17146,12,4,2026-06-19 20:47:00,2026-06-19 20:49:00,2026-06-19 21:08:00,UPI,Delivered,15,21,True,2135.0,8
3677,31106,12,4,2026-06-22 14:46:00,2026-06-22 14:51:00,2026-06-22 14:59:00,Card,Delivered,15,13,False,1857.0,9
3678,47916,15,62,2026-06-03 13:38:00,2026-06-03 13:42:00,2026-06-03 13:56:00,COD,Delivered,15,18,True,1300.0,4
3679,28005,20,72,2026-06-13 20:46:00,2026-06-13 20:48:00,2026-06-13 21:08:00,UPI,Delivered,15,22,True,2739.0,7
3680,16012,18,168,2026-06-17 17:51:00,2026-06-17 17:55:00,2026-06-17 18:03:00,COD,Delivered,15,12,False,1674.0,7
3681,19727,9,144,2026-06-04 19:41:00,2026-06-04 19:43:00,2026-06-04 20:04:00,Card,Delivered,15,23,True,2216.0,11
3682,31755,18,140,2026-06-21 20:42:00,2026-06-21 20:47:00,2026-06-21 21:00:00,COD,Delivered,15,18,True,760.0,7
3683,14955,19,91,2026-06-30 20:11:00,2026-06-30 20:14:00,2026-06-30 20:29:00,UPI,Delivered,15,18,True,42.0,1
3684,21050,5,76,2026-06-16 10:38:00,2026-06-16 10:41:00,2026-06-16 10:50:00,UPI,Delivered,15,12,False,2141.0,7
3685,34759,12,135,2026-06-09 13:45:00,2026-06-09 13:47:00,2026-06-09 14:03:00,UPI,Delivered,15,18,True,3461.0,12
3686,38997,2,66,2026-06-05 12:19:00,2026-06-05 12:22:00,2026-06-05 12:35:00,UPI,Delivered,15,16,True,478.0,4
3687,26541,6,90,2026-06-29 18:12:00,2026-06-29 18:14:00,2026-06-29 18:25:00,UPI,Delivered,15,13,False,825.0,3
3688,48248,20,84,2026-06-21 20:28:00,2026-06-21 20:32:00,2026-06-21 20:41:00,Card,Delivered,15,13,False,238.0,4
3689,31369,18,168,2026-06-26 20:45:00,2026-06-26 20:48:00,2026-06-26 21:10:00,UPI,Delivered,15,25,True,2558.0,9
3690,17877,9,96,2026-06-08 21:28:00,2026-06-08 21:32:00,2026-06-08 21:43:00,COD,Delivered,15,15,False,327.0,2
3691,15050,13,174,2026-06-24 20:22:00,2026-06-24 20:24:00,2026-06-24 20:37:00,UPI,Delivered,15,15,False,1197.0,9
3692,40279,19,182,2026-06-29 20:30:00,2026-06-29 20:32:00,2026-06-29 20:49:00,UPI,Delivered,15,19,True,621.0,3
3693,19993,17,3,2026-06-22 21:32:00,2026-06-22 21:35:00,2026-06-22 21:46:00,UPI,Delivered,15,14,False,2151.0,9
3694,16810,13,174,2026-06-07 20:24:00,2026-06-07 20:26:00,2026-06-07 20:39:00,Card,Delivered,15,15,False,570.0,3
3695,46138,8,128,2026-06-08 19:36:00,2026-06-08 19:39:00,2026-06-08 20:01:00,Wallet,Delivered,15,25,True,1300.0,9
3696,15081,3,94,2026-06-11 21:56:00,2026-06-11 22:00:00,2026-06-11 22:07:00,UPI,Delivered,15,11,False,757.0,5
3697,37844,10,178,2026-06-10 21:31:00,2026-06-10 21:33:00,2026-06-10 21:45:00,UPI,Delivered,15,14,False,77.0,1
3698,20741,3,142,2026-06-09 20:14:00,2026-06-09 20:17:00,2026-06-09 20:30:00,COD,Delivered,15,16,True,2416.0,11
3699,24563,17,106,2026-06-30 20:42:00,2026-06-30 20:44:00,2026-06-30 21:01:00,Card,Delivered,15,19,True,312.0,2
3700,43513,15,62,2026-06-26 12:17:00,2026-06-26 12:20:00,2026-06-26 12:33:00,Card,Delivered,15,16,True,1805.0,9
3701,44542,7,53,2026-06-03 14:14:00,2026-06-03 14:18:00,2026-06-03 14:29:00,UPI,Delivered,15,15,False,66.0,3
3702,15980,13,174,2026-06-19 21:11:00,2026-06-19 21:16:00,2026-06-19 21:22:00,Wallet,Delivered,15,11,False,1826.0,8
3703,38259,11,64,2026-06-26 19:01:00,2026-06-26 19:04:00,2026-06-26 19:24:00,Card,Delivered,15,23,True,2172.0,12
3704,26125,16,190,2026-06-24 19:04:00,2026-06-24 19:09:00,2026-06-24 19:24:00,UPI,Delivered,15,20,True,1180.0,4
3705,13096,6,60,2026-06-03 19:37:00,2026-06-03 19:39:00,2026-06-03 19:59:00,COD,Delivered,15,22,True,1835.0,7
3706,23708,6,80,2026-06-24 20:56:00,2026-06-24 21:00:00,2026-06-24 21:17:00,UPI,Delivered,15,21,True,127.0,1
3707,46362,5,76,2026-06-02 14:07:00,2026-06-02 14:09:00,2026-06-02 14:23:00,UPI,Delivered,15,16,True,1095.0,6
3708,44231,6,71,2026-06-15 20:10:00,2026-06-15 20:13:00,2026-06-15 20:28:00,Card,Delivered,15,18,True,1062.0,9
3709,40111,15,187,2026-06-21 20:35:00,2026-06-21 20:38:00,2026-06-21 20:53:00,UPI,Delivered,15,18,True,1274.0,4
3710,45357,12,41,2026-06-15 21:00:00,2026-06-15 21:02:00,2026-06-15 21:13:00,COD,Delivered,15,13,False,1744.0,7
3711,30061,17,134,2026-06-07 14:46:00,2026-06-07 14:50:00,2026-06-07 15:02:00,COD,Delivered,15,16,True,1251.0,4
3712,24501,6,44,2026-06-24 20:44:00,2026-06-24 20:48:00,2026-06-24 21:08:00,Wallet,Delivered,15,24,True,1465.0,8
3713,12288,19,143,2026-06-22 19:26:00,2026-06-22 19:30:00,2026-06-22 19:42:00,Card,Delivered,15,16,True,2537.0,9
3714,49056,8,128,2026-06-05 19:57:00,2026-06-05 20:01:00,2026-06-05 20:22:00,UPI,Delivered,15,25,True,976.0,3
3715,10365,7,53,2026-06-13 20:39:00,2026-06-13 20:42:00,2026-06-13 21:04:00,Card,Delivered,15,25,True,1677.0,7
3716,36756,2,14,2026-06-13 19:35:00,2026-06-13 19:38:00,2026-06-13 19:54:00,UPI,Delivered,15,19,True,1840.0,5
3717,16957,16,155,2026-06-19 11:01:00,2026-06-19 11:03:00,2026-06-19 11:12:00,UPI,Delivered,15,11,False,894.0,4
3718,42680,10,178,2026-06-14 19:37:00,2026-06-14 19:41:00,2026-06-14 19:56:00,UPI,Delivered,15,19,True,513.0,4
3719,26682,5,123,2026-06-14 18:47:00,2026-06-14 18:51:00,2026-06-14 18:56:00,UPI,Delivered,15,9,False,2218.0,8
3720,46530,3,159,2026-06-01 21:36:00,2026-06-01 21:40:00,2026-06-01 21:52:00,UPI,Delivered,15,16,True,1338.0,6
3721,25227,5,153,2026-06-20 13:13:00,2026-06-20 13:16:00,2026-06-20 13:34:00,UPI,Delivered,15,21,True,2735.0,11
3722,39265,19,143,2026-06-16 20:27:00,2026-06-16 20:31:00,2026-06-16 20:47:00,UPI,Delivered,15,20,True,2106.0,6
3723,16563,16,155,2026-06-05 22:13:00,2026-06-05 22:17:00,2026-06-05 22:30:00,UPI,Delivered,15,17,True,1312.0,5
3724,28667,8,128,2026-06-02 21:26:00,2026-06-02 21:28:00,2026-06-02 21:38:00,UPI,Delivered,15,12,False,810.0,4
3725,43762,8,128,2026-06-29 21:30:00,2026-06-29 21:34:00,2026-06-29 21:41:00,Card,Delivered,15,11,False,1968.0,9
3726,27496,17,147,2026-06-30 21:39:00,2026-06-30 21:44:00,2026-06-30 21:54:00,UPI,Delivered,15,15,False,1666.0,9
3727,48492,2,188,2026-06-28 11:10:00,2026-06-28 11:13:00,2026-06-28 11:22:00,UPI,Delivered,15,12,False,2192.0,8
3728,32867,16,155,2026-06-30 13:06:00,2026-06-30 13:09:00,2026-06-30 13:26:00,Card,Delivered,15,20,True,1072.0,4
3729,30213,3,186,2026-06-13 10:40:00,2026-06-13 10:42:00,2026-06-13 10:52:00,Card,Cancelled,15,12,False,1097.0,3
3730,48498,11,17,2026-06-01 20:01:00,2026-06-01 20:04:00,2026-06-01 20:19:00,UPI,Delivered,15,18,True,3215.0,13
3731,35344,10,51,2026-06-21 21:14:00,2026-06-21 21:17:00,2026-06-21 21:27:00,Card,Delivered,15,13,False,3600.0,12
3732,48567,14,68,2026-06-19 18:11:00,2026-06-19 18:15:00,2026-06-19 18:25:00,UPI,Delivered,15,14,False,1771.0,9
3733,42185,7,74,2026-06-09 21:47:00,2026-06-09 21:50:00,2026-06-09 21:59:00,UPI,Delivered,15,12,False,1461.0,6
3734,46006,17,30,2026-06-07 13:37:00,2026-06-07 13:42:00,2026-06-07 13:53:00,COD,Delivered,15,16,True,795.0,2
3735,41285,19,107,2026-06-24 11:11:00,2026-06-24 11:14:00,2026-06-24 11:24:00,UPI,Delivered,15,13,False,324.0,2
3736,38294,2,66,2026-06-15 22:42:00,2026-06-15 22:45:00,2026-06-15 22:53:00,UPI,Delivered,15,11,False,485.0,5
3737,41939,1,121,2026-06-13 20:21:00,2026-06-13 20:26:00,2026-06-13 20:33:00,UPI,Delivered,15,12,False,1987.0,12
3738,17437,17,2,2026-06-20 14:30:00,2026-06-20 14:32:00,2026-06-20 14:43:00,UPI,Delivered,15,13,False,2395.0,9
3739,47059,3,87,2026-06-19 19:23:00,2026-06-19 19:27:00,2026-06-19 19:45:00,UPI,Delivered,15,22,True,1475.0,5
3740,32185,17,59,2026-06-30 21:43:00,2026-06-30 21:46:00,2026-06-30 21:54:00,UPI,Cancelled,15,11,False,1133.0,6
3741,24821,7,74,2026-06-23 20:15:00,2026-06-23 20:18:00,2026-06-23 20:38:00,UPI,Delivered,15,23,True,844.0,5
3742,12985,10,49,2026-06-26 13:17:00,2026-06-26 13:20:00,2026-06-26 13:30:00,UPI,Delivered,15,13,False,672.0,4
3743,46418,7,83,2026-06-15 12:41:00,2026-06-15 12:46:00,2026-06-15 12:52:00,COD,Delivered,15,11,False,1723.0,10
3744,25398,16,171,2026-06-15 22:23:00,2026-06-15 22:27:00,2026-06-15 22:38:00,Wallet,Delivered,15,15,False,2157.0,6
3745,48432,17,59,2026-06-01 19:10:00,2026-06-01 19:12:00,2026-06-01 19:30:00,Card,Delivered,15,20,True,1623.0,8
3746,18745,12,19,2026-06-24 18:44:00,2026-06-24 18:47:00,2026-06-24 18:57:00,Card,Delivered,15,13,False,2244.0,13
3747,14886,16,171,2026-06-11 13:13:00,2026-06-11 13:16:00,2026-06-11 13:27:00,UPI,Delivered,15,14,False,1384.0,8
3748,45348,8,128,2026-06-15 20:55:00,2026-06-15 20:59:00,2026-06-15 21:14:00,UPI,Delivered,15,19,True,412.0,1
3749,46706,13,65,2026-06-14 19:31:00,2026-06-14 19:35:00,2026-06-14 19:57:00,Card,Delivered,15,26,True,225.0,3
3750,17087,2,45,2026-06-23 21:03:00,2026-06-23 21:08:00,2026-06-23 21:16:00,COD,Delivered,15,13,False,857.0,3
3751,42506,10,183,2026-06-11 18:14:00,2026-06-11 18:19:00,2026-06-11 18:27:00,UPI,Delivered,15,13,False,1940.0,8
3752,22416,19,182,2026-06-27 17:26:00,2026-06-27 17:31:00,2026-06-27 17:40:00,UPI,Delivered,15,14,False,2041.0,8
3753,15744,15,187,2026-06-20 20:13:00,2026-06-20 20:16:00,2026-06-20 20:27:00,Card,Delivered,15,14,False,649.0,4
3754,27699,3,69,2026-06-28 19:43:00,2026-06-28 19:46:00,2026-06-28 20:03:00,UPI,Delivered,15,20,True,989.0,7
3755,44814,12,115,2026-06-02 20:20:00,2026-06-02 20:25:00,2026-06-02 20:52:00,UPI,Delivered,15,32,True,1122.0,3
3756,37091,12,4,2026-06-12 20:45:00,2026-06-12 20:50:00,2026-06-12 21:08:00,UPI,Delivered,15,23,True,729.0,3
3757,38021,8,128,2026-06-10 20:50:00,2026-06-10 20:53:00,2026-06-10 21:16:00,UPI,Delivered,15,26,True,259.0,2
3758,40445,14,68,2026-06-08 12:39:00,2026-06-08 12:42:00,2026-06-08 12:53:00,Wallet,Delivered,15,14,False,2143.0,8
3759,14722,5,37,2026-06-19 20:06:00,2026-06-19 20:11:00,2026-06-19 20:25:00,Card,Delivered,15,19,True,1415.0,7
3760,30236,19,195,2026-06-19 18:23:00,2026-06-19 18:27:00,2026-06-19 18:37:00,UPI,Delivered,15,14,False,744.0,2
3761,32357,9,133,2026-06-01 17:25:00,2026-06-01 17:29:00,2026-06-01 17:39:00,UPI,Delivered,15,14,False,1185.0,6
3762,23552,6,52,2026-06-08 18:48:00,2026-06-08 18:52:00,2026-06-08 19:03:00,UPI,Cancelled,15,15,False,2341.0,9
3763,37312,1,36,2026-06-16 21:39:00,2026-06-16 21:42:00,2026-06-16 21:54:00,UPI,Delivered,15,15,False,634.0,2
3764,42826,5,35,2026-06-27 10:13:00,2026-06-27 10:18:00,2026-06-27 10:21:00,UPI,Delivered,15,8,False,2901.0,14
3765,35043,13,13,2026-06-08 19:41:00,2026-06-08 19:44:00,2026-06-08 20:00:00,UPI,Delivered,15,19,True,2311.0,9
3766,22576,17,106,2026-06-14 12:20:00,2026-06-14 12:22:00,2026-06-14 12:38:00,UPI,Delivered,15,18,True,741.0,3
3767,29362,18,172,2026-06-02 20:00:00,2026-06-02 20:05:00,2026-06-02 20:20:00,COD,Delivered,15,20,True,1300.0,7
3768,39922,2,73,2026-06-15 20:23:00,2026-06-15 20:28:00,2026-06-15 20:34:00,UPI,Cancelled,15,11,False,720.0,6
3769,17844,14,169,2026-06-11 12:06:00,2026-06-11 12:08:00,2026-06-11 12:22:00,UPI,Delivered,15,16,True,1076.0,3
3770,29452,17,30,2026-06-15 21:32:00,2026-06-15 21:37:00,2026-06-15 21:45:00,Card,Cancelled,15,13,False,1596.0,6
3771,12217,14,56,2026-06-19 19:10:00,2026-06-19 19:15:00,2026-06-19 19:35:00,UPI,Delivered,15,25,True,3159.0,11
3772,40249,15,156,2026-06-27 21:23:00,2026-06-27 21:27:00,2026-06-27 21:39:00,Wallet,Delivered,15,16,True,614.0,4
3773,40039,9,198,2026-06-15 20:56:00,2026-06-15 21:01:00,2026-06-15 21:21:00,UPI,Delivered,15,25,True,2923.0,10
3774,18881,2,188,2026-06-03 14:15:00,2026-06-03 14:17:00,2026-06-03 14:26:00,Card,Delivered,15,11,False,42.0,1
3775,27593,14,130,2026-06-07 20:32:00,2026-06-07 20:36:00,2026-06-07 20:47:00,Card,Delivered,15,15,False,844.0,4
3776,42590,12,135,2026-06-18 14:46:00,2026-06-18 14:51:00,2026-06-18 14:58:00,UPI,Delivered,15,12,False,2646.0,11
3777,38939,1,46,2026-06-11 13:19:00,2026-06-11 13:24:00,2026-06-11 13:31:00,Card,Delivered,15,12,False,1011.0,3
3778,43138,2,14,2026-06-22 21:04:00,2026-06-22 21:08:00,2026-06-22 21:17:00,Card,Delivered,15,13,False,958.0,6
3779,16426,12,86,2026-06-20 20:07:00,2026-06-20 20:09:00,2026-06-20 20:28:00,UPI,Delivered,15,21,True,604.0,4
3780,40178,6,71,2026-06-22 21:00:00,2026-06-22 21:04:00,2026-06-22 21:11:00,UPI,Delivered,15,11,False,1215.0,3
3781,14475,1,88,2026-06-13 12:07:00,2026-06-13 12:12:00,2026-06-13 12:21:00,UPI,Delivered,15,14,False,2326.0,9
3782,19450,19,118,2026-06-03 14:15:00,2026-06-03 14:19:00,2026-06-03 14:26:00,COD,Delivered,15,11,False,165.0,3
3783,43887,4,77,2026-06-30 18:35:00,2026-06-30 18:39:00,2026-06-30 18:48:00,COD,Delivered,15,13,False,3989.0,12
3784,40526,19,48,2026-06-22 18:24:00,2026-06-22 18:27:00,2026-06-22 18:37:00,Card,Delivered,15,13,False,790.0,3
3785,48918,5,35,2026-06-19 19:17:00,2026-06-19 19:20:00,2026-06-19 19:42:00,UPI,Delivered,15,25,True,1921.0,6
3786,43776,6,6,2026-06-03 10:39:00,2026-06-03 10:41:00,2026-06-03 10:53:00,UPI,Delivered,15,14,False,3372.0,12
3787,16345,18,27,2026-06-24 20:38:00,2026-06-24 20:40:00,2026-06-24 21:01:00,UPI,Delivered,15,23,True,1474.0,9
3788,46010,1,88,2026-06-14 21:59:00,2026-06-14 22:01:00,2026-06-14 22:15:00,UPI,Delivered,15,16,True,107.0,1
3789,42066,5,193,2026-06-10 18:19:00,2026-06-10 18:24:00,2026-06-10 18:32:00,Wallet,Returned,15,13,False,865.0,6
3790,43614,9,133,2026-06-11 21:31:00,2026-06-11 21:34:00,2026-06-11 21:42:00,UPI,Delivered,15,11,False,566.0,2
3791,20459,3,159,2026-06-15 20:25:00,2026-06-15 20:30:00,2026-06-15 20:37:00,UPI,Delivered,15,12,False,791.0,2
3792,14739,11,64,2026-06-22 18:59:00,2026-06-22 19:03:00,2026-06-22 19:11:00,UPI,Delivered,15,12,False,1355.0,5
3793,48026,9,31,2026-06-30 13:55:00,2026-06-30 13:57:00,2026-06-30 14:12:00,UPI,Delivered,15,17,True,672.0,3
3794,38799,9,198,2026-06-11 18:01:00,2026-06-11 18:04:00,2026-06-11 18:12:00,Card,Delivered,15,11,False,696.0,4
3795,28364,8,128,2026-06-08 20:28:00,2026-06-08 20:31:00,2026-06-08 20:48:00,UPI,Delivered,15,20,True,2088.0,8
3796,12180,9,144,2026-06-12 19:45:00,2026-06-12 19:50:00,2026-06-12 20:09:00,UPI,Delivered,15,24,True,976.0,4
3797,43066,2,14,2026-06-08 19:07:00,2026-06-08 19:10:00,2026-06-08 19:25:00,UPI,Delivered,15,18,True,1201.0,5
3798,32362,17,134,2026-06-29 20:27:00,2026-06-29 20:29:00,2026-06-29 20:52:00,UPI,Delivered,15,25,True,1597.0,6
3799,37980,7,108,2026-06-29 14:55:00,2026-06-29 14:58:00,2026-06-29 15:10:00,Card,Delivered,15,15,False,3121.0,11
3800,23256,16,179,2026-06-29 20:31:00,2026-06-29 20:33:00,2026-06-29 21:00:00,Wallet,Returned,15,29,True,446.0,2
3801,47496,17,106,2026-06-16 21:54:00,2026-06-16 21:58:00,2026-06-16 22:05:00,UPI,Delivered,15,11,False,1296.0,8
3802,45923,5,193,2026-06-01 12:55:00,2026-06-01 12:57:00,2026-06-01 13:12:00,Wallet,Delivered,15,17,True,928.0,4
3803,34982,7,75,2026-06-06 19:32:00,2026-06-06 19:34:00,2026-06-06 19:47:00,UPI,Delivered,15,15,False,724.0,8
3804,19452,4,77,2026-06-19 11:44:00,2026-06-19 11:47:00,2026-06-19 11:59:00,Card,Delivered,15,15,False,1023.0,7
3805,30941,13,13,2026-06-03 19:23:00,2026-06-03 19:28:00,2026-06-03 19:37:00,UPI,Delivered,15,14,False,1457.0,6
3806,14808,13,154,2026-06-16 21:21:00,2026-06-16 21:25:00,2026-06-16 21:38:00,UPI,Delivered,15,17,True,1573.0,10
3807,34928,9,31,2026-06-09 18:13:00,2026-06-09 18:18:00,2026-06-09 18:27:00,Wallet,Delivered,15,14,False,1588.0,6
3808,16145,1,57,2026-06-03 10:28:00,2026-06-03 10:32:00,2026-06-03 10:40:00,Wallet,Cancelled,15,12,False,2274.0,9
3809,34293,1,121,2026-06-25 13:48:00,2026-06-25 13:50:00,2026-06-25 14:01:00,UPI,Delivered,15,13,False,2112.0,8
3810,39010,17,59,2026-06-05 17:04:00,2026-06-05 17:07:00,2026-06-05 17:14:00,Wallet,Delivered,15,10,False,3059.0,13
3811,25488,12,19,2026-06-29 20:11:00,2026-06-29 20:15:00,2026-06-29 20:33:00,UPI,Delivered,15,22,True,553.0,6
3812,33895,19,195,2026-06-17 18:52:00,2026-06-17 18:54:00,2026-06-17 19:05:00,UPI,Delivered,15,13,False,1627.0,13
3813,35634,15,163,2026-06-17 20:48:00,2026-06-17 20:52:00,2026-06-17 21:07:00,COD,Delivered,15,19,True,1838.0,9
3814,36460,6,80,2026-06-01 19:09:00,2026-06-01 19:11:00,2026-06-01 19:26:00,UPI,Delivered,15,17,True,1060.0,7
3815,32685,5,151,2026-06-07 14:52:00,2026-06-07 14:57:00,2026-06-07 15:04:00,Card,Delivered,15,12,False,2328.0,7
3816,49790,16,179,2026-06-12 19:02:00,2026-06-12 19:05:00,2026-06-12 19:28:00,COD,Delivered,15,26,True,870.0,2
3817,19736,13,166,2026-06-04 12:53:00,2026-06-04 12:58:00,2026-06-04 13:12:00,UPI,Delivered,15,19,True,1244.0,8
3818,47362,17,59,2026-06-05 20:41:00,2026-06-05 20:46:00,2026-06-05 20:55:00,Wallet,Delivered,15,14,False,1244.0,3
3819,38833,15,21,2026-06-09 13:09:00,2026-06-09 13:12:00,2026-06-09 13:29:00,UPI,Delivered,15,20,True,905.0,4
3820,27004,4,8,2026-06-22 13:02:00,2026-06-22 13:07:00,2026-06-22 13:20:00,Wallet,Delivered,15,18,True,3251.0,11
3821,27534,14,169,2026-06-27 10:34:00,2026-06-27 10:37:00,2026-06-27 10:47:00,UPI,Delivered,15,13,False,1522.0,8
3822,46274,5,76,2026-06-01 22:14:00,2026-06-01 22:19:00,2026-06-01 22:28:00,COD,Delivered,15,14,False,1028.0,3
3823,27394,13,166,2026-06-25 21:33:00,2026-06-25 21:37:00,2026-06-25 21:49:00,Card,Delivered,15,16,True,1379.0,10
3824,27811,5,151,2026-06-29 22:22:00,2026-06-29 22:27:00,2026-06-29 22:36:00,UPI,Delivered,15,14,False,1465.0,8
3825,24815,6,40,2026-06-24 19:57:00,2026-06-24 20:02:00,2026-06-24 20:15:00,UPI,Delivered,15,18,True,1774.0,7
3826,22272,3,186,2026-06-19 11:15:00,2026-06-19 11:17:00,2026-06-19 11:26:00,Card,Delivered,15,11,False,1703.0,7
3827,30858,13,13,2026-06-30 18:04:00,2026-06-30 18:07:00,2026-06-30 18:20:00,Card,Delivered,15,16,True,1432.0,8
3828,10050,2,73,2026-06-20 21:26:00,2026-06-20 21:28:00,2026-06-20 21:39:00,UPI,Delivered,15,13,False,1991.0,5
3829,34744,2,24,2026-06-22 18:39:00,2026-06-22 18:44:00,2026-06-22 18:53:00,Wallet,Delivered,15,14,False,1646.0,11
3830,12731,11,43,2026-06-24 14:09:00,2026-06-24 14:14:00,2026-06-24 14:23:00,UPI,Delivered,15,14,False,1156.0,4
3831,46407,10,47,2026-06-28 14:37:00,2026-06-28 14:42:00,2026-06-28 14:49:00,UPI,Delivered,15,12,False,3062.0,12
3832,43976,9,96,2026-06-07 21:18:00,2026-06-07 21:23:00,2026-06-07 21:29:00,Wallet,Delivered,15,11,False,1457.0,6
3833,12706,15,62,2026-06-04 21:55:00,2026-06-04 21:58:00,2026-06-04 22:11:00,UPI,Cancelled,15,16,True,2177.0,11
3834,27111,15,21,2026-06-23 19:47:00,2026-06-23 19:51:00,2026-06-23 20:02:00,UPI,Delivered,15,15,False,1404.0,6
3835,23980,8,120,2026-06-20 08:47:00,2026-06-20 08:49:00,2026-06-20 09:02:00,Card,Delivered,15,15,False,2837.0,9
3836,35369,10,102,2026-06-05 17:52:00,2026-06-05 17:55:00,2026-06-05 18:04:00,Wallet,Cancelled,15,12,False,2497.0,12
3837,45174,4,70,2026-06-01 19:50:00,2026-06-01 19:53:00,2026-06-01 20:09:00,UPI,Delivered,15,19,True,21.0,1
3838,39345,14,131,2026-06-13 20:30:00,2026-06-13 20:34:00,2026-06-13 20:47:00,Card,Delivered,15,17,True,2032.0,9
3839,41849,11,9,2026-06-21 21:52:00,2026-06-21 21:55:00,2026-06-21 22:04:00,UPI,Delivered,15,12,False,1490.0,6
3840,37235,20,93,2026-06-02 13:33:00,2026-06-02 13:35:00,2026-06-02 13:55:00,Card,Delivered,15,22,True,389.0,1
3841,37325,17,3,2026-06-02 20:52:00,2026-06-02 20:54:00,2026-06-02 21:15:00,UPI,Delivered,15,23,True,1965.0,7
3842,13520,2,50,2026-06-17 20:00:00,2026-06-17 20:05:00,2026-06-17 20:20:00,Card,Cancelled,15,20,True,1257.0,5
3843,19678,16,179,2026-06-23 21:28:00,2026-06-23 21:33:00,2026-06-23 21:42:00,COD,Delivered,15,14,False,850.0,3
3844,44841,7,53,2026-06-19 14:22:00,2026-06-19 14:27:00,2026-06-19 14:37:00,UPI,Delivered,15,15,False,2476.0,10
3845,20136,7,101,2026-06-06 20:08:00,2026-06-06 20:13:00,2026-06-06 20:28:00,COD,Delivered,15,20,True,2430.0,10
3846,44171,5,193,2026-06-13 15:50:00,2026-06-13 15:52:00,2026-06-13 16:06:00,UPI,Delivered,15,16,True,18.0,1
3847,30170,16,190,2026-06-25 14:47:00,2026-06-25 14:51:00,2026-06-25 15:03:00,UPI,Delivered,15,16,True,2943.0,10
3848,26407,3,94,2026-06-09 18:30:00,2026-06-09 18:34:00,2026-06-09 18:45:00,UPI,Delivered,15,15,False,2052.0,10
3849,13560,1,81,2026-06-27 12:35:00,2026-06-27 12:38:00,2026-06-27 12:51:00,UPI,Delivered,15,16,True,1443.0,4
3850,48517,13,65,2026-06-18 19:13:00,2026-06-18 19:16:00,2026-06-18 19:33:00,COD,Delivered,15,20,True,445.0,1
3851,16342,15,141,2026-06-07 18:02:00,2026-06-07 18:05:00,2026-06-07 18:14:00,COD,Delivered,15,12,False,2117.0,7
3852,47232,14,130,2026-06-23 20:22:00,2026-06-23 20:26:00,2026-06-23 20:41:00,Card,Delivered,15,19,True,1153.0,9
3853,41436,7,162,2026-06-01 08:13:00,2026-06-01 08:15:00,2026-06-01 08:24:00,Card,Delivered,15,11,False,2483.0,11
3854,19172,19,48,2026-06-27 21:44:00,2026-06-27 21:47:00,2026-06-27 22:01:00,UPI,Delivered,15,17,True,1193.0,7
3855,19295,13,65,2026-06-22 15:07:00,2026-06-22 15:10:00,2026-06-22 15:20:00,UPI,Delivered,15,13,False,376.0,5
3856,27520,5,193,2026-06-27 09:20:00,2026-06-27 09:25:00,2026-06-27 09:38:00,COD,Delivered,15,18,True,1959.0,9
3857,24848,8,152,2026-06-29 13:45:00,2026-06-29 13:47:00,2026-06-29 13:57:00,COD,Delivered,15,12,False,2477.0,8
3858,12368,11,17,2026-06-03 18:24:00,2026-06-03 18:27:00,2026-06-03 18:38:00,UPI,Delivered,15,14,False,3171.0,10
3859,25126,7,53,2026-06-26 18:11:00,2026-06-26 18:16:00,2026-06-26 18:19:00,Card,Cancelled,15,8,False,1334.0,6
3860,23311,2,54,2026-06-27 18:14:00,2026-06-27 18:18:00,2026-06-27 18:29:00,UPI,Delivered,15,15,False,2479.0,9
3861,44133,9,198,2026-06-27 17:21:00,2026-06-27 17:26:00,2026-06-27 17:33:00,UPI,Cancelled,15,12,False,1955.0,8
3862,14096,16,155,2026-06-11 19:20:00,2026-06-11 19:23:00,2026-06-11 19:37:00,Card,Delivered,15,17,True,404.0,3
3863,10147,18,192,2026-06-14 21:41:00,2026-06-14 21:45:00,2026-06-14 21:54:00,UPI,Delivered,15,13,False,1215.0,3
3864,21907,3,87,2026-06-15 18:25:00,2026-06-15 18:30:00,2026-06-15 18:39:00,Card,Delivered,15,14,False,94.0,2
3865,43421,9,31,2026-06-08 19:08:00,2026-06-08 19:13:00,2026-06-08 19:26:00,Wallet,Delivered,15,18,True,1185.0,7
3866,26225,3,69,2026-06-26 21:52:00,2026-06-26 21:54:00,2026-06-26 22:06:00,UPI,Delivered,15,14,False,1740.0,5
3867,31339,7,83,2026-06-20 13:05:00,2026-06-20 13:10:00,2026-06-20 13:16:00,UPI,Cancelled,15,11,False,1378.0,7
3868,49018,3,186,2026-06-22 15:15:00,2026-06-22 15:18:00,2026-06-22 15:32:00,UPI,Delivered,15,17,True,993.0,6
3869,20464,10,138,2026-06-13 14:29:00,2026-06-13 14:32:00,2026-06-13 14:44:00,Wallet,Delivered,15,15,False,444.0,2
3870,13828,18,172,2026-06-24 09:45:00,2026-06-24 09:49:00,2026-06-24 10:01:00,Card,Delivered,15,16,True,1529.0,7
3871,18841,2,28,2026-06-07 17:17:00,2026-06-07 17:20:00,2026-06-07 17:29:00,UPI,Delivered,15,12,False,856.0,4
3872,26866,6,71,2026-06-23 13:45:00,2026-06-23 13:50:00,2026-06-23 14:04:00,UPI,Delivered,15,19,True,1068.0,7
3873,35005,17,30,2026-06-15 12:47:00,2026-06-15 12:50:00,2026-06-15 13:05:00,COD,Delivered,15,18,True,3645.0,12
3874,36064,5,153,2026-06-16 19:14:00,2026-06-16 19:18:00,2026-06-16 19:34:00,Wallet,Delivered,15,20,True,1902.0,7
3875,16719,4,8,2026-06-29 12:43:00,2026-06-29 12:47:00,2026-06-29 12:58:00,UPI,Delivered,15,15,False,1720.0,8
3876,25988,5,153,2026-06-19 13:30:00,2026-06-19 13:32:00,2026-06-19 13:49:00,COD,Delivered,15,19,True,42.0,2
3877,19286,2,73,2026-06-26 22:57:00,2026-06-26 23:00:00,2026-06-26 23:10:00,COD,Returned,15,13,False,1882.0,8
3878,21870,16,179,2026-06-18 18:37:00,2026-06-18 18:42:00,2026-06-18 18:45:00,Wallet,Cancelled,15,8,False,488.0,2
3879,31602,12,4,2026-06-02 17:06:00,2026-06-02 17:10:00,2026-06-02 17:20:00,Card,Delivered,15,14,False,1490.0,5
3880,43540,15,21,2026-06-18 20:19:00,2026-06-18 20:23:00,2026-06-18 20:30:00,UPI,Delivered,15,11,False,824.0,6
3881,13025,16,179,2026-06-28 21:05:00,2026-06-28 21:07:00,2026-06-28 21:18:00,Wallet,Delivered,15,13,False,1787.0,8
3882,18298,18,1,2026-06-07 20:48:00,2026-06-07 20:52:00,2026-06-07 21:05:00,Wallet,Delivered,15,17,True,410.0,1
3883,15604,7,74,2026-06-16 22:10:00,2026-06-16 22:15:00,2026-06-16 22:22:00,Card,Delivered,15,12,False,533.0,8
3884,47655,17,59,2026-06-28 22:15:00,2026-06-28 22:18:00,2026-06-28 22:29:00,UPI,Delivered,15,14,False,4086.0,13
3885,24507,3,159,2026-06-12 20:06:00,2026-06-12 20:11:00,2026-06-12 20:27:00,UPI,Delivered,15,21,True,1279.0,6
3886,46088,18,117,2026-06-24 14:15:00,2026-06-24 14:20:00,2026-06-24 14:29:00,UPI,Delivered,15,14,False,1083.0,6
3887,22289,3,186,2026-06-30 21:48:00,2026-06-30 21:53:00,2026-06-30 22:00:00,Wallet,Delivered,15,12,False,4737.0,13
3888,36995,7,83,2026-06-30 21:11:00,2026-06-30 21:14:00,2026-06-30 21:25:00,UPI,Delivered,15,14,False,723.0,6
3889,30725,18,42,2026-06-19 20:26:00,2026-06-19 20:30:00,2026-06-19 20:49:00,Wallet,Delivered,15,23,True,913.0,5
3890,32347,14,68,2026-06-23 19:23:00,2026-06-23 19:27:00,2026-06-23 19:49:00,UPI,Delivered,15,26,True,2187.0,8
3891,16046,15,156,2026-06-27 13:41:00,2026-06-27 13:44:00,2026-06-27 13:55:00,UPI,Delivered,15,14,False,2673.0,9
3892,27845,16,155,2026-06-19 21:47:00,2026-06-19 21:52:00,2026-06-19 22:02:00,COD,Delivered,15,15,False,1685.0,9
3893,29151,17,30,2026-06-29 13:23:00,2026-06-29 13:25:00,2026-06-29 13:38:00,UPI,Delivered,15,15,False,1237.0,6
3894,46323,15,163,2026-06-16 13:38:00,2026-06-16 13:41:00,2026-06-16 14:00:00,Wallet,Delivered,15,22,True,300.0,1
3895,34810,3,186,2026-06-06 20:00:00,2026-06-06 20:05:00,2026-06-06 20:26:00,Card,Delivered,15,26,True,540.0,3
3896,43903,14,131,2026-06-13 21:43:00,2026-06-13 21:46:00,2026-06-13 21:58:00,Wallet,Delivered,15,15,False,357.0,3
3897,15894,13,154,2026-06-20 12:18:00,2026-06-20 12:22:00,2026-06-20 12:34:00,COD,Delivered,15,16,True,129.0,1
3898,20010,19,48,2026-06-15 20:10:00,2026-06-15 20:14:00,2026-06-15 20:27:00,UPI,Delivered,15,17,True,2194.0,8
3899,34105,17,59,2026-06-29 18:28:00,2026-06-29 18:32:00,2026-06-29 18:44:00,Card,Delivered,15,16,True,1893.0,10
3900,41143,15,187,2026-06-04 12:29:00,2026-06-04 12:32:00,2026-06-04 12:43:00,COD,Delivered,15,14,False,163.0,1
3901,33675,9,96,2026-06-12 13:26:00,2026-06-12 13:31:00,2026-06-12 13:42:00,UPI,Delivered,15,16,True,1000.0,9
3902,19730,14,197,2026-06-22 13:15:00,2026-06-22 13:18:00,2026-06-22 13:32:00,Wallet,Delivered,15,17,True,2426.0,7
3903,47619,10,178,2026-06-21 08:01:00,2026-06-21 08:05:00,2026-06-21 08:16:00,UPI,Delivered,15,15,False,896.0,4
3904,27465,14,169,2026-06-15 20:55:00,2026-06-15 20:57:00,2026-06-15 21:09:00,COD,Returned,15,14,False,2190.0,7
3905,25509,15,180,2026-06-24 19:58:00,2026-06-24 20:03:00,2026-06-24 20:17:00,COD,Delivered,15,19,True,1763.0,7
3906,40169,17,106,2026-06-21 18:23:00,2026-06-21 18:25:00,2026-06-21 18:38:00,Card,Delivered,15,15,False,948.0,3
3907,17691,13,174,2026-06-25 20:51:00,2026-06-25 20:53:00,2026-06-25 21:16:00,Card,Delivered,15,25,True,1468.0,5
3908,41597,1,88,2026-06-10 11:59:00,2026-06-10 12:04:00,2026-06-10 12:13:00,UPI,Delivered,15,14,False,1716.0,11
3909,19830,17,30,2026-06-13 20:26:00,2026-06-13 20:31:00,2026-06-13 20:42:00,Card,Delivered,15,16,True,1300.0,8
3910,29368,19,143,2026-06-10 20:11:00,2026-06-10 20:14:00,2026-06-10 20:33:00,COD,Delivered,15,22,True,1398.0,5
3911,12999,14,197,2026-06-08 11:29:00,2026-06-08 11:32:00,2026-06-08 11:39:00,UPI,Delivered,15,10,False,1656.0,6
3912,24917,6,40,2026-06-02 10:31:00,2026-06-02 10:35:00,2026-06-02 10:43:00,Card,Delivered,15,12,False,471.0,3
3913,15944,16,171,2026-06-13 22:10:00,2026-06-13 22:14:00,2026-06-13 22:23:00,UPI,Cancelled,15,13,False,874.0,4
3914,15927,11,184,2026-06-01 12:25:00,2026-06-01 12:29:00,2026-06-01 12:37:00,UPI,Delivered,15,12,False,1313.0,6
3915,48237,4,70,2026-06-25 21:53:00,2026-06-25 21:55:00,2026-06-25 22:09:00,Card,Delivered,15,16,True,921.0,4
3916,32271,3,186,2026-06-22 19:22:00,2026-06-22 19:25:00,2026-06-22 19:43:00,UPI,Cancelled,15,21,True,93.0,3
3917,30718,17,30,2026-06-18 21:44:00,2026-06-18 21:48:00,2026-06-18 21:55:00,Card,Cancelled,15,11,False,182.0,1
3918,29806,11,9,2026-06-07 20:15:00,2026-06-07 20:17:00,2026-06-07 20:35:00,COD,Delivered,15,20,True,1476.0,6
3919,37798,11,17,2026-06-24 21:36:00,2026-06-24 21:38:00,2026-06-24 21:50:00,UPI,Returned,15,14,False,1147.0,7
3920,11296,5,37,2026-06-22 13:37:00,2026-06-22 13:41:00,2026-06-22 13:57:00,COD,Delivered,15,20,True,1406.0,7
3921,18233,13,161,2026-06-23 19:00:00,2026-06-23 19:05:00,2026-06-23 19:22:00,UPI,Delivered,15,22,True,338.0,2
3922,40361,14,56,2026-06-14 20:35:00,2026-06-14 20:40:00,2026-06-14 20:59:00,UPI,Delivered,15,24,True,907.0,3
3923,12280,2,50,2026-06-07 21:45:00,2026-06-07 21:49:00,2026-06-07 21:56:00,Card,Delivered,15,11,False,1584.0,6
3924,14179,14,68,2026-06-17 12:53:00,2026-06-17 12:57:00,2026-06-17 13:13:00,Card,Delivered,15,20,True,1231.0,6
3925,20479,12,148,2026-06-30 21:48:00,2026-06-30 21:50:00,2026-06-30 22:04:00,COD,Delivered,15,16,True,1721.0,6
3926,30781,2,112,2026-06-23 09:14:00,2026-06-23 09:17:00,2026-06-23 09:29:00,UPI,Delivered,15,15,False,356.0,1
3927,35618,13,161,2026-06-06 21:48:00,2026-06-06 21:50:00,2026-06-06 22:00:00,Card,Delivered,15,12,False,2470.0,9
3928,15928,8,120,2026-06-05 20:59:00,2026-06-05 21:03:00,2026-06-05 21:12:00,Card,Delivered,15,13,False,1078.0,5
3929,42335,11,25,2026-06-22 19:46:00,2026-06-22 19:50:00,2026-06-22 20:03:00,COD,Delivered,15,17,True,768.0,2
3930,41223,12,85,2026-06-15 11:46:00,2026-06-15 11:50:00,2026-06-15 11:58:00,UPI,Delivered,15,12,False,1637.0,11
3931,32300,20,127,2026-06-05 22:53:00,2026-06-05 22:56:00,2026-06-05 23:08:00,UPI,Delivered,15,15,False,1272.0,11
3932,42683,9,31,2026-06-03 09:15:00,2026-06-03 09:20:00,2026-06-03 09:31:00,Wallet,Delivered,15,16,True,2761.0,12
3933,28703,11,104,2026-06-06 21:55:00,2026-06-06 21:57:00,2026-06-06 22:08:00,UPI,Delivered,15,13,False,1014.0,7
3934,16779,1,137,2026-06-26 19:52:00,2026-06-26 19:54:00,2026-06-26 20:11:00,UPI,Delivered,15,19,True,1421.0,5
3935,32872,2,14,2026-06-14 20:21:00,2026-06-14 20:23:00,2026-06-14 20:37:00,Wallet,Delivered,15,16,True,3110.0,13
3936,24102,15,163,2026-06-30 14:31:00,2026-06-30 14:35:00,2026-06-30 14:44:00,UPI,Delivered,15,13,False,2198.0,9
3937,38448,7,158,2026-06-18 12:33:00,2026-06-18 12:35:00,2026-06-18 12:51:00,Card,Delivered,15,18,True,479.0,2
3938,40388,20,82,2026-06-23 21:52:00,2026-06-23 21:57:00,2026-06-23 22:05:00,Card,Delivered,15,13,False,364.0,2
3939,26765,9,198,2026-06-16 21:17:00,2026-06-16 21:19:00,2026-06-16 21:32:00,Card,Delivered,15,15,False,1539.0,5
3940,14197,17,59,2026-06-23 19:05:00,2026-06-23 19:08:00,2026-06-23 19:31:00,Card,Delivered,15,26,True,1868.0,6
3941,32265,19,160,2026-06-01 12:21:00,2026-06-01 12:23:00,2026-06-01 12:36:00,UPI,Delivered,15,15,False,2257.0,9
3942,23089,2,28,2026-06-01 14:28:00,2026-06-01 14:32:00,2026-06-01 14:42:00,Card,Delivered,15,14,False,3019.0,9
3943,31120,18,140,2026-06-28 12:12:00,2026-06-28 12:17:00,2026-06-28 12:32:00,UPI,Delivered,15,20,True,356.0,1
3944,19016,12,148,2026-06-12 14:28:00,2026-06-12 14:30:00,2026-06-12 14:42:00,COD,Delivered,15,14,False,1704.0,6
3945,44201,12,86,2026-06-23 19:11:00,2026-06-23 19:16:00,2026-06-23 19:39:00,UPI,Delivered,15,28,True,307.0,1
3946,34150,19,182,2026-06-17 13:46:00,2026-06-17 13:49:00,2026-06-17 13:58:00,UPI,Delivered,15,12,False,1472.0,5
3947,29204,2,20,2026-06-08 21:59:00,2026-06-08 22:04:00,2026-06-08 22:11:00,UPI,Delivered,15,12,False,768.0,2
3948,32388,7,53,2026-06-25 21:06:00,2026-06-25 21:10:00,2026-06-25 21:18:00,UPI,Delivered,15,12,False,432.0,3
3949,46308,15,163,2026-06-17 19:59:00,2026-06-17 20:04:00,2026-06-17 20:22:00,Wallet,Delivered,15,23,True,3392.0,12
3950,46702,2,54,2026-06-28 21:13:00,2026-06-28 21:17:00,2026-06-28 21:23:00,COD,Delivered,15,10,False,120.0,2
3951,15686,6,60,2026-06-01 18:17:00,2026-06-01 18:21:00,2026-06-01 18:33:00,UPI,Delivered,15,16,True,1765.0,8
3952,44545,7,75,2026-06-03 15:54:00,2026-06-03 15:58:00,2026-06-03 16:06:00,Card,Delivered,15,12,False,114.0,1
3953,22643,9,31,2026-06-04 14:35:00,2026-06-04 14:37:00,2026-06-04 14:48:00,UPI,Delivered,15,13,False,1427.0,8
3954,26041,8,29,2026-06-28 12:11:00,2026-06-28 12:13:00,2026-06-28 12:27:00,UPI,Delivered,15,16,True,881.0,3
3955,45849,18,117,2026-06-18 21:22:00,2026-06-18 21:25:00,2026-06-18 21:33:00,UPI,Delivered,15,11,False,1827.0,6
3956,20281,18,42,2026-06-23 20:30:00,2026-06-23 20:34:00,2026-06-23 20:55:00,UPI,Delivered,15,25,True,768.0,2
3957,17508,20,150,2026-06-18 14:23:00,2026-06-18 14:28:00,2026-06-18 14:35:00,UPI,Delivered,15,12,False,1171.0,6
3958,42950,6,60,2026-06-28 18:46:00,2026-06-28 18:49:00,2026-06-28 18:58:00,COD,Delivered,15,12,False,2433.0,10
3959,10386,5,151,2026-06-12 21:04:00,2026-06-12 21:08:00,2026-06-12 21:19:00,COD,Cancelled,15,15,False,702.0,2
3960,19573,3,142,2026-06-16 14:14:00,2026-06-16 14:17:00,2026-06-16 14:30:00,Card,Delivered,15,16,True,218.0,2
3961,15629,16,199,2026-06-09 17:29:00,2026-06-09 17:33:00,2026-06-09 17:42:00,Card,Delivered,15,13,False,4431.0,12
3962,37533,7,75,2026-06-19 20:29:00,2026-06-19 20:34:00,2026-06-19 20:49:00,Wallet,Delivered,15,20,True,901.0,5
3963,41626,15,156,2026-06-04 13:25:00,2026-06-04 13:28:00,2026-06-04 13:38:00,UPI,Delivered,15,13,False,2486.0,9
3964,41691,19,97,2026-06-11 20:38:00,2026-06-11 20:42:00,2026-06-11 20:55:00,COD,Delivered,15,17,True,2545.0,12
3965,10421,18,27,2026-06-19 18:47:00,2026-06-19 18:51:00,2026-06-19 18:58:00,UPI,Delivered,15,11,False,3251.0,12
3966,26165,4,63,2026-06-01 17:02:00,2026-06-01 17:04:00,2026-06-01 17:16:00,Wallet,Delivered,15,14,False,1163.0,7
3967,17915,1,81,2026-06-23 19:53:00,2026-06-23 19:57:00,2026-06-23 20:15:00,UPI,Delivered,15,22,True,340.0,2
3968,48193,9,198,2026-06-04 21:43:00,2026-06-04 21:45:00,2026-06-04 21:58:00,Wallet,Delivered,15,15,False,857.0,5
3969,23715,2,189,2026-06-06 14:32:00,2026-06-06 14:37:00,2026-06-06 14:41:00,COD,Delivered,15,9,False,978.0,3
3970,14336,10,102,2026-06-07 18:07:00,2026-06-07 18:12:00,2026-06-07 18:19:00,COD,Cancelled,15,12,False,1420.0,10
3971,38653,4,125,2026-06-22 10:55:00,2026-06-22 11:00:00,2026-06-22 11:07:00,UPI,Delivered,15,12,False,2032.0,6
3972,32983,12,194,2026-06-20 18:48:00,2026-06-20 18:52:00,2026-06-20 19:05:00,UPI,Delivered,15,17,True,2004.0,7
3973,24056,16,199,2026-06-12 10:03:00,2026-06-12 10:06:00,2026-06-12 10:16:00,UPI,Delivered,15,13,False,2191.0,11
3974,23607,5,151,2026-06-10 13:54:00,2026-06-10 13:58:00,2026-06-10 14:08:00,UPI,Delivered,15,14,False,1460.0,8
3975,39752,11,25,2026-06-12 21:58:00,2026-06-12 22:03:00,2026-06-12 22:11:00,Card,Delivered,15,13,False,1919.0,7
3976,26376,16,179,2026-06-09 19:53:00,2026-06-09 19:56:00,2026-06-09 20:13:00,UPI,Delivered,15,20,True,3183.0,11
3977,19011,16,190,2026-06-25 18:11:00,2026-06-25 18:16:00,2026-06-25 18:26:00,UPI,Delivered,15,15,False,1042.0,3
3978,35368,20,16,2026-06-12 19:49:00,2026-06-12 19:52:00,2026-06-12 20:12:00,UPI,Delivered,15,23,True,2022.0,6
3979,47522,7,75,2026-06-03 21:21:00,2026-06-03 21:26:00,2026-06-03 21:33:00,UPI,Delivered,15,12,False,1469.0,5
3980,17442,1,114,2026-06-05 18:38:00,2026-06-05 18:40:00,2026-06-05 18:56:00,UPI,Delivered,15,18,True,2747.0,10
3981,40309,4,125,2026-06-28 08:11:00,2026-06-28 08:16:00,2026-06-28 08:25:00,UPI,Delivered,15,14,False,168.0,2
3982,38491,2,112,2026-06-07 18:57:00,2026-06-07 19:00:00,2026-06-07 19:12:00,UPI,Delivered,15,15,False,642.0,2
3983,33413,6,23,2026-06-15 18:38:00,2026-06-15 18:40:00,2026-06-15 18:51:00,UPI,Delivered,15,13,False,518.0,3
3984,13014,12,39,2026-06-13 17:07:00,2026-06-13 17:12:00,2026-06-13 17:20:00,UPI,Returned,15,13,False,2030.0,12
3985,18503,8,120,2026-06-22 19:48:00,2026-06-22 19:51:00,2026-06-22 20:07:00,UPI,Cancelled,15,19,True,1598.0,6
3986,39560,3,159,2026-06-09 19:32:00,2026-06-09 19:36:00,2026-06-09 19:54:00,UPI,Delivered,15,22,True,842.0,3
3987,28254,11,9,2026-06-27 10:07:00,2026-06-27 10:11:00,2026-06-27 10:23:00,UPI,Cancelled,15,16,True,913.0,5
3988,13045,18,168,2026-06-04 20:12:00,2026-06-04 20:15:00,2026-06-04 20:32:00,UPI,Delivered,15,20,True,2518.0,8
3989,10657,10,51,2026-06-09 20:09:00,2026-06-09 20:14:00,2026-06-09 20:32:00,UPI,Delivered,15,23,True,321.0,3
3990,18705,15,187,2026-06-06 20:27:00,2026-06-06 20:32:00,2026-06-06 20:46:00,Card,Delivered,15,19,True,891.0,6
3991,45462,7,75,2026-06-15 13:33:00,2026-06-15 13:37:00,2026-06-15 13:52:00,UPI,Delivered,15,19,True,2142.0,10
3992,43059,8,152,2026-06-01 09:31:00,2026-06-01 09:33:00,2026-06-01 09:44:00,UPI,Delivered,15,13,False,616.0,2
3993,24870,12,4,2026-06-14 21:53:00,2026-06-14 21:55:00,2026-06-14 22:06:00,Wallet,Delivered,15,13,False,2219.0,11
3994,33394,2,136,2026-06-06 20:17:00,2026-06-06 20:22:00,2026-06-06 20:38:00,UPI,Delivered,15,21,True,1804.0,5
3995,41660,14,68,2026-06-23 18:36:00,2026-06-23 18:40:00,2026-06-23 18:47:00,COD,Delivered,15,11,False,2571.0,10
3996,15069,13,61,2026-06-20 15:10:00,2026-06-20 15:13:00,2026-06-20 15:26:00,Card,Delivered,15,16,True,1049.0,7
3997,45008,18,105,2026-06-02 20:26:00,2026-06-02 20:30:00,2026-06-02 20:47:00,Card,Delivered,15,21,True,1012.0,5
3998,40661,5,123,2026-06-26 20:35:00,2026-06-26 20:37:00,2026-06-26 20:49:00,UPI,Delivered,15,14,False,127.0,1
3999,16854,15,141,2026-06-23 18:22:00,2026-06-23 18:25:00,2026-06-23 18:36:00,UPI,Delivered,15,14,False,438.0,2
4000,15637,3,142,2026-06-24 18:53:00,2026-06-24 18:57:00,2026-06-24 19:04:00,UPI,Delivered,15,11,False,408.0,1
4001,23742,19,185,2026-06-03 21:42:00,2026-06-03 21:45:00,2026-06-03 21:57:00,UPI,Delivered,15,15,False,1590.0,6
4002,42639,7,38,2026-06-09 22:06:00,2026-06-09 22:09:00,2026-06-09 22:16:00,UPI,Delivered,15,10,False,1341.0,4
4003,22610,6,71,2026-06-30 19:05:00,2026-06-30 19:09:00,2026-06-30 19:13:00,UPI,Delivered,15,8,False,1588.0,5
4004,36504,11,43,2026-06-04 19:29:00,2026-06-04 19:32:00,2026-06-04 19:50:00,UPI,Delivered,15,21,True,1582.0,4
4005,36185,3,142,2026-06-24 13:33:00,2026-06-24 13:35:00,2026-06-24 13:55:00,UPI,Delivered,15,22,True,936.0,3
4006,36992,4,157,2026-06-04 21:07:00,2026-06-04 21:09:00,2026-06-04 21:20:00,UPI,Delivered,15,13,False,491.0,2
4007,41452,10,51,2026-06-01 12:44:00,2026-06-01 12:47:00,2026-06-01 13:04:00,UPI,Cancelled,15,20,True,519.0,3
4008,31599,10,47,2026-06-02 18:51:00,2026-06-02 18:55:00,2026-06-02 19:04:00,UPI,Cancelled,15,13,False,2090.0,7
4009,34113,17,2,2026-06-16 18:28:00,2026-06-16 18:31:00,2026-06-16 18:42:00,Card,Delivered,15,14,False,3397.0,10
4010,12635,1,114,2026-06-02 13:58:00,2026-06-02 14:00:00,2026-06-02 14:16:00,UPI,Delivered,15,18,True,1461.0,6
4011,49299,16,190,2026-06-20 08:08:00,2026-06-20 08:12:00,2026-06-20 08:22:00,Card,Delivered,15,14,False,411.0,1
4012,21959,4,167,2026-06-22 20:03:00,2026-06-22 20:07:00,2026-06-22 20:21:00,Card,Delivered,15,18,True,180.0,3
4013,36698,8,152,2026-06-18 20:11:00,2026-06-18 20:15:00,2026-06-18 20:33:00,UPI,Delivered,15,22,True,1834.0,7
4014,42964,2,99,2026-06-25 19:09:00,2026-06-25 19:11:00,2026-06-25 19:32:00,Card,Delivered,15,23,True,1093.0,4
4015,44186,5,170,2026-06-03 19:36:00,2026-06-03 19:41:00,2026-06-03 19:55:00,COD,Delivered,15,19,True,1864.0,10
4016,14953,5,151,2026-06-14 19:23:00,2026-06-14 19:27:00,2026-06-14 19:41:00,UPI,Delivered,15,18,True,162.0,3
4017,35665,1,92,2026-06-11 18:34:00,2026-06-11 18:36:00,2026-06-11 18:45:00,Wallet,Delivered,15,11,False,1711.0,7
4018,13332,5,35,2026-06-12 21:32:00,2026-06-12 21:34:00,2026-06-12 21:49:00,Card,Delivered,15,17,True,1345.0,6
4019,49660,13,154,2026-06-25 17:39:00,2026-06-25 17:41:00,2026-06-25 17:55:00,COD,Delivered,15,16,True,1669.0,8
4020,48805,5,123,2026-06-22 14:23:00,2026-06-22 14:26:00,2026-06-22 14:39:00,COD,Delivered,15,16,True,1567.0,5
4021,44540,10,126,2026-06-22 21:46:00,2026-06-22 21:49:00,2026-06-22 22:00:00,UPI,Delivered,15,14,False,3632.0,13
4022,17236,5,35,2026-06-11 12:31:00,2026-06-11 12:35:00,2026-06-11 12:48:00,UPI,Delivered,15,17,True,2562.0,8
4023,26718,10,196,2026-06-24 14:32:00,2026-06-24 14:36:00,2026-06-24 14:45:00,Wallet,Delivered,15,13,False,2040.0,11
4024,34914,9,198,2026-06-29 14:19:00,2026-06-29 14:22:00,2026-06-29 14:33:00,UPI,Delivered,15,14,False,2545.0,10
4025,14148,8,152,2026-06-20 20:29:00,2026-06-20 20:31:00,2026-06-20 20:40:00,Card,Delivered,15,11,False,585.0,3
4026,47097,4,77,2026-06-10 22:40:00,2026-06-10 22:45:00,2026-06-10 22:54:00,Wallet,Delivered,15,14,False,1388.0,5
4027,24902,19,110,2026-06-10 18:22:00,2026-06-10 18:27:00,2026-06-10 18:34:00,COD,Delivered,15,12,False,2672.0,11
4028,20688,20,127,2026-06-04 18:33:00,2026-06-04 18:37:00,2026-06-04 18:46:00,Card,Delivered,15,13,False,846.0,5
4029,10952,14,130,2026-06-14 17:55:00,2026-06-14 18:00:00,2026-06-14 18:06:00,UPI,Delivered,15,11,False,1413.0,8
4030,24905,18,117,2026-06-26 12:39:00,2026-06-26 12:44:00,2026-06-26 12:56:00,Card,Delivered,15,17,True,2745.0,12
4031,23630,4,167,2026-06-29 22:05:00,2026-06-29 22:10:00,2026-06-29 22:20:00,UPI,Delivered,15,15,False,646.0,5
4032,41958,8,29,2026-06-30 20:35:00,2026-06-30 20:39:00,2026-06-30 20:57:00,UPI,Returned,15,22,True,1030.0,5
4033,45733,17,106,2026-06-27 14:17:00,2026-06-27 14:20:00,2026-06-27 14:33:00,Card,Delivered,15,16,True,1980.0,6
4034,35497,3,94,2026-06-21 11:08:00,2026-06-21 11:11:00,2026-06-21 11:24:00,COD,Delivered,15,16,True,750.0,6
4035,43499,9,198,2026-06-01 21:33:00,2026-06-01 21:37:00,2026-06-01 21:48:00,COD,Delivered,15,15,False,75.0,1
4036,19533,3,94,2026-06-08 22:50:00,2026-06-08 22:54:00,2026-06-08 23:04:00,UPI,Delivered,15,14,False,686.0,5
4037,22124,2,112,2026-06-02 20:57:00,2026-06-02 20:59:00,2026-06-02 21:25:00,Wallet,Delivered,15,28,True,1086.0,5
4038,39133,8,29,2026-06-24 20:58:00,2026-06-24 21:03:00,2026-06-24 21:17:00,Card,Delivered,15,19,True,2568.0,9
4039,21849,6,181,2026-06-14 21:48:00,2026-06-14 21:53:00,2026-06-14 22:01:00,UPI,Delivered,15,13,False,632.0,2
4040,41837,5,151,2026-06-11 19:11:00,2026-06-11 19:13:00,2026-06-11 19:23:00,Card,Delivered,15,12,False,623.0,4
4041,21705,8,152,2026-06-14 18:03:00,2026-06-14 18:07:00,2026-06-14 18:21:00,Card,Delivered,15,18,True,1798.0,8
4042,44351,16,155,2026-06-14 22:33:00,2026-06-14 22:37:00,2026-06-14 22:49:00,UPI,Delivered,15,16,True,3308.0,12
4043,27612,11,184,2026-06-23 14:49:00,2026-06-23 14:54:00,2026-06-23 15:06:00,Wallet,Delivered,15,17,True,161.0,2
4044,43335,18,172,2026-06-25 19:28:00,2026-06-25 19:30:00,2026-06-25 19:44:00,UPI,Delivered,15,16,True,927.0,6
4045,25839,1,92,2026-06-13 19:53:00,2026-06-13 19:55:00,2026-06-13 20:06:00,UPI,Cancelled,15,13,False,2488.0,10
4046,21641,6,191,2026-06-05 11:44:00,2026-06-05 11:49:00,2026-06-05 11:59:00,UPI,Delivered,15,15,False,462.0,4
4047,17819,15,156,2026-06-26 12:22:00,2026-06-26 12:25:00,2026-06-26 12:40:00,UPI,Delivered,15,18,True,1383.0,6
4048,45007,1,81,2026-06-30 20:36:00,2026-06-30 20:40:00,2026-06-30 21:02:00,UPI,Delivered,15,26,True,2174.0,8
4049,15069,1,137,2026-06-15 22:49:00,2026-06-15 22:53:00,2026-06-15 23:01:00,UPI,Delivered,15,12,False,1302.0,5
4050,15959,6,40,2026-06-09 19:52:00,2026-06-09 19:56:00,2026-06-09 20:19:00,Card,Delivered,15,27,True,860.0,3
4051,45140,20,5,2026-06-23 18:31:00,2026-06-23 18:35:00,2026-06-23 18:47:00,Card,Delivered,15,16,True,676.0,3
4052,16329,8,128,2026-06-10 20:10:00,2026-06-10 20:15:00,2026-06-10 20:35:00,UPI,Delivered,15,25,True,4264.0,13
4053,25995,14,197,2026-06-06 21:54:00,2026-06-06 21:59:00,2026-06-06 22:06:00,Card,Delivered,15,12,False,982.0,8
4054,42009,17,59,2026-06-08 20:34:00,2026-06-08 20:36:00,2026-06-08 20:52:00,UPI,Delivered,15,18,True,729.0,7
4055,32273,20,26,2026-06-27 13:50:00,2026-06-27 13:54:00,2026-06-27 14:04:00,COD,Delivered,15,14,False,1172.0,4
4056,37418,15,156,2026-06-18 21:39:00,2026-06-18 21:42:00,2026-06-18 21:54:00,UPI,Delivered,15,15,False,1735.0,9
4057,12179,14,130,2026-06-13 13:40:00,2026-06-13 13:43:00,2026-06-13 13:54:00,UPI,Delivered,15,14,False,1353.0,8
4058,14361,15,187,2026-06-05 20:04:00,2026-06-05 20:07:00,2026-06-05 20:19:00,COD,Delivered,15,15,False,1172.0,7
4059,34556,20,176,2026-06-27 20:25:00,2026-06-27 20:29:00,2026-06-27 20:49:00,UPI,Delivered,15,24,True,1161.0,6
4060,21745,10,178,2026-06-04 20:41:00,2026-06-04 20:46:00,2026-06-04 20:58:00,COD,Delivered,15,17,True,453.0,3
4061,17857,20,150,2026-06-03 10:06:00,2026-06-03 10:09:00,2026-06-03 10:24:00,UPI,Delivered,15,18,True,2631.0,12
4062,38710,5,153,2026-06-08 09:40:00,2026-06-08 09:42:00,2026-06-08 09:55:00,COD,Delivered,15,15,False,1855.0,10
4063,46405,2,98,2026-06-08 11:00:00,2026-06-08 11:05:00,2026-06-08 11:15:00,Card,Delivered,15,15,False,1988.0,9
4064,48703,8,120,2026-06-24 18:48:00,2026-06-24 18:50:00,2026-06-24 19:01:00,Card,Delivered,15,13,False,1649.0,7
4065,46265,11,103,2026-06-25 21:21:00,2026-06-25 21:25:00,2026-06-25 21:35:00,UPI,Delivered,15,14,False,1041.0,3
4066,13026,5,153,2026-06-10 17:29:00,2026-06-10 17:33:00,2026-06-10 17:42:00,UPI,Cancelled,15,13,False,2765.0,10
4067,48578,14,169,2026-06-08 20:12:00,2026-06-08 20:15:00,2026-06-08 20:26:00,Wallet,Delivered,15,14,False,2346.0,10
4068,44293,10,51,2026-06-15 19:21:00,2026-06-15 19:24:00,2026-06-15 19:31:00,Card,Delivered,15,10,False,2538.0,8
4069,38946,16,179,2026-06-01 13:55:00,2026-06-01 14:00:00,2026-06-01 14:17:00,COD,Delivered,15,22,True,1870.0,8
4070,14042,11,184,2026-06-12 19:32:00,2026-06-12 19:36:00,2026-06-12 19:56:00,UPI,Cancelled,15,24,True,2712.0,10
4071,29736,13,154,2026-06-12 19:30:00,2026-06-12 19:32:00,2026-06-12 19:52:00,UPI,Delivered,15,22,True,444.0,5
4072,12974,9,96,2026-06-29 20:06:00,2026-06-29 20:08:00,2026-06-29 20:33:00,UPI,Delivered,15,27,True,2614.0,9
4073,28247,16,155,2026-06-12 12:35:00,2026-06-12 12:37:00,2026-06-12 12:49:00,Card,Delivered,15,14,False,1143.0,7
4074,26033,11,25,2026-06-02 17:46:00,2026-06-02 17:50:00,2026-06-02 18:02:00,UPI,Delivered,15,16,True,722.0,6
4075,10161,18,117,2026-06-13 19:05:00,2026-06-13 19:10:00,2026-06-13 19:27:00,UPI,Delivered,15,22,True,820.0,5
4076,42991,6,60,2026-06-05 14:14:00,2026-06-05 14:18:00,2026-06-05 14:26:00,Card,Delivered,15,12,False,1428.0,5
4077,23257,1,114,2026-06-25 19:47:00,2026-06-25 19:50:00,2026-06-25 20:04:00,COD,Delivered,15,17,True,1096.0,5
4078,23484,5,153,2026-06-07 13:00:00,2026-06-07 13:03:00,2026-06-07 13:18:00,Card,Delivered,15,18,True,768.0,3
4079,22493,1,121,2026-06-12 20:29:00,2026-06-12 20:32:00,2026-06-12 20:55:00,UPI,Delivered,15,26,True,1430.0,4
4080,23989,1,57,2026-06-13 21:44:00,2026-06-13 21:47:00,2026-06-13 21:55:00,UPI,Delivered,15,11,False,1401.0,6
4081,20149,5,123,2026-06-03 14:53:00,2026-06-03 14:56:00,2026-06-03 15:06:00,UPI,Delivered,15,13,False,1936.0,7
4082,16511,10,178,2026-06-02 14:09:00,2026-06-02 14:14:00,2026-06-02 14:23:00,UPI,Delivered,15,14,False,2080.0,10
4083,48777,3,87,2026-06-09 20:06:00,2026-06-09 20:11:00,2026-06-09 20:29:00,UPI,Delivered,15,23,True,1044.0,6
4084,26286,18,140,2026-06-23 20:48:00,2026-06-23 20:51:00,2026-06-23 21:06:00,Card,Delivered,15,18,True,1675.0,8
4085,17774,5,193,2026-06-08 12:30:00,2026-06-08 12:32:00,2026-06-08 12:38:00,Card,Delivered,15,8,False,701.0,6
4086,48068,9,164,2026-06-14 19:40:00,2026-06-14 19:45:00,2026-06-14 20:08:00,UPI,Delivered,15,28,True,1712.0,7
4087,40125,17,106,2026-06-21 20:58:00,2026-06-21 21:00:00,2026-06-21 21:15:00,COD,Cancelled,15,17,True,1681.0,8
4088,11506,11,43,2026-06-02 20:58:00,2026-06-02 21:01:00,2026-06-02 21:26:00,COD,Delivered,15,28,True,1364.0,7
4089,11158,1,36,2026-06-13 21:30:00,2026-06-13 21:33:00,2026-06-13 21:45:00,UPI,Delivered,15,15,False,3088.0,13
4090,12824,3,159,2026-06-21 19:27:00,2026-06-21 19:30:00,2026-06-21 19:47:00,UPI,Delivered,15,20,True,2590.0,10
4091,38052,10,126,2026-06-09 19:58:00,2026-06-09 20:01:00,2026-06-09 20:15:00,COD,Delivered,15,17,True,1184.0,5
4092,15345,19,185,2026-06-04 21:43:00,2026-06-04 21:47:00,2026-06-04 21:56:00,UPI,Delivered,15,13,False,471.0,3
4093,27825,15,156,2026-06-11 20:16:00,2026-06-11 20:21:00,2026-06-11 20:34:00,UPI,Delivered,15,18,True,1601.0,8
4094,42554,3,159,2026-06-12 20:48:00,2026-06-12 20:50:00,2026-06-12 21:11:00,COD,Delivered,15,23,True,1892.0,14
4095,47389,17,3,2026-06-15 19:39:00,2026-06-15 19:43:00,2026-06-15 19:57:00,UPI,Delivered,15,18,True,767.0,4
4096,26633,8,29,2026-06-06 18:39:00,2026-06-06 18:43:00,2026-06-06 18:54:00,Card,Delivered,15,15,False,270.0,1
4097,12756,10,51,2026-06-22 20:15:00,2026-06-22 20:20:00,2026-06-22 20:34:00,Card,Delivered,15,19,True,529.0,4
4098,36366,12,194,2026-06-26 10:26:00,2026-06-26 10:29:00,2026-06-26 10:41:00,Card,Delivered,15,15,False,1463.0,4
4099,40587,6,165,2026-06-13 11:55:00,2026-06-13 11:59:00,2026-06-13 12:10:00,UPI,Delivered,15,15,False,1398.0,10
4100,20486,8,29,2026-06-30 19:56:00,2026-06-30 20:01:00,2026-06-30 20:15:00,UPI,Delivered,15,19,True,1022.0,4
4101,40698,1,114,2026-06-28 21:06:00,2026-06-28 21:08:00,2026-06-28 21:21:00,COD,Delivered,15,15,False,839.0,5
4102,18134,5,35,2026-06-04 21:59:00,2026-06-04 22:04:00,2026-06-04 22:12:00,UPI,Delivered,15,13,False,1572.0,7
4103,10317,17,106,2026-06-27 20:34:00,2026-06-27 20:39:00,2026-06-27 20:49:00,Card,Cancelled,15,15,False,2743.0,9
4104,10430,3,159,2026-06-06 11:59:00,2026-06-06 12:04:00,2026-06-06 12:14:00,Card,Delivered,15,15,False,1272.0,6
4105,15615,20,58,2026-06-03 22:41:00,2026-06-03 22:46:00,2026-06-03 22:51:00,COD,Delivered,15,10,False,1567.0,8
4106,31776,7,75,2026-06-11 19:35:00,2026-06-11 19:40:00,2026-06-11 20:01:00,UPI,Delivered,15,26,True,383.0,1
4107,19761,12,85,2026-06-02 12:18:00,2026-06-02 12:20:00,2026-06-02 12:33:00,Card,Delivered,15,15,False,670.0,3
4108,22696,12,85,2026-06-15 15:56:00,2026-06-15 15:59:00,2026-06-15 16:10:00,COD,Delivered,15,14,False,2142.0,9
4109,41000,9,164,2026-06-09 20:12:00,2026-06-09 20:17:00,2026-06-09 20:25:00,COD,Delivered,15,13,False,1381.0,5
4110,48710,5,193,2026-06-07 21:39:00,2026-06-07 21:41:00,2026-06-07 21:52:00,UPI,Delivered,15,13,False,2123.0,7
4111,28235,4,157,2026-06-08 21:50:00,2026-06-08 21:52:00,2026-06-08 22:03:00,Card,Cancelled,15,13,False,492.0,3
4112,35705,11,64,2026-06-21 21:47:00,2026-06-21 21:49:00,2026-06-21 22:00:00,Card,Delivered,15,13,False,327.0,1
4113,16954,2,14,2026-06-30 21:54:00,2026-06-30 21:57:00,2026-06-30 22:10:00,Card,Delivered,15,16,True,1440.0,6
4114,33683,8,152,2026-06-14 21:43:00,2026-06-14 21:45:00,2026-06-14 21:56:00,Card,Delivered,15,13,False,363.0,1
4115,10905,15,187,2026-06-12 20:07:00,2026-06-12 20:10:00,2026-06-12 20:24:00,Wallet,Delivered,15,17,True,2172.0,10
4116,12962,17,147,2026-06-23 18:01:00,2026-06-23 18:04:00,2026-06-23 18:14:00,Wallet,Delivered,15,13,False,1222.0,6
4117,28913,5,170,2026-06-17 14:11:00,2026-06-17 14:16:00,2026-06-17 14:25:00,Wallet,Delivered,15,14,False,256.0,2
4118,17797,4,175,2026-06-07 10:47:00,2026-06-07 10:49:00,2026-06-07 11:00:00,UPI,Delivered,15,13,False,2196.0,6
4119,37547,4,70,2026-06-04 18:21:00,2026-06-04 18:25:00,2026-06-04 18:36:00,UPI,Delivered,15,15,False,1315.0,5
4120,43162,8,120,2026-06-06 19:59:00,2026-06-06 20:01:00,2026-06-06 20:20:00,UPI,Delivered,15,21,True,1152.0,5
4121,28725,11,103,2026-06-26 17:58:00,2026-06-26 18:03:00,2026-06-26 18:13:00,Card,Delivered,15,15,False,1468.0,8
4122,47818,9,31,2026-06-29 13:19:00,2026-06-29 13:23:00,2026-06-29 13:41:00,UPI,Cancelled,15,22,True,1105.0,6
4123,31715,5,37,2026-06-24 20:27:00,2026-06-24 20:29:00,2026-06-24 20:56:00,Card,Cancelled,15,29,True,1258.0,4
4124,49414,16,155,2026-06-23 12:16:00,2026-06-23 12:21:00,2026-06-23 12:36:00,Wallet,Delivered,15,20,True,211.0,4
4125,18246,6,71,2026-06-25 20:21:00,2026-06-25 20:26:00,2026-06-25 20:41:00,Card,Delivered,15,20,True,2556.0,9
4126,44260,8,120,2026-06-15 20:39:00,2026-06-15 20:43:00,2026-06-15 21:02:00,UPI,Delivered,15,23,True,264.0,2
4127,42677,13,116,2026-06-30 12:32:00,2026-06-30 12:35:00,2026-06-30 12:50:00,UPI,Returned,15,18,True,254.0,2
4128,25057,7,108,2026-06-17 20:09:00,2026-06-17 20:14:00,2026-06-17 20:31:00,UPI,Delivered,15,22,True,1932.0,10
4129,40732,19,89,2026-06-02 21:15:00,2026-06-02 21:18:00,2026-06-02 21:27:00,UPI,Delivered,15,12,False,1233.0,7
4130,18859,4,63,2026-06-01 20:51:00,2026-06-01 20:53:00,2026-06-01 21:16:00,Wallet,Delivered,15,25,True,1545.0,7
4131,32153,1,57,2026-06-23 20:01:00,2026-06-23 20:04:00,2026-06-23 20:20:00,UPI,Delivered,15,19,True,1378.0,7
4132,32915,2,109,2026-06-12 11:28:00,2026-06-12 11:32:00,2026-06-12 11:42:00,UPI,Cancelled,15,14,False,1412.0,6
4133,40103,2,28,2026-06-15 20:46:00,2026-06-15 20:50:00,2026-06-15 21:05:00,COD,Delivered,15,19,True,1737.0,5
4134,25320,9,96,2026-06-02 18:58:00,2026-06-02 19:00:00,2026-06-02 19:13:00,UPI,Delivered,15,15,False,730.0,2
4135,47652,10,78,2026-06-29 20:29:00,2026-06-29 20:31:00,2026-06-29 20:55:00,UPI,Delivered,15,26,True,1836.0,8
4136,28188,7,22,2026-06-30 21:10:00,2026-06-30 21:15:00,2026-06-30 21:25:00,Card,Delivered,15,15,False,249.0,3
4137,43815,13,166,2026-06-21 14:57:00,2026-06-21 15:01:00,2026-06-21 15:06:00,UPI,Delivered,15,9,False,1190.0,8
4138,46156,18,27,2026-06-21 14:19:00,2026-06-21 14:22:00,2026-06-21 14:32:00,COD,Delivered,15,13,False,1934.0,8
4139,32857,20,84,2026-06-22 14:37:00,2026-06-22 14:40:00,2026-06-22 14:52:00,COD,Delivered,15,15,False,354.0,1
4140,32932,13,61,2026-06-13 13:43:00,2026-06-13 13:48:00,2026-06-13 13:58:00,UPI,Delivered,15,15,False,1065.0,3
4141,38091,11,104,2026-06-19 12:29:00,2026-06-19 12:34:00,2026-06-19 12:44:00,Wallet,Delivered,15,15,False,1473.0,11
4142,39817,9,96,2026-06-20 19:42:00,2026-06-20 19:44:00,2026-06-20 20:01:00,UPI,Delivered,15,19,True,2168.0,11
4143,21427,20,82,2026-06-05 19:49:00,2026-06-05 19:53:00,2026-06-05 20:12:00,UPI,Delivered,15,23,True,1495.0,6
4144,25874,15,163,2026-06-02 19:07:00,2026-06-02 19:11:00,2026-06-02 19:28:00,UPI,Delivered,15,21,True,491.0,5
4145,10125,18,117,2026-06-27 12:26:00,2026-06-27 12:29:00,2026-06-27 12:47:00,UPI,Delivered,15,21,True,692.0,2
4146,18679,10,138,2026-06-14 18:00:00,2026-06-14 18:02:00,2026-06-14 18:10:00,UPI,Delivered,15,10,False,1293.0,5
4147,24212,20,119,2026-06-24 19:12:00,2026-06-24 19:14:00,2026-06-24 19:34:00,UPI,Delivered,15,22,True,4437.0,11
4148,29061,15,180,2026-06-18 21:14:00,2026-06-18 21:16:00,2026-06-18 21:26:00,UPI,Delivered,15,12,False,2235.0,7
4149,37479,17,3,2026-06-18 17:23:00,2026-06-18 17:25:00,2026-06-18 17:41:00,UPI,Delivered,15,18,True,1584.0,9
4150,19073,17,3,2026-06-13 19:35:00,2026-06-13 19:37:00,2026-06-13 19:54:00,Card,Delivered,15,19,True,1447.0,8
4151,37613,6,165,2026-06-06 20:16:00,2026-06-06 20:18:00,2026-06-06 20:31:00,UPI,Delivered,15,15,False,650.0,4
4152,40650,9,31,2026-06-25 19:20:00,2026-06-25 19:23:00,2026-06-25 19:45:00,UPI,Delivered,15,25,True,928.0,5
4153,47019,8,120,2026-06-25 17:24:00,2026-06-25 17:26:00,2026-06-25 17:37:00,COD,Delivered,15,13,False,2561.0,9
4154,46963,8,152,2026-06-18 20:19:00,2026-06-18 20:21:00,2026-06-18 20:35:00,Card,Delivered,15,16,True,1771.0,9
4155,11062,5,76,2026-06-10 11:54:00,2026-06-10 11:58:00,2026-06-10 12:09:00,UPI,Delivered,15,15,False,189.0,1
4156,29904,10,173,2026-06-27 20:54:00,2026-06-27 20:56:00,2026-06-27 21:19:00,UPI,Delivered,15,25,True,1260.0,5
4157,33011,20,15,2026-06-03 20:54:00,2026-06-03 20:58:00,2026-06-03 21:22:00,UPI,Delivered,15,28,True,1900.0,8
4158,21632,8,29,2026-06-16 10:28:00,2026-06-16 10:32:00,2026-06-16 10:43:00,Card,Delivered,15,15,False,2677.0,8
4159,43333,7,108,2026-06-07 08:52:00,2026-06-07 08:55:00,2026-06-07 09:04:00,COD,Delivered,15,12,False,1801.0,10
4160,49180,5,123,2026-06-11 20:18:00,2026-06-11 20:23:00,2026-06-11 20:33:00,COD,Delivered,15,15,False,480.0,3
4161,15682,6,181,2026-06-02 19:43:00,2026-06-02 19:45:00,2026-06-02 20:02:00,Card,Delivered,15,19,True,1397.0,7
4162,43044,8,128,2026-06-09 20:19:00,2026-06-09 20:24:00,2026-06-09 20:36:00,UPI,Delivered,15,17,True,138.0,3
4163,23843,12,85,2026-06-20 20:52:00,2026-06-20 20:57:00,2026-06-20 21:08:00,COD,Delivered,15,16,True,1152.0,3
4164,36828,9,198,2026-06-17 20:00:00,2026-06-17 20:05:00,2026-06-17 20:20:00,UPI,Delivered,15,20,True,240.0,2
4165,25156,1,121,2026-06-07 19:49:00,2026-06-07 19:52:00,2026-06-07 20:10:00,Card,Delivered,15,21,True,2606.0,11
4166,48850,16,171,2026-06-15 20:40:00,2026-06-15 20:44:00,2026-06-15 21:00:00,UPI,Delivered,15,20,True,1236.0,3
4167,11429,6,111,2026-06-06 14:07:00,2026-06-06 14:09:00,2026-06-06 14:23:00,UPI,Delivered,15,16,True,903.0,3
4168,10037,6,80,2026-06-27 22:58:00,2026-06-27 23:03:00,2026-06-27 23:13:00,UPI,Delivered,15,15,False,1359.0,5
4169,30743,3,159,2026-06-21 19:48:00,2026-06-21 19:50:00,2026-06-21 20:03:00,UPI,Delivered,15,15,False,932.0,6
4170,44344,17,134,2026-06-19 20:59:00,2026-06-19 21:01:00,2026-06-19 21:16:00,UPI,Delivered,15,17,True,1522.0,5
4171,46441,1,36,2026-06-19 19:28:00,2026-06-19 19:33:00,2026-06-19 19:48:00,UPI,Delivered,15,20,True,1052.0,5
4172,11082,16,155,2026-06-21 21:05:00,2026-06-21 21:08:00,2026-06-21 21:17:00,COD,Delivered,15,12,False,1626.0,10
4173,20075,14,56,2026-06-27 21:23:00,2026-06-27 21:25:00,2026-06-27 21:36:00,UPI,Delivered,15,13,False,399.0,1
4174,19983,13,116,2026-06-13 20:23:00,2026-06-13 20:28:00,2026-06-13 20:43:00,UPI,Delivered,15,20,True,416.0,1
4175,49803,17,2,2026-06-03 20:16:00,2026-06-03 20:19:00,2026-06-03 20:32:00,Card,Delivered,15,16,True,217.0,1
4176,35680,7,101,2026-06-12 20:41:00,2026-06-12 20:45:00,2026-06-12 20:55:00,COD,Delivered,15,14,False,990.0,4
4177,21912,14,197,2026-06-07 14:40:00,2026-06-07 14:44:00,2026-06-07 14:53:00,Card,Cancelled,15,13,False,1298.0,5
4178,27981,12,39,2026-06-09 14:19:00,2026-06-09 14:21:00,2026-06-09 14:33:00,UPI,Returned,15,14,False,980.0,3
4179,45085,10,95,2026-06-20 21:45:00,2026-06-20 21:48:00,2026-06-20 22:01:00,UPI,Delivered,15,16,True,256.0,1
4180,34860,11,184,2026-06-15 11:04:00,2026-06-15 11:07:00,2026-06-15 11:17:00,COD,Delivered,15,13,False,1366.0,6
4181,14794,3,186,2026-06-28 09:55:00,2026-06-28 10:00:00,2026-06-28 10:10:00,UPI,Delivered,15,15,False,1339.0,5
4182,13887,17,147,2026-06-13 20:39:00,2026-06-13 20:42:00,2026-06-13 20:55:00,UPI,Returned,15,16,True,3115.0,10
4183,24068,6,181,2026-06-13 21:12:00,2026-06-13 21:15:00,2026-06-13 21:26:00,UPI,Delivered,15,14,False,172.0,2
4184,44605,11,9,2026-06-08 14:37:00,2026-06-08 14:41:00,2026-06-08 14:49:00,Wallet,Delivered,15,12,False,672.0,6
4185,44299,11,17,2026-06-11 21:25:00,2026-06-11 21:30:00,2026-06-11 21:38:00,Wallet,Delivered,15,13,False,134.0,1
4186,33514,12,19,2026-06-18 20:22:00,2026-06-18 20:26:00,2026-06-18 20:33:00,Wallet,Delivered,15,11,False,2266.0,10
4187,20292,3,87,2026-06-17 21:00:00,2026-06-17 21:04:00,2026-06-17 21:12:00,Card,Delivered,15,12,False,3130.0,10
4188,31939,10,51,2026-06-05 11:39:00,2026-06-05 11:43:00,2026-06-05 11:51:00,COD,Delivered,15,12,False,2576.0,10
4189,42923,1,81,2026-06-05 12:48:00,2026-06-05 12:51:00,2026-06-05 13:03:00,UPI,Delivered,15,15,False,1946.0,10
4190,28892,1,121,2026-06-28 20:43:00,2026-06-28 20:45:00,2026-06-28 21:02:00,UPI,Cancelled,15,19,True,546.0,3
4191,33176,2,14,2026-06-16 19:40:00,2026-06-16 19:45:00,2026-06-16 19:59:00,COD,Delivered,15,19,True,434.0,3
4192,25217,17,30,2026-06-30 19:48:00,2026-06-30 19:50:00,2026-06-30 20:00:00,UPI,Delivered,15,12,False,738.0,3
4193,43082,9,133,2026-06-18 19:43:00,2026-06-18 19:48:00,2026-06-18 20:09:00,UPI,Delivered,15,26,True,516.0,3
4194,30847,20,119,2026-06-15 21:44:00,2026-06-15 21:48:00,2026-06-15 21:55:00,UPI,Delivered,15,11,False,2106.0,6
4195,31377,20,15,2026-06-18 13:29:00,2026-06-18 13:33:00,2026-06-18 13:46:00,UPI,Cancelled,15,17,True,602.0,2
4196,20587,5,153,2026-06-22 21:17:00,2026-06-22 21:22:00,2026-06-22 21:31:00,Wallet,Delivered,15,14,False,1689.0,6
4197,13907,9,144,2026-06-12 18:35:00,2026-06-12 18:37:00,2026-06-12 18:52:00,UPI,Delivered,15,17,True,360.0,3
4198,45798,4,8,2026-06-07 19:21:00,2026-06-07 19:25:00,2026-06-07 19:41:00,UPI,Delivered,15,20,True,1934.0,10
4199,19210,11,184,2026-06-22 13:07:00,2026-06-22 13:09:00,2026-06-22 13:26:00,Card,Delivered,15,19,True,126.0,2
4200,26142,7,162,2026-06-29 14:45:00,2026-06-29 14:50:00,2026-06-29 15:04:00,UPI,Delivered,15,19,True,1797.0,6
4201,35494,8,152,2026-06-19 08:03:00,2026-06-19 08:08:00,2026-06-19 08:18:00,UPI,Delivered,15,15,False,95.0,1
4202,44373,4,8,2026-06-16 20:34:00,2026-06-16 20:37:00,2026-06-16 20:53:00,COD,Delivered,15,19,True,103.0,1
4203,12957,18,172,2026-06-24 18:50:00,2026-06-24 18:52:00,2026-06-24 19:05:00,Card,Delivered,15,15,False,2231.0,8
4204,16237,13,13,2026-06-25 20:13:00,2026-06-25 20:17:00,2026-06-25 20:34:00,UPI,Delivered,15,21,True,3406.0,11
4205,40912,9,133,2026-06-29 21:07:00,2026-06-29 21:11:00,2026-06-29 21:21:00,UPI,Delivered,15,14,False,2774.0,12
4206,38330,12,194,2026-06-07 19:32:00,2026-06-07 19:36:00,2026-06-07 19:49:00,UPI,Delivered,15,17,True,2406.0,9
4207,38075,20,72,2026-06-28 19:21:00,2026-06-28 19:25:00,2026-06-28 19:42:00,UPI,Delivered,15,21,True,2416.0,9
4208,18552,15,180,2026-06-10 20:43:00,2026-06-10 20:45:00,2026-06-10 21:08:00,UPI,Cancelled,15,25,True,70.0,1
4209,49947,14,197,2026-06-05 08:50:00,2026-06-05 08:54:00,2026-06-05 09:02:00,Card,Delivered,15,12,False,486.0,2
4210,43079,14,68,2026-06-07 21:22:00,2026-06-07 21:24:00,2026-06-07 21:37:00,COD,Delivered,15,15,False,797.0,5
4211,25851,17,106,2026-06-20 12:48:00,2026-06-20 12:52:00,2026-06-20 13:07:00,UPI,Delivered,15,19,True,2694.0,10
4212,27509,16,199,2026-06-02 12:53:00,2026-06-02 12:58:00,2026-06-02 13:12:00,UPI,Delivered,15,19,True,939.0,4
4213,29924,8,152,2026-06-15 20:02:00,2026-06-15 20:04:00,2026-06-15 20:22:00,UPI,Delivered,15,20,True,1839.0,7
4214,49628,5,170,2026-06-24 08:31:00,2026-06-24 08:33:00,2026-06-24 08:43:00,Wallet,Delivered,15,12,False,3029.0,9
4215,41138,7,83,2026-06-10 14:07:00,2026-06-10 14:12:00,2026-06-10 14:25:00,UPI,Delivered,15,18,True,651.0,3
4216,11502,15,180,2026-06-05 20:35:00,2026-06-05 20:40:00,2026-06-05 20:53:00,Card,Delivered,15,18,True,1047.0,3
4217,32885,12,85,2026-06-24 19:13:00,2026-06-24 19:15:00,2026-06-24 19:35:00,COD,Delivered,15,22,True,1067.0,6
4218,21057,3,186,2026-06-01 21:49:00,2026-06-01 21:52:00,2026-06-01 22:01:00,UPI,Delivered,15,12,False,1907.0,8
4219,39414,17,3,2026-06-15 18:25:00,2026-06-15 18:28:00,2026-06-15 18:42:00,Card,Delivered,15,17,True,1687.0,7
4220,25666,3,186,2026-06-25 19:33:00,2026-06-25 19:37:00,2026-06-25 19:55:00,UPI,Delivered,15,22,True,2208.0,9
4221,21992,11,104,2026-06-15 17:07:00,2026-06-15 17:12:00,2026-06-15 17:24:00,UPI,Delivered,15,17,True,1251.0,5
4222,29983,17,59,2026-06-12 09:56:00,2026-06-12 10:00:00,2026-06-12 10:10:00,COD,Delivered,15,14,False,604.0,2
4223,41303,18,117,2026-06-15 11:23:00,2026-06-15 11:28:00,2026-06-15 11:40:00,UPI,Delivered,15,17,True,2033.0,6
4224,33470,5,35,2026-06-19 20:21:00,2026-06-19 20:24:00,2026-06-19 20:37:00,Card,Returned,15,16,True,3388.0,12
4225,26182,4,10,2026-06-04 22:50:00,2026-06-04 22:53:00,2026-06-04 23:01:00,Card,Delivered,15,11,False,669.0,3
4226,22066,18,42,2026-06-07 19:11:00,2026-06-07 19:13:00,2026-06-07 19:30:00,UPI,Delivered,15,19,True,1668.0,8
4227,14280,5,170,2026-06-16 12:14:00,2026-06-16 12:19:00,2026-06-16 12:34:00,UPI,Delivered,15,20,True,1442.0,5
4228,38197,7,158,2026-06-24 17:14:00,2026-06-24 17:18:00,2026-06-24 17:26:00,UPI,Delivered,15,12,False,747.0,3
4229,46786,10,183,2026-06-03 21:50:00,2026-06-03 21:52:00,2026-06-03 22:02:00,COD,Delivered,15,12,False,1392.0,7
4230,30548,20,84,2026-06-18 13:19:00,2026-06-18 13:23:00,2026-06-18 13:35:00,Card,Delivered,15,16,True,3203.0,9
4231,49448,12,135,2026-06-08 21:29:00,2026-06-08 21:34:00,2026-06-08 21:42:00,UPI,Delivered,15,13,False,2356.0,9
4232,34382,7,22,2026-06-30 14:45:00,2026-06-30 14:49:00,2026-06-30 14:58:00,Card,Delivered,15,13,False,2210.0,11
4233,10769,20,16,2026-06-28 18:41:00,2026-06-28 18:46:00,2026-06-28 18:56:00,UPI,Cancelled,15,15,False,3177.0,12
4234,43241,11,17,2026-06-27 20:19:00,2026-06-27 20:23:00,2026-06-27 20:43:00,UPI,Delivered,15,24,True,2120.0,9
4235,10546,6,23,2026-06-13 18:02:00,2026-06-13 18:06:00,2026-06-13 18:17:00,UPI,Delivered,15,15,False,1062.0,3
4236,47259,18,117,2026-06-04 09:29:00,2026-06-04 09:31:00,2026-06-04 09:43:00,Card,Delivered,15,14,False,770.0,5
4237,17255,4,157,2026-06-26 11:50:00,2026-06-26 11:52:00,2026-06-26 12:04:00,UPI,Delivered,15,14,False,2741.0,9
4238,14387,5,170,2026-06-10 19:28:00,2026-06-10 19:32:00,2026-06-10 19:48:00,UPI,Delivered,15,20,True,1848.0,9
4239,40606,2,99,2026-06-10 20:27:00,2026-06-10 20:29:00,2026-06-10 20:46:00,UPI,Delivered,15,19,True,73.0,1
4240,26293,18,27,2026-06-25 10:59:00,2026-06-25 11:01:00,2026-06-25 11:17:00,UPI,Delivered,15,18,True,1974.0,8
4241,30178,14,132,2026-06-01 20:37:00,2026-06-01 20:40:00,2026-06-01 21:05:00,COD,Delivered,15,28,True,768.0,2
4242,10591,17,30,2026-06-27 09:59:00,2026-06-27 10:03:00,2026-06-27 10:13:00,Card,Delivered,15,14,False,752.0,2
4243,20463,19,100,2026-06-13 12:25:00,2026-06-13 12:29:00,2026-06-13 12:48:00,UPI,Delivered,15,23,True,1874.0,7
4244,42543,11,184,2026-06-17 20:24:00,2026-06-17 20:27:00,2026-06-17 20:49:00,COD,Delivered,15,25,True,778.0,5
4245,27345,13,33,2026-06-05 13:36:00,2026-06-05 13:40:00,2026-06-05 13:47:00,Wallet,Delivered,15,11,False,1451.0,5
4246,18985,3,186,2026-06-18 11:22:00,2026-06-18 11:24:00,2026-06-18 11:37:00,Card,Delivered,15,15,False,1516.0,6
4247,31230,6,60,2026-06-20 21:31:00,2026-06-20 21:34:00,2026-06-20 21:44:00,UPI,Cancelled,15,13,False,1702.0,11
4248,43452,20,93,2026-06-21 10:14:00,2026-06-21 10:17:00,2026-06-21 10:26:00,COD,Delivered,15,12,False,2290.0,8
4249,21241,19,91,2026-06-20 21:50:00,2026-06-20 21:52:00,2026-06-20 22:02:00,UPI,Cancelled,15,12,False,1298.0,7
4250,44828,9,133,2026-06-16 13:35:00,2026-06-16 13:40:00,2026-06-16 13:52:00,UPI,Delivered,15,17,True,2707.0,12
4251,15750,7,53,2026-06-04 21:56:00,2026-06-04 21:58:00,2026-06-04 22:09:00,COD,Delivered,15,13,False,3081.0,12
4252,41231,5,35,2026-06-06 19:48:00,2026-06-06 19:50:00,2026-06-06 20:10:00,UPI,Delivered,15,22,True,808.0,5
4253,29348,10,183,2026-06-06 10:49:00,2026-06-06 10:54:00,2026-06-06 11:01:00,UPI,Delivered,15,12,False,1499.0,8
4254,11396,19,195,2026-06-25 21:24:00,2026-06-25 21:28:00,2026-06-25 21:35:00,UPI,Delivered,15,11,False,1395.0,5
4255,17186,7,108,2026-06-04 19:44:00,2026-06-04 19:48:00,2026-06-04 19:59:00,UPI,Delivered,15,15,False,574.0,9
4256,32831,12,148,2026-06-03 13:43:00,2026-06-03 13:46:00,2026-06-03 14:03:00,Wallet,Delivered,15,20,True,774.0,4
4257,44124,18,140,2026-06-29 19:13:00,2026-06-29 19:15:00,2026-06-29 19:34:00,Card,Delivered,15,21,True,952.0,5
4258,46461,11,184,2026-06-02 21:52:00,2026-06-02 21:55:00,2026-06-02 22:05:00,UPI,Delivered,15,13,False,563.0,5
4259,47850,5,37,2026-06-24 13:22:00,2026-06-24 13:24:00,2026-06-24 13:41:00,Wallet,Delivered,15,19,True,1460.0,6
4260,18182,14,68,2026-06-08 19:11:00,2026-06-08 19:15:00,2026-06-08 19:34:00,UPI,Delivered,15,23,True,3799.0,14
4261,21614,8,120,2026-06-08 13:13:00,2026-06-08 13:17:00,2026-06-08 13:31:00,UPI,Delivered,15,18,True,1426.0,6
4262,33894,2,136,2026-06-22 21:29:00,2026-06-22 21:33:00,2026-06-22 21:44:00,UPI,Delivered,15,15,False,3023.0,10
4263,17859,20,119,2026-06-18 11:46:00,2026-06-18 11:51:00,2026-06-18 11:57:00,Card,Delivered,15,11,False,1581.0,11
4264,48607,19,107,2026-06-17 20:12:00,2026-06-17 20:16:00,2026-06-17 20:42:00,UPI,Delivered,15,30,True,3208.0,10
4265,15590,6,90,2026-06-18 20:53:00,2026-06-18 20:57:00,2026-06-18 21:16:00,Card,Delivered,15,23,True,3605.0,13
4266,37884,19,113,2026-06-21 10:15:00,2026-06-21 10:17:00,2026-06-21 10:29:00,UPI,Delivered,15,14,False,1648.0,9
4267,37552,7,101,2026-06-13 13:25:00,2026-06-13 13:29:00,2026-06-13 13:41:00,UPI,Delivered,15,16,True,1212.0,7
4268,33554,13,65,2026-06-08 20:05:00,2026-06-08 20:08:00,2026-06-08 20:27:00,UPI,Delivered,15,22,True,3312.0,15
4269,46225,4,10,2026-06-20 14:50:00,2026-06-20 14:54:00,2026-06-20 15:02:00,COD,Delivered,15,12,False,105.0,3
4270,33619,14,131,2026-06-22 20:18:00,2026-06-22 20:23:00,2026-06-22 20:36:00,UPI,Delivered,15,18,True,1596.0,5
4271,12063,20,124,2026-06-04 20:11:00,2026-06-04 20:13:00,2026-06-04 20:24:00,Wallet,Delivered,15,13,False,668.0,2
4272,15038,1,36,2026-06-02 12:27:00,2026-06-02 12:32:00,2026-06-02 12:42:00,UPI,Delivered,15,15,False,506.0,5
4273,42969,3,87,2026-06-28 10:08:00,2026-06-28 10:12:00,2026-06-28 10:23:00,UPI,Returned,15,15,False,854.0,5
4274,36495,14,169,2026-06-29 20:57:00,2026-06-29 21:01:00,2026-06-29 21:15:00,UPI,Delivered,15,18,True,1440.0,6
4275,32858,10,196,2026-06-08 20:47:00,2026-06-08 20:51:00,2026-06-08 21:07:00,COD,Cancelled,15,20,True,1478.0,7
4276,20234,18,192,2026-06-11 19:52:00,2026-06-11 19:56:00,2026-06-11 20:09:00,UPI,Returned,15,17,True,1825.0,5
4277,39785,16,199,2026-06-26 19:01:00,2026-06-26 19:03:00,2026-06-26 19:18:00,Wallet,Delivered,15,17,True,461.0,5
4278,33146,11,25,2026-06-13 19:10:00,2026-06-13 19:12:00,2026-06-13 19:34:00,Wallet,Cancelled,15,24,True,1518.0,6
4279,13798,2,45,2026-06-25 12:40:00,2026-06-25 12:43:00,2026-06-25 12:59:00,Card,Delivered,15,19,True,1742.0,7
4280,46398,19,185,2026-06-10 09:27:00,2026-06-10 09:30:00,2026-06-10 09:39:00,UPI,Delivered,15,12,False,339.0,1
4281,30938,12,148,2026-06-08 19:20:00,2026-06-08 19:24:00,2026-06-08 19:41:00,Card,Delivered,15,21,True,1464.0,5
4282,29351,10,178,2026-06-19 20:50:00,2026-06-19 20:52:00,2026-06-19 21:13:00,Card,Delivered,15,23,True,708.0,6
4283,43377,9,144,2026-06-21 12:55:00,2026-06-21 12:58:00,2026-06-21 13:06:00,COD,Delivered,15,11,False,1580.0,7
4284,27327,10,32,2026-06-25 12:47:00,2026-06-25 12:51:00,2026-06-25 13:04:00,UPI,Delivered,15,17,True,1015.0,6
4285,24285,9,164,2026-06-23 18:38:00,2026-06-23 18:40:00,2026-06-23 18:54:00,Card,Delivered,15,16,True,404.0,2
4286,49397,4,77,2026-06-28 20:42:00,2026-06-28 20:44:00,2026-06-28 21:00:00,COD,Delivered,15,18,True,2096.0,5
4287,38576,11,104,2026-06-28 22:07:00,2026-06-28 22:10:00,2026-06-28 22:19:00,UPI,Delivered,15,12,False,309.0,3
4288,41707,7,53,2026-06-22 19:15:00,2026-06-22 19:17:00,2026-06-22 19:33:00,UPI,Delivered,15,18,True,1136.0,4
4289,14189,15,187,2026-06-26 20:50:00,2026-06-26 20:52:00,2026-06-26 21:06:00,Card,Delivered,15,16,True,198.0,1
4290,10288,2,98,2026-06-14 14:39:00,2026-06-14 14:41:00,2026-06-14 14:49:00,Wallet,Delivered,15,10,False,1715.0,6
4291,40786,13,33,2026-06-05 21:47:00,2026-06-05 21:51:00,2026-06-05 22:03:00,COD,Delivered,15,16,True,1639.0,5
4292,43127,7,74,2026-06-20 19:29:00,2026-06-20 19:32:00,2026-06-20 19:51:00,UPI,Delivered,15,22,True,327.0,1
4293,36103,9,164,2026-06-30 09:35:00,2026-06-30 09:37:00,2026-06-30 09:46:00,UPI,Delivered,15,11,False,2829.0,10
4294,33165,2,28,2026-06-02 14:57:00,2026-06-02 15:02:00,2026-06-02 15:06:00,UPI,Delivered,15,9,False,1245.0,7
4295,18861,4,70,2026-06-24 10:55:00,2026-06-24 10:57:00,2026-06-24 11:05:00,UPI,Delivered,15,10,False,2148.0,10
4296,18139,11,104,2026-06-11 11:20:00,2026-06-11 11:22:00,2026-06-11 11:34:00,COD,Delivered,15,14,False,587.0,4
4297,48933,17,2,2026-06-15 17:20:00,2026-06-15 17:23:00,2026-06-15 17:35:00,Wallet,Delivered,15,15,False,862.0,3
4298,17869,16,199,2026-06-03 15:28:00,2026-06-03 15:30:00,2026-06-03 15:43:00,UPI,Delivered,15,15,False,672.0,4
4299,34284,6,40,2026-06-09 20:17:00,2026-06-09 20:21:00,2026-06-09 20:45:00,UPI,Delivered,15,28,True,820.0,5
4300,45048,11,64,2026-06-05 21:20:00,2026-06-05 21:25:00,2026-06-05 21:34:00,UPI,Delivered,15,14,False,252.0,3
4301,12153,17,30,2026-06-06 20:58:00,2026-06-06 21:00:00,2026-06-06 21:17:00,UPI,Delivered,15,19,True,2761.0,9
4302,11914,14,7,2026-06-25 21:16:00,2026-06-25 21:19:00,2026-06-25 21:31:00,Card,Delivered,15,15,False,1408.0,7
4303,16450,7,22,2026-06-04 14:45:00,2026-06-04 14:50:00,2026-06-04 14:58:00,UPI,Delivered,15,13,False,556.0,5
4304,42888,3,186,2026-06-10 21:41:00,2026-06-10 21:44:00,2026-06-10 21:53:00,UPI,Delivered,15,12,False,1167.0,4
4305,18742,7,53,2026-06-18 21:52:00,2026-06-18 21:55:00,2026-06-18 22:02:00,UPI,Delivered,15,10,False,507.0,3
4306,42050,10,78,2026-06-03 21:09:00,2026-06-03 21:14:00,2026-06-03 21:24:00,COD,Delivered,15,15,False,118.0,1
4307,44783,6,23,2026-06-07 19:58:00,2026-06-07 20:02:00,2026-06-07 20:12:00,UPI,Delivered,15,14,False,1723.0,9
4308,44260,18,27,2026-06-07 20:52:00,2026-06-07 20:54:00,2026-06-07 21:11:00,UPI,Delivered,15,19,True,435.0,2
4309,48042,18,1,2026-06-20 21:36:00,2026-06-20 21:38:00,2026-06-20 21:49:00,COD,Delivered,15,13,False,471.0,3
4310,42567,6,52,2026-06-30 11:04:00,2026-06-30 11:07:00,2026-06-30 11:18:00,Card,Delivered,15,14,False,1632.0,11
4311,48960,4,10,2026-06-27 20:47:00,2026-06-27 20:49:00,2026-06-27 21:08:00,UPI,Delivered,15,21,True,1619.0,10
4312,11993,3,94,2026-06-10 19:08:00,2026-06-10 19:13:00,2026-06-10 19:26:00,UPI,Delivered,15,18,True,672.0,3
4313,46544,18,27,2026-06-14 21:22:00,2026-06-14 21:26:00,2026-06-14 21:38:00,UPI,Delivered,15,16,True,726.0,3
4314,47737,3,159,2026-06-16 18:08:00,2026-06-16 18:13:00,2026-06-16 18:24:00,UPI,Delivered,15,16,True,1459.0,8
4315,23457,4,8,2026-06-18 17:02:00,2026-06-18 17:06:00,2026-06-18 17:13:00,Card,Delivered,15,11,False,2013.0,7
4316,26862,8,120,2026-06-01 19:57:00,2026-06-01 20:02:00,2026-06-01 20:20:00,COD,Delivered,15,23,True,718.0,2
4317,40936,17,3,2026-06-23 19:31:00,2026-06-23 19:33:00,2026-06-23 19:45:00,UPI,Delivered,15,14,False,1049.0,3
4318,42341,7,38,2026-06-03 21:41:00,2026-06-03 21:44:00,2026-06-03 21:55:00,Card,Delivered,15,14,False,1314.0,9
4319,40145,17,134,2026-06-05 21:40:00,2026-06-05 21:43:00,2026-06-05 21:54:00,UPI,Delivered,15,14,False,1554.0,8
4320,42983,15,163,2026-06-07 11:17:00,2026-06-07 11:22:00,2026-06-07 11:32:00,UPI,Delivered,15,15,False,1414.0,6
4321,25996,2,50,2026-06-28 21:38:00,2026-06-28 21:43:00,2026-06-28 21:50:00,UPI,Delivered,15,12,False,1272.0,6
4322,26712,8,152,2026-06-01 21:56:00,2026-06-01 21:59:00,2026-06-01 22:13:00,UPI,Delivered,15,17,True,2826.0,12
4323,34413,5,76,2026-06-23 20:31:00,2026-06-23 20:35:00,2026-06-23 20:51:00,UPI,Delivered,15,20,True,1470.0,6
4324,45174,13,154,2026-06-29 21:05:00,2026-06-29 21:10:00,2026-06-29 21:21:00,UPI,Delivered,15,16,True,2486.0,9
4325,39068,5,123,2026-06-14 19:28:00,2026-06-14 19:31:00,2026-06-14 19:44:00,Wallet,Delivered,15,16,True,347.0,1
4326,32584,9,96,2026-06-13 17:29:00,2026-06-13 17:33:00,2026-06-13 17:44:00,UPI,Delivered,15,15,False,753.0,3
4327,15243,5,37,2026-06-21 13:41:00,2026-06-21 13:44:00,2026-06-21 13:57:00,COD,Delivered,15,16,True,3003.0,11
4328,25966,13,33,2026-06-08 20:28:00,2026-06-08 20:33:00,2026-06-08 20:44:00,UPI,Delivered,15,16,True,1390.0,6
4329,47162,15,141,2026-06-28 18:00:00,2026-06-28 18:05:00,2026-06-28 18:15:00,Wallet,Delivered,15,15,False,2007.0,12
4330,42765,18,140,2026-06-15 22:57:00,2026-06-15 22:59:00,2026-06-15 23:10:00,Card,Cancelled,15,13,False,3083.0,9
4331,28777,17,147,2026-06-05 10:55:00,2026-06-05 10:58:00,2026-06-05 11:06:00,UPI,Delivered,15,11,False,546.0,3
4332,14645,7,162,2026-06-23 14:35:00,2026-06-23 14:40:00,2026-06-23 14:46:00,UPI,Delivered,15,11,False,1217.0,10
4333,20736,9,164,2026-06-25 12:48:00,2026-06-25 12:50:00,2026-06-25 13:01:00,Wallet,Delivered,15,13,False,348.0,3
4334,22958,11,25,2026-06-01 11:49:00,2026-06-01 11:54:00,2026-06-01 12:02:00,UPI,Delivered,15,13,False,2114.0,7
4335,16748,15,156,2026-06-24 18:51:00,2026-06-24 18:54:00,2026-06-24 19:06:00,Wallet,Delivered,15,15,False,342.0,3
4336,40322,17,147,2026-06-14 21:01:00,2026-06-14 21:04:00,2026-06-14 21:19:00,COD,Delivered,15,18,True,2176.0,8
4337,36737,16,199,2026-06-25 21:14:00,2026-06-25 21:17:00,2026-06-25 21:27:00,Card,Cancelled,15,13,False,1274.0,4
4338,43529,3,69,2026-06-29 21:00:00,2026-06-29 21:04:00,2026-06-29 21:13:00,Card,Delivered,15,13,False,696.0,6
4339,31619,19,200,2026-06-27 20:18:00,2026-06-27 20:23:00,2026-06-27 20:38:00,UPI,Cancelled,15,20,True,286.0,2
4340,43506,9,164,2026-06-28 14:49:00,2026-06-28 14:54:00,2026-06-28 15:03:00,Wallet,Delivered,15,14,False,232.0,1
4341,34612,17,2,2026-06-29 11:54:00,2026-06-29 11:56:00,2026-06-29 12:05:00,UPI,Delivered,15,11,False,1350.0,8
4342,27826,15,180,2026-06-10 09:04:00,2026-06-10 09:09:00,2026-06-10 09:20:00,Wallet,Delivered,15,16,True,986.0,3
4343,13448,16,155,2026-06-21 17:24:00,2026-06-21 17:29:00,2026-06-21 17:39:00,Card,Delivered,15,15,False,208.0,1
4344,19241,13,166,2026-06-18 12:38:00,2026-06-18 12:41:00,2026-06-18 12:56:00,Card,Delivered,15,18,True,1192.0,6
4345,43451,18,1,2026-06-17 14:50:00,2026-06-17 14:53:00,2026-06-17 15:04:00,UPI,Delivered,15,14,False,2955.0,11
4346,22099,14,197,2026-06-05 10:21:00,2026-06-05 10:24:00,2026-06-05 10:38:00,COD,Delivered,15,17,True,1854.0,6
4347,19259,13,13,2026-06-21 20:37:00,2026-06-21 20:42:00,2026-06-21 20:58:00,UPI,Delivered,15,21,True,1855.0,7
4348,45260,13,65,2026-06-17 22:57:00,2026-06-17 22:59:00,2026-06-17 23:10:00,Card,Delivered,15,13,False,2376.0,12
4349,18565,18,105,2026-06-30 14:16:00,2026-06-30 14:20:00,2026-06-30 14:29:00,UPI,Delivered,15,13,False,1931.0,8
4350,21688,5,37,2026-06-25 19:19:00,2026-06-25 19:21:00,2026-06-25 19:33:00,COD,Delivered,15,14,False,1358.0,7
4351,17089,11,43,2026-06-13 20:24:00,2026-06-13 20:28:00,2026-06-13 20:38:00,Card,Delivered,15,14,False,173.0,1
4352,22259,6,90,2026-06-01 14:03:00,2026-06-01 14:05:00,2026-06-01 14:15:00,UPI,Delivered,15,12,False,1164.0,9
4353,24277,3,142,2026-06-13 20:42:00,2026-06-13 20:46:00,2026-06-13 21:00:00,UPI,Delivered,15,18,True,1238.0,10
4354,46960,8,120,2026-06-21 22:16:00,2026-06-21 22:19:00,2026-06-21 22:31:00,Card,Delivered,15,15,False,180.0,1
4355,20721,17,59,2026-06-14 21:52:00,2026-06-14 21:54:00,2026-06-14 22:05:00,UPI,Delivered,15,13,False,1558.0,8
4356,20993,20,127,2026-06-28 09:09:00,2026-06-28 09:14:00,2026-06-28 09:24:00,Card,Cancelled,15,15,False,1842.0,6
4357,44832,7,53,2026-06-12 19:01:00,2026-06-12 19:05:00,2026-06-12 19:14:00,UPI,Delivered,15,13,False,2329.0,8
4358,32144,11,17,2026-06-05 13:34:00,2026-06-05 13:39:00,2026-06-05 13:54:00,UPI,Delivered,15,20,True,1216.0,9
4359,30870,7,22,2026-06-25 13:45:00,2026-06-25 13:47:00,2026-06-25 14:07:00,COD,Cancelled,15,22,True,1651.0,8
4360,21233,19,91,2026-06-28 12:48:00,2026-06-28 12:52:00,2026-06-28 13:05:00,UPI,Cancelled,15,17,True,2075.0,9
4361,34911,12,135,2026-06-01 20:50:00,2026-06-01 20:55:00,2026-06-01 21:07:00,UPI,Delivered,15,17,True,656.0,4
4362,42811,17,3,2026-06-17 21:59:00,2026-06-17 22:04:00,2026-06-17 22:12:00,Card,Delivered,15,13,False,2095.0,10
4363,15991,2,98,2026-06-30 13:40:00,2026-06-30 13:43:00,2026-06-30 14:01:00,Card,Delivered,15,21,True,1725.0,8
4364,33799,10,95,2026-06-28 11:51:00,2026-06-28 11:55:00,2026-06-28 12:06:00,UPI,Delivered,15,15,False,1174.0,7
4365,17904,8,29,2026-06-07 20:59:00,2026-06-07 21:03:00,2026-06-07 21:19:00,Card,Delivered,15,20,True,227.0,1
4366,12318,11,43,2026-06-09 18:41:00,2026-06-09 18:46:00,2026-06-09 18:55:00,UPI,Returned,15,14,False,2890.0,7
4367,39160,8,120,2026-06-09 19:41:00,2026-06-09 19:43:00,2026-06-09 20:03:00,COD,Delivered,15,22,True,1106.0,7
4368,36153,11,64,2026-06-17 21:14:00,2026-06-17 21:17:00,2026-06-17 21:29:00,COD,Delivered,15,15,False,2606.0,10
4369,47657,13,61,2026-06-16 14:33:00,2026-06-16 14:35:00,2026-06-16 14:43:00,Card,Delivered,15,10,False,1728.0,9
4370,24349,16,199,2026-06-03 15:18:00,2026-06-03 15:22:00,2026-06-03 15:31:00,COD,Delivered,15,13,False,3150.0,11
4371,22811,10,183,2026-06-03 12:20:00,2026-06-03 12:23:00,2026-06-03 12:39:00,UPI,Delivered,15,19,True,1856.0,6
4372,27308,15,21,2026-06-24 20:15:00,2026-06-24 20:18:00,2026-06-24 20:39:00,Wallet,Delivered,15,24,True,1938.0,11
4373,13657,20,119,2026-06-03 19:36:00,2026-06-03 19:39:00,2026-06-03 19:57:00,COD,Delivered,15,21,True,1378.0,5
4374,29438,16,190,2026-06-17 14:52:00,2026-06-17 14:55:00,2026-06-17 15:07:00,UPI,Delivered,15,15,False,714.0,3
4375,36945,16,171,2026-06-19 21:26:00,2026-06-19 21:29:00,2026-06-19 21:43:00,UPI,Delivered,15,17,True,1343.0,4
4376,28324,14,169,2026-06-08 21:47:00,2026-06-08 21:49:00,2026-06-08 21:58:00,Card,Delivered,15,11,False,1178.0,5
4377,31881,6,90,2026-06-03 20:48:00,2026-06-03 20:50:00,2026-06-03 21:04:00,UPI,Delivered,15,16,True,439.0,5
4378,34240,8,152,2026-06-20 21:24:00,2026-06-20 21:29:00,2026-06-20 21:40:00,UPI,Delivered,15,16,True,572.0,4
4379,22479,18,192,2026-06-08 13:00:00,2026-06-08 13:03:00,2026-06-08 13:17:00,Card,Delivered,15,17,True,878.0,2
4380,15477,11,25,2026-06-27 13:34:00,2026-06-27 13:36:00,2026-06-27 13:47:00,UPI,Delivered,15,13,False,1881.0,7
4381,12759,2,189,2026-06-25 19:40:00,2026-06-25 19:42:00,2026-06-25 19:58:00,Card,Cancelled,15,18,True,1549.0,10
4382,21008,14,68,2026-06-17 19:18:00,2026-06-17 19:21:00,2026-06-17 19:46:00,COD,Delivered,15,28,True,463.0,4
4383,17543,9,133,2026-06-04 15:03:00,2026-06-04 15:08:00,2026-06-04 15:15:00,COD,Delivered,15,12,False,1734.0,5
4384,23164,1,57,2026-06-03 19:40:00,2026-06-03 19:44:00,2026-06-03 20:05:00,UPI,Delivered,15,25,True,2040.0,6
4385,44279,20,11,2026-06-27 18:34:00,2026-06-27 18:37:00,2026-06-27 18:47:00,UPI,Delivered,15,13,False,2366.0,11
4386,47720,20,79,2026-06-23 14:29:00,2026-06-23 14:32:00,2026-06-23 14:44:00,UPI,Delivered,15,15,False,1535.0,5
4387,11729,6,71,2026-06-08 14:32:00,2026-06-08 14:34:00,2026-06-08 14:48:00,UPI,Delivered,15,16,True,988.0,5
4388,16199,9,133,2026-06-05 21:53:00,2026-06-05 21:57:00,2026-06-05 22:06:00,UPI,Delivered,15,13,False,1633.0,8
4389,47203,13,174,2026-06-12 13:10:00,2026-06-12 13:12:00,2026-06-12 13:27:00,UPI,Delivered,15,17,True,2373.0,8
4390,34022,3,142,2026-06-14 19:45:00,2026-06-14 19:47:00,2026-06-14 20:10:00,UPI,Delivered,15,25,True,2830.0,10
4391,40039,16,190,2026-06-20 20:44:00,2026-06-20 20:46:00,2026-06-20 21:01:00,Wallet,Delivered,15,17,True,96.0,1
4392,42297,11,184,2026-06-17 14:09:00,2026-06-17 14:12:00,2026-06-17 14:27:00,UPI,Delivered,15,18,True,1824.0,7
4393,11183,12,86,2026-06-19 21:06:00,2026-06-19 21:09:00,2026-06-19 21:22:00,COD,Delivered,15,16,True,2152.0,9
4394,30352,15,21,2026-06-25 14:25:00,2026-06-25 14:30:00,2026-06-25 14:35:00,Wallet,Delivered,15,10,False,1879.0,6
4395,48693,18,1,2026-06-06 17:38:00,2026-06-06 17:41:00,2026-06-06 17:51:00,UPI,Delivered,15,13,False,2009.0,7
4396,19158,11,25,2026-06-18 20:36:00,2026-06-18 20:39:00,2026-06-18 20:52:00,Card,Delivered,15,16,True,466.0,5
4397,10042,2,50,2026-06-12 21:11:00,2026-06-12 21:13:00,2026-06-12 21:23:00,UPI,Delivered,15,12,False,816.0,2
4398,12251,20,15,2026-06-10 20:56:00,2026-06-10 20:58:00,2026-06-10 21:11:00,UPI,Returned,15,15,False,1233.0,3
4399,15136,10,138,2026-06-24 13:28:00,2026-06-24 13:33:00,2026-06-24 13:40:00,UPI,Delivered,15,12,False,778.0,3
4400,17818,6,191,2026-06-13 19:11:00,2026-06-13 19:13:00,2026-06-13 19:34:00,UPI,Delivered,15,23,True,2646.0,11
4401,35329,11,184,2026-06-20 22:31:00,2026-06-20 22:36:00,2026-06-20 22:42:00,UPI,Delivered,15,11,False,2648.0,10
4402,17211,7,74,2026-06-22 21:57:00,2026-06-22 21:59:00,2026-06-22 22:12:00,Card,Delivered,15,15,False,1171.0,8
4403,23179,14,131,2026-06-04 21:33:00,2026-06-04 21:35:00,2026-06-04 21:47:00,Wallet,Delivered,15,14,False,1340.0,6
4404,49639,13,13,2026-06-08 19:20:00,2026-06-08 19:24:00,2026-06-08 19:39:00,UPI,Delivered,15,19,True,2070.0,7
4405,44797,6,6,2026-06-29 18:55:00,2026-06-29 18:59:00,2026-06-29 19:09:00,UPI,Returned,15,14,False,1646.0,7
4406,37263,3,142,2026-06-07 22:12:00,2026-06-07 22:14:00,2026-06-07 22:24:00,Card,Cancelled,15,12,False,386.0,5
4407,30680,8,120,2026-06-26 22:41:00,2026-06-26 22:44:00,2026-06-26 22:59:00,COD,Delivered,15,18,True,2567.0,12
4408,13813,13,13,2026-06-09 12:19:00,2026-06-09 12:21:00,2026-06-09 12:33:00,Wallet,Delivered,15,14,False,2455.0,9
4409,44415,16,190,2026-06-11 19:27:00,2026-06-11 19:29:00,2026-06-11 19:42:00,COD,Delivered,15,15,False,486.0,2
4410,49392,14,56,2026-06-20 12:47:00,2026-06-20 12:50:00,2026-06-20 13:01:00,COD,Delivered,15,14,False,3207.0,13
4411,46080,5,170,2026-06-18 20:53:00,2026-06-18 20:55:00,2026-06-18 21:12:00,UPI,Delivered,15,19,True,598.0,3
4412,26179,7,38,2026-06-11 15:49:00,2026-06-11 15:53:00,2026-06-11 16:04:00,UPI,Delivered,15,15,False,1110.0,3
4413,37173,4,63,2026-06-12 21:52:00,2026-06-12 21:54:00,2026-06-12 22:02:00,UPI,Delivered,15,10,False,1671.0,7
4414,31362,17,147,2026-06-07 21:16:00,2026-06-07 21:20:00,2026-06-07 21:28:00,UPI,Delivered,15,12,False,308.0,2
4415,20365,1,81,2026-06-30 21:23:00,2026-06-30 21:26:00,2026-06-30 21:39:00,Wallet,Delivered,15,16,True,170.0,1
4416,34591,18,1,2026-06-04 19:47:00,2026-06-04 19:49:00,2026-06-04 20:07:00,Card,Delivered,15,20,True,682.0,2
4417,32494,9,31,2026-06-15 13:10:00,2026-06-15 13:12:00,2026-06-15 13:29:00,UPI,Delivered,15,19,True,406.0,2
4418,25387,12,41,2026-06-10 20:16:00,2026-06-10 20:19:00,2026-06-10 20:38:00,Card,Cancelled,15,22,True,1687.0,7
4419,31677,11,43,2026-06-10 20:35:00,2026-06-10 20:40:00,2026-06-10 20:54:00,Card,Delivered,15,19,True,2145.0,11
4420,43578,5,153,2026-06-20 10:19:00,2026-06-20 10:24:00,2026-06-20 10:34:00,Card,Delivered,15,15,False,1411.0,9
4421,47022,10,49,2026-06-30 14:11:00,2026-06-30 14:16:00,2026-06-30 14:23:00,UPI,Delivered,15,12,False,139.0,1
4422,29137,14,68,2026-06-20 21:53:00,2026-06-20 21:58:00,2026-06-20 22:09:00,Card,Delivered,15,16,True,1054.0,6
4423,25233,12,194,2026-06-18 19:17:00,2026-06-18 19:19:00,2026-06-18 19:35:00,UPI,Delivered,15,18,True,350.0,2
4424,31794,1,121,2026-06-10 22:18:00,2026-06-10 22:23:00,2026-06-10 22:28:00,UPI,Delivered,15,10,False,1204.0,6
4425,45072,11,64,2026-06-02 19:34:00,2026-06-02 19:36:00,2026-06-02 19:55:00,UPI,Delivered,15,21,True,2308.0,10
4426,25734,15,180,2026-06-21 20:40:00,2026-06-21 20:44:00,2026-06-21 21:05:00,UPI,Delivered,15,25,True,1116.0,3
4427,34272,2,28,2026-06-23 21:45:00,2026-06-23 21:47:00,2026-06-23 21:57:00,Card,Cancelled,15,12,False,2579.0,7
4428,11328,14,132,2026-06-20 13:51:00,2026-06-20 13:55:00,2026-06-20 14:11:00,UPI,Delivered,15,20,True,1597.0,10
4429,23117,1,46,2026-06-27 08:25:00,2026-06-27 08:30:00,2026-06-27 08:38:00,COD,Delivered,15,13,False,2913.0,9
4430,18260,4,175,2026-06-05 18:06:00,2026-06-05 18:11:00,2026-06-05 18:23:00,UPI,Delivered,15,17,True,562.0,4
4431,42150,13,154,2026-06-01 20:38:00,2026-06-01 20:40:00,2026-06-01 20:49:00,Wallet,Delivered,15,11,False,314.0,2
4432,20609,1,57,2026-06-21 19:21:00,2026-06-21 19:25:00,2026-06-21 19:40:00,UPI,Delivered,15,19,True,1458.0,6
4433,46279,18,42,2026-06-29 17:18:00,2026-06-29 17:20:00,2026-06-29 17:30:00,UPI,Delivered,15,12,False,1008.0,3
4434,34040,4,70,2026-06-27 21:10:00,2026-06-27 21:12:00,2026-06-27 21:26:00,UPI,Delivered,15,16,True,1095.0,4
4435,31776,7,158,2026-06-30 12:19:00,2026-06-30 12:22:00,2026-06-30 12:29:00,UPI,Delivered,15,10,False,1753.0,8
4436,15092,18,192,2026-06-17 18:58:00,2026-06-17 19:00:00,2026-06-17 19:06:00,UPI,Delivered,15,8,False,2486.0,13
4437,45389,18,1,2026-06-02 09:31:00,2026-06-02 09:33:00,2026-06-02 09:47:00,COD,Delivered,15,16,True,1441.0,6
4438,10070,14,68,2026-06-29 20:21:00,2026-06-29 20:25:00,2026-06-29 20:43:00,Card,Delivered,15,22,True,1857.0,5
4439,26044,3,94,2026-06-06 20:28:00,2026-06-06 20:32:00,2026-06-06 20:47:00,COD,Delivered,15,19,True,3219.0,11
4440,42548,20,176,2026-06-11 20:23:00,2026-06-11 20:28:00,2026-06-11 20:38:00,UPI,Delivered,15,15,False,1272.0,3
4441,17380,6,71,2026-06-10 21:15:00,2026-06-10 21:19:00,2026-06-10 21:28:00,COD,Delivered,15,13,False,1176.0,4
4442,46612,17,106,2026-06-15 11:45:00,2026-06-15 11:48:00,2026-06-15 11:59:00,UPI,Delivered,15,14,False,615.0,6
4443,34111,18,168,2026-06-10 21:55:00,2026-06-10 21:57:00,2026-06-10 22:06:00,COD,Cancelled,15,11,False,1836.0,6
4444,46120,5,170,2026-06-13 13:18:00,2026-06-13 13:20:00,2026-06-13 13:35:00,Wallet,Cancelled,15,17,True,212.0,1
4445,25157,5,151,2026-06-03 13:32:00,2026-06-03 13:36:00,2026-06-03 13:50:00,Card,Delivered,15,18,True,364.0,2
4446,37224,17,106,2026-06-07 08:05:00,2026-06-07 08:07:00,2026-06-07 08:18:00,Wallet,Delivered,15,13,False,2810.0,9
4447,35779,16,155,2026-06-06 18:36:00,2026-06-06 18:39:00,2026-06-06 18:55:00,COD,Delivered,15,19,True,792.0,3
4448,18719,9,144,2026-06-19 15:17:00,2026-06-19 15:20:00,2026-06-19 15:26:00,UPI,Delivered,15,9,False,2707.0,10
4449,21191,5,193,2026-06-19 21:49:00,2026-06-19 21:53:00,2026-06-19 22:01:00,UPI,Delivered,15,12,False,428.0,1
4450,33082,2,50,2026-06-03 20:57:00,2026-06-03 21:01:00,2026-06-03 21:18:00,UPI,Delivered,15,21,True,810.0,3
4451,17577,19,110,2026-06-21 13:43:00,2026-06-21 13:45:00,2026-06-21 13:59:00,UPI,Delivered,15,16,True,2792.0,8
4452,12793,3,186,2026-06-03 20:07:00,2026-06-03 20:09:00,2026-06-03 20:29:00,UPI,Delivered,15,22,True,1363.0,9
4453,27600,5,35,2026-06-09 11:15:00,2026-06-09 11:19:00,2026-06-09 11:28:00,COD,Cancelled,15,13,False,569.0,2
4454,48255,13,154,2026-06-10 19:35:00,2026-06-10 19:39:00,2026-06-10 19:54:00,UPI,Delivered,15,19,True,440.0,1
4455,16054,15,180,2026-06-26 19:40:00,2026-06-26 19:45:00,2026-06-26 19:57:00,UPI,Delivered,15,17,True,2406.0,10
4456,46406,9,31,2026-06-13 22:09:00,2026-06-13 22:13:00,2026-06-13 22:23:00,Card,Delivered,15,14,False,718.0,4
4457,14294,12,41,2026-06-17 10:21:00,2026-06-17 10:24:00,2026-06-17 10:34:00,UPI,Returned,15,13,False,856.0,2
4458,12186,4,10,2026-06-09 18:12:00,2026-06-09 18:14:00,2026-06-09 18:30:00,UPI,Delivered,15,18,True,1323.0,6
4459,10556,17,59,2026-06-21 19:41:00,2026-06-21 19:45:00,2026-06-21 19:58:00,UPI,Delivered,15,17,True,3183.0,12
4460,20778,6,60,2026-06-02 19:28:00,2026-06-02 19:33:00,2026-06-02 19:51:00,UPI,Delivered,15,23,True,1779.0,8
4461,24228,15,180,2026-06-10 18:24:00,2026-06-10 18:26:00,2026-06-10 18:39:00,UPI,Delivered,15,15,False,1728.0,6
4462,11683,1,57,2026-06-13 21:18:00,2026-06-13 21:23:00,2026-06-13 21:32:00,UPI,Delivered,15,14,False,231.0,3
4463,32886,9,31,2026-06-29 21:35:00,2026-06-29 21:38:00,2026-06-29 21:51:00,COD,Delivered,15,16,True,2599.0,8
4464,12549,20,176,2026-06-10 20:56:00,2026-06-10 21:01:00,2026-06-10 21:17:00,Card,Delivered,15,21,True,3904.0,10
4465,35931,18,27,2026-06-27 20:22:00,2026-06-27 20:25:00,2026-06-27 20:40:00,UPI,Delivered,15,18,True,1959.0,7
4466,39694,14,56,2026-06-17 21:45:00,2026-06-17 21:47:00,2026-06-17 21:56:00,Wallet,Delivered,15,11,False,1518.0,9
4467,30533,16,155,2026-06-08 14:05:00,2026-06-08 14:07:00,2026-06-08 14:21:00,Card,Delivered,15,16,True,1810.0,8
4468,18711,4,70,2026-06-26 20:55:00,2026-06-26 20:57:00,2026-06-26 21:11:00,UPI,Delivered,15,16,True,1229.0,4
4469,35183,18,1,2026-06-04 21:56:00,2026-06-04 22:00:00,2026-06-04 22:11:00,Card,Delivered,15,15,False,959.0,3
4470,23963,15,187,2026-06-07 13:57:00,2026-06-07 14:02:00,2026-06-07 14:14:00,UPI,Delivered,15,17,True,135.0,1
4471,34589,10,138,2026-06-06 20:50:00,2026-06-06 20:52:00,2026-06-06 21:09:00,UPI,Delivered,15,19,True,1954.0,7
4472,39825,13,154,2026-06-14 10:36:00,2026-06-14 10:41:00,2026-06-14 10:51:00,UPI,Delivered,15,15,False,386.0,3
4473,24882,11,184,2026-06-19 20:05:00,2026-06-19 20:07:00,2026-06-19 20:25:00,Wallet,Delivered,15,20,True,2695.0,9
4474,30669,4,175,2026-06-01 20:04:00,2026-06-01 20:07:00,2026-06-01 20:31:00,UPI,Delivered,15,27,True,1242.0,6
4475,10976,7,101,2026-06-08 21:27:00,2026-06-08 21:30:00,2026-06-08 21:38:00,UPI,Delivered,15,11,False,78.0,2
4476,39700,11,103,2026-06-02 14:32:00,2026-06-02 14:34:00,2026-06-02 14:46:00,UPI,Cancelled,15,14,False,524.0,4
4477,19735,10,95,2026-06-15 21:10:00,2026-06-15 21:12:00,2026-06-15 21:22:00,UPI,Delivered,15,12,False,1662.0,5
4478,25801,5,193,2026-06-28 13:10:00,2026-06-28 13:12:00,2026-06-28 13:28:00,Card,Delivered,15,18,True,2681.0,12
4479,32785,7,38,2026-06-23 14:28:00,2026-06-23 14:30:00,2026-06-23 14:40:00,Card,Delivered,15,12,False,933.0,5
4480,13907,11,25,2026-06-04 20:20:00,2026-06-04 20:25:00,2026-06-04 20:35:00,UPI,Cancelled,15,15,False,219.0,3
4481,26656,20,84,2026-06-19 22:42:00,2026-06-19 22:47:00,2026-06-19 22:55:00,Card,Delivered,15,13,False,1080.0,9
4482,12580,19,89,2026-06-07 08:40:00,2026-06-07 08:42:00,2026-06-07 08:51:00,Card,Delivered,15,11,False,2505.0,10
4483,47253,8,152,2026-06-29 20:02:00,2026-06-29 20:06:00,2026-06-29 20:18:00,UPI,Delivered,15,16,True,1791.0,8
4484,44189,19,143,2026-06-20 08:44:00,2026-06-20 08:47:00,2026-06-20 08:54:00,UPI,Delivered,15,10,False,665.0,5
4485,29933,1,57,2026-06-12 14:20:00,2026-06-12 14:25:00,2026-06-12 14:35:00,UPI,Delivered,15,15,False,1797.0,8
4486,33699,4,8,2026-06-18 22:52:00,2026-06-18 22:56:00,2026-06-18 23:04:00,UPI,Delivered,15,12,False,2142.0,5
4487,15224,11,25,2026-06-28 18:11:00,2026-06-28 18:13:00,2026-06-28 18:22:00,Card,Delivered,15,11,False,1699.0,9
4488,27386,12,135,2026-06-08 20:24:00,2026-06-08 20:28:00,2026-06-08 20:45:00,UPI,Delivered,15,21,True,1698.0,14
4489,11294,20,55,2026-06-25 22:02:00,2026-06-25 22:05:00,2026-06-25 22:16:00,COD,Delivered,15,14,False,2268.0,8
4490,21241,10,47,2026-06-09 18:31:00,2026-06-09 18:34:00,2026-06-09 18:47:00,UPI,Delivered,15,16,True,2532.0,12
4491,41212,13,13,2026-06-03 20:46:00,2026-06-03 20:49:00,2026-06-03 21:02:00,Card,Delivered,15,16,True,1067.0,6
4492,20249,7,22,2026-06-22 20:48:00,2026-06-22 20:53:00,2026-06-22 21:04:00,UPI,Returned,15,16,True,3190.0,13
4493,44391,5,153,2026-06-27 11:07:00,2026-06-27 11:11:00,2026-06-27 11:23:00,UPI,Delivered,15,16,True,856.0,2
4494,41464,12,194,2026-06-24 11:00:00,2026-06-24 11:02:00,2026-06-24 11:12:00,UPI,Cancelled,15,12,False,1326.0,6
4495,24330,4,157,2026-06-02 13:33:00,2026-06-02 13:37:00,2026-06-02 13:52:00,UPI,Delivered,15,19,True,424.0,2
4496,36670,2,54,2026-06-12 21:22:00,2026-06-12 21:24:00,2026-06-12 21:33:00,UPI,Delivered,15,11,False,708.0,2
4497,40816,15,163,2026-06-18 19:56:00,2026-06-18 20:00:00,2026-06-18 20:11:00,UPI,Delivered,15,15,False,166.0,2
4498,20735,14,131,2026-06-03 19:49:00,2026-06-03 19:54:00,2026-06-03 20:07:00,COD,Delivered,15,18,True,2377.0,8
4499,40401,1,121,2026-06-19 13:18:00,2026-06-19 13:22:00,2026-06-19 13:35:00,Wallet,Delivered,15,17,True,346.0,1
4500,45901,9,164,2026-06-01 12:12:00,2026-06-01 12:15:00,2026-06-01 12:30:00,UPI,Delivered,15,18,True,372.0,1
4501,27349,10,183,2026-06-19 17:12:00,2026-06-19 17:14:00,2026-06-19 17:26:00,COD,Delivered,15,14,False,384.0,1
4502,36568,4,70,2026-06-17 11:25:00,2026-06-17 11:27:00,2026-06-17 11:37:00,UPI,Cancelled,15,12,False,2372.0,9
4503,11165,13,33,2026-06-16 20:15:00,2026-06-16 20:18:00,2026-06-16 20:32:00,UPI,Delivered,15,17,True,1357.0,6
4504,44829,10,126,2026-06-21 19:20:00,2026-06-21 19:24:00,2026-06-21 19:44:00,Wallet,Delivered,15,24,True,1305.0,3
4505,20848,14,68,2026-06-23 18:44:00,2026-06-23 18:48:00,2026-06-23 18:57:00,Card,Delivered,15,13,False,1174.0,4
4506,33432,19,118,2026-06-03 20:52:00,2026-06-03 20:57:00,2026-06-03 21:16:00,UPI,Delivered,15,24,True,1681.0,8
4507,49438,11,43,2026-06-21 20:43:00,2026-06-21 20:48:00,2026-06-21 21:00:00,UPI,Delivered,15,17,True,948.0,5
4508,26214,2,28,2026-06-24 19:13:00,2026-06-24 19:18:00,2026-06-24 19:33:00,UPI,Delivered,15,20,True,1886.0,11
4509,22964,2,54,2026-06-02 18:06:00,2026-06-02 18:11:00,2026-06-02 18:20:00,UPI,Delivered,15,14,False,1047.0,3
4510,11444,19,100,2026-06-24 21:20:00,2026-06-24 21:24:00,2026-06-24 21:35:00,Wallet,Delivered,15,15,False,335.0,3
4511,21913,1,92,2026-06-27 13:14:00,2026-06-27 13:16:00,2026-06-27 13:32:00,UPI,Delivered,15,18,True,440.0,3
4512,14993,1,81,2026-06-07 20:48:00,2026-06-07 20:50:00,2026-06-07 21:04:00,Wallet,Cancelled,15,16,True,2042.0,8
4513,48969,8,120,2026-06-21 08:46:00,2026-06-21 08:49:00,2026-06-21 09:03:00,Wallet,Delivered,15,17,True,1436.0,4
4514,27018,16,199,2026-06-21 20:42:00,2026-06-21 20:47:00,2026-06-21 21:07:00,UPI,Delivered,15,25,True,1204.0,8
4515,29224,19,143,2026-06-13 21:32:00,2026-06-13 21:34:00,2026-06-13 21:42:00,COD,Delivered,15,10,False,182.0,1
4516,49324,3,186,2026-06-22 19:59:00,2026-06-22 20:01:00,2026-06-22 20:23:00,Wallet,Returned,15,24,True,2310.0,12
4517,23441,7,22,2026-06-15 14:39:00,2026-06-15 14:44:00,2026-06-15 14:48:00,UPI,Delivered,15,9,False,1251.0,8
4518,41084,1,92,2026-06-18 19:17:00,2026-06-18 19:19:00,2026-06-18 19:38:00,Card,Delivered,15,21,True,820.0,2
4519,24381,10,126,2026-06-12 14:49:00,2026-06-12 14:54:00,2026-06-12 15:06:00,Card,Delivered,15,17,True,214.0,1
4520,16981,20,93,2026-06-27 20:22:00,2026-06-27 20:27:00,2026-06-27 20:41:00,UPI,Delivered,15,19,True,642.0,3
4521,29783,15,163,2026-06-05 13:11:00,2026-06-05 13:14:00,2026-06-05 13:28:00,COD,Delivered,15,17,True,1703.0,7
4522,12194,10,196,2026-06-17 19:42:00,2026-06-17 19:47:00,2026-06-17 20:01:00,Card,Delivered,15,19,True,104.0,1
4523,42219,4,125,2026-06-22 19:09:00,2026-06-22 19:11:00,2026-06-22 19:31:00,COD,Cancelled,15,22,True,1687.0,7
4524,48253,17,3,2026-06-19 17:21:00,2026-06-19 17:23:00,2026-06-19 17:35:00,UPI,Returned,15,14,False,1358.0,9
4525,39840,4,167,2026-06-03 20:57:00,2026-06-03 21:00:00,2026-06-03 21:15:00,UPI,Delivered,15,18,True,841.0,5
4526,23834,16,179,2026-06-12 14:14:00,2026-06-12 14:17:00,2026-06-12 14:26:00,Wallet,Delivered,15,12,False,2559.0,7
4527,45027,11,43,2026-06-08 22:31:00,2026-06-08 22:33:00,2026-06-08 22:47:00,Card,Delivered,15,16,True,2489.0,10
4528,26548,14,169,2026-06-10 21:13:00,2026-06-10 21:17:00,2026-06-10 21:25:00,Card,Delivered,15,12,False,2950.0,11
4529,25280,4,157,2026-06-27 19:45:00,2026-06-27 19:48:00,2026-06-27 20:03:00,Card,Delivered,15,18,True,1655.0,6
4530,24329,3,142,2026-06-06 17:21:00,2026-06-06 17:24:00,2026-06-06 17:37:00,UPI,Delivered,15,16,True,2417.0,8
4531,21536,15,156,2026-06-07 20:24:00,2026-06-07 20:28:00,2026-06-07 20:44:00,UPI,Delivered,15,20,True,184.0,4
4532,27761,18,117,2026-06-22 14:27:00,2026-06-22 14:32:00,2026-06-22 14:41:00,UPI,Delivered,15,14,False,1024.0,5
4533,48310,1,88,2026-06-24 18:44:00,2026-06-24 18:47:00,2026-06-24 18:53:00,Wallet,Delivered,15,9,False,270.0,3
4534,36793,8,128,2026-06-25 17:37:00,2026-06-25 17:41:00,2026-06-25 17:50:00,COD,Returned,15,13,False,448.0,2
4535,38291,2,34,2026-06-28 18:08:00,2026-06-28 18:13:00,2026-06-28 18:22:00,UPI,Cancelled,15,14,False,1038.0,9
4536,35836,10,122,2026-06-27 18:04:00,2026-06-27 18:06:00,2026-06-27 18:15:00,UPI,Delivered,15,11,False,2081.0,9
4537,16236,17,2,2026-06-30 20:51:00,2026-06-30 20:55:00,2026-06-30 21:10:00,Wallet,Delivered,15,19,True,1620.0,6
4538,28034,3,142,2026-06-03 20:14:00,2026-06-03 20:19:00,2026-06-03 20:32:00,UPI,Delivered,15,18,True,2178.0,11
4539,26847,11,25,2026-06-10 15:55:00,2026-06-10 16:00:00,2026-06-10 16:13:00,Card,Delivered,15,18,True,95.0,3
4540,35636,17,147,2026-06-04 22:48:00,2026-06-04 22:51:00,2026-06-04 23:04:00,UPI,Delivered,15,16,True,2344.0,8
4541,37717,13,116,2026-06-04 13:01:00,2026-06-04 13:06:00,2026-06-04 13:18:00,UPI,Delivered,15,17,True,1842.0,7
4542,47962,18,172,2026-06-23 10:55:00,2026-06-23 10:58:00,2026-06-23 11:06:00,UPI,Delivered,15,11,False,372.0,1
4543,19829,5,151,2026-06-20 11:25:00,2026-06-20 11:30:00,2026-06-20 11:38:00,UPI,Delivered,15,13,False,2318.0,10
4544,47769,14,132,2026-06-19 21:39:00,2026-06-19 21:41:00,2026-06-19 21:53:00,COD,Delivered,15,14,False,2164.0,8
4545,40556,7,53,2026-06-27 10:37:00,2026-06-27 10:40:00,2026-06-27 10:51:00,UPI,Delivered,15,14,False,2143.0,9
4546,26955,16,155,2026-06-04 20:31:00,2026-06-04 20:34:00,2026-06-04 20:50:00,Card,Delivered,15,19,True,2142.0,6
4547,31785,7,38,2026-06-21 20:57:00,2026-06-21 21:02:00,2026-06-21 21:21:00,UPI,Delivered,15,24,True,2417.0,8
4548,47305,2,112,2026-06-14 20:27:00,2026-06-14 20:30:00,2026-06-14 20:50:00,UPI,Cancelled,15,23,True,927.0,3
4549,11879,6,191,2026-06-24 10:42:00,2026-06-24 10:45:00,2026-06-24 10:54:00,Card,Delivered,15,12,False,842.0,9
4550,25568,15,21,2026-06-13 20:25:00,2026-06-13 20:27:00,2026-06-13 20:45:00,UPI,Delivered,15,20,True,500.0,4
4551,27927,11,103,2026-06-15 18:28:00,2026-06-15 18:32:00,2026-06-15 18:46:00,UPI,Delivered,15,18,True,1588.0,6
4552,27805,10,138,2026-06-28 17:10:00,2026-06-28 17:15:00,2026-06-28 17:23:00,COD,Delivered,15,13,False,1593.0,12
4553,19739,7,162,2026-06-27 20:30:00,2026-06-27 20:33:00,2026-06-27 20:46:00,Wallet,Delivered,15,16,True,2422.0,9
4554,24206,14,130,2026-06-03 12:05:00,2026-06-03 12:08:00,2026-06-03 12:20:00,UPI,Delivered,15,15,False,2390.0,8
4555,16817,1,46,2026-06-02 19:16:00,2026-06-02 19:19:00,2026-06-02 19:36:00,Card,Delivered,15,20,True,1666.0,9
4556,26469,9,164,2026-06-21 21:26:00,2026-06-21 21:29:00,2026-06-21 21:41:00,UPI,Delivered,15,15,False,1247.0,6
4557,24596,13,33,2026-06-03 18:58:00,2026-06-03 19:03:00,2026-06-03 19:11:00,UPI,Delivered,15,13,False,896.0,2
4558,30429,14,131,2026-06-26 12:54:00,2026-06-26 12:57:00,2026-06-26 13:09:00,Card,Delivered,15,15,False,635.0,2
4559,43437,16,190,2026-06-21 09:17:00,2026-06-21 09:21:00,2026-06-21 09:31:00,COD,Delivered,15,14,False,1303.0,5
4560,29886,16,199,2026-06-12 12:13:00,2026-06-12 12:18:00,2026-06-12 12:32:00,UPI,Delivered,15,19,True,2145.0,5
4561,17529,13,13,2026-06-07 20:03:00,2026-06-07 20:08:00,2026-06-07 20:24:00,UPI,Delivered,15,21,True,2085.0,7
4562,39900,15,156,2026-06-16 21:27:00,2026-06-16 21:29:00,2026-06-16 21:41:00,COD,Delivered,15,14,False,1582.0,6
4563,14399,18,140,2026-06-25 20:28:00,2026-06-25 20:30:00,2026-06-25 20:44:00,UPI,Delivered,15,16,True,1498.0,10
4564,39715,4,175,2026-06-17 09:46:00,2026-06-17 09:50:00,2026-06-17 09:59:00,Wallet,Delivered,15,13,False,2904.0,9
4565,20444,19,182,2026-06-28 20:06:00,2026-06-28 20:11:00,2026-06-28 20:16:00,UPI,Delivered,15,10,False,1563.0,5
4566,22197,10,129,2026-06-13 08:11:00,2026-06-13 08:14:00,2026-06-13 08:26:00,UPI,Delivered,15,15,False,1428.0,6
4567,10013,13,166,2026-06-27 19:02:00,2026-06-27 19:06:00,2026-06-27 19:28:00,UPI,Delivered,15,26,True,1054.0,4
4568,33882,15,163,2026-06-03 20:40:00,2026-06-03 20:44:00,2026-06-03 20:55:00,UPI,Delivered,15,15,False,2115.0,9
4569,47357,18,140,2026-06-16 21:07:00,2026-06-16 21:11:00,2026-06-16 21:16:00,UPI,Delivered,15,9,False,837.0,3
4570,42476,10,145,2026-06-04 21:28:00,2026-06-04 21:33:00,2026-06-04 21:42:00,UPI,Delivered,15,14,False,504.0,2
4571,26396,4,157,2026-06-29 14:47:00,2026-06-29 14:51:00,2026-06-29 15:02:00,UPI,Delivered,15,15,False,1535.0,9
4572,17861,12,194,2026-06-30 18:12:00,2026-06-30 18:16:00,2026-06-30 18:23:00,UPI,Cancelled,15,11,False,354.0,1
4573,32465,14,131,2026-06-15 18:45:00,2026-06-15 18:49:00,2026-06-15 19:00:00,Card,Delivered,15,15,False,316.0,2
4574,44483,16,171,2026-06-13 20:25:00,2026-06-13 20:28:00,2026-06-13 20:45:00,Card,Delivered,15,20,True,656.0,4
4575,49061,16,179,2026-06-08 20:23:00,2026-06-08 20:28:00,2026-06-08 20:38:00,Wallet,Delivered,15,15,False,2831.0,11
4576,33842,7,83,2026-06-16 17:16:00,2026-06-16 17:18:00,2026-06-16 17:30:00,UPI,Delivered,15,14,False,1362.0,6
4577,31919,8,29,2026-06-02 15:39:00,2026-06-02 15:42:00,2026-06-02 15:50:00,COD,Delivered,15,11,False,2918.0,8
4578,43216,13,65,2026-06-11 12:06:00,2026-06-11 12:10:00,2026-06-11 12:24:00,Card,Delivered,15,18,True,558.0,3
4579,27018,1,81,2026-06-03 19:17:00,2026-06-03 19:19:00,2026-06-03 19:44:00,UPI,Delivered,15,27,True,421.0,2
4580,15840,7,158,2026-06-14 20:17:00,2026-06-14 20:20:00,2026-06-14 20:36:00,UPI,Delivered,15,19,True,672.0,2
4581,32769,11,104,2026-06-10 15:26:00,2026-06-10 15:29:00,2026-06-10 15:41:00,Wallet,Delivered,15,15,False,1512.0,6
4582,16653,15,187,2026-06-06 21:15:00,2026-06-06 21:18:00,2026-06-06 21:30:00,UPI,Delivered,15,15,False,1167.0,3
4583,13577,9,144,2026-06-26 20:24:00,2026-06-26 20:26:00,2026-06-26 20:46:00,UPI,Returned,15,22,True,1314.0,5
4584,12099,4,125,2026-06-19 20:17:00,2026-06-19 20:21:00,2026-06-19 20:39:00,Wallet,Delivered,15,22,True,1388.0,4
4585,46385,17,30,2026-06-06 20:36:00,2026-06-06 20:38:00,2026-06-06 20:56:00,UPI,Delivered,15,20,True,1536.0,5
4586,46406,15,156,2026-06-13 10:32:00,2026-06-13 10:34:00,2026-06-13 10:47:00,UPI,Delivered,15,15,False,208.0,1
4587,36322,1,46,2026-06-09 14:53:00,2026-06-09 14:56:00,2026-06-09 15:06:00,Wallet,Delivered,15,13,False,1953.0,9
4588,40080,11,103,2026-06-27 12:48:00,2026-06-27 12:52:00,2026-06-27 13:06:00,UPI,Delivered,15,18,True,1466.0,7
4589,26135,1,121,2026-06-10 21:35:00,2026-06-10 21:39:00,2026-06-10 21:45:00,Wallet,Delivered,15,10,False,2565.0,9
4590,47795,17,59,2026-06-29 10:59:00,2026-06-29 11:01:00,2026-06-29 11:11:00,COD,Delivered,15,12,False,54.0,1
4591,27303,7,158,2026-06-13 11:53:00,2026-06-13 11:56:00,2026-06-13 12:03:00,Wallet,Delivered,15,10,False,1294.0,7
4592,13269,19,110,2026-06-14 12:03:00,2026-06-14 12:07:00,2026-06-14 12:16:00,UPI,Delivered,15,13,False,822.0,4
4593,12343,19,177,2026-06-20 19:20:00,2026-06-20 19:24:00,2026-06-20 19:35:00,Card,Delivered,15,15,False,1425.0,12
4594,36491,11,9,2026-06-08 18:11:00,2026-06-08 18:15:00,2026-06-08 18:27:00,COD,Delivered,15,16,True,2038.0,11
4595,26935,15,156,2026-06-03 19:40:00,2026-06-03 19:42:00,2026-06-03 19:58:00,UPI,Delivered,15,18,True,591.0,3
4596,13540,14,132,2026-06-30 19:56:00,2026-06-30 20:00:00,2026-06-30 20:12:00,Card,Delivered,15,16,True,2473.0,8
4597,12430,1,88,2026-06-24 19:40:00,2026-06-24 19:44:00,2026-06-24 19:56:00,UPI,Delivered,15,16,True,2660.0,11
4598,49299,4,77,2026-06-25 19:49:00,2026-06-25 19:53:00,2026-06-25 20:09:00,UPI,Delivered,15,20,True,406.0,4
4599,29045,14,130,2026-06-09 22:42:00,2026-06-09 22:46:00,2026-06-09 22:57:00,UPI,Delivered,15,15,False,960.0,4
4600,40278,13,61,2026-06-13 18:34:00,2026-06-13 18:39:00,2026-06-13 18:48:00,UPI,Delivered,15,14,False,908.0,3
4601,17499,5,193,2026-06-19 12:11:00,2026-06-19 12:13:00,2026-06-19 12:31:00,Wallet,Cancelled,15,20,True,288.0,2
4602,12630,8,152,2026-06-18 20:13:00,2026-06-18 20:18:00,2026-06-18 20:32:00,UPI,Delivered,15,19,True,1083.0,6
4603,46532,10,173,2026-06-18 12:57:00,2026-06-18 13:02:00,2026-06-18 13:14:00,UPI,Delivered,15,17,True,1990.0,13
4604,12424,11,17,2026-06-09 19:53:00,2026-06-09 19:56:00,2026-06-09 20:12:00,Wallet,Delivered,15,19,True,2038.0,7
4605,44543,8,152,2026-06-15 21:15:00,2026-06-15 21:20:00,2026-06-15 21:31:00,UPI,Delivered,15,16,True,1507.0,4
4606,38558,9,144,2026-06-13 13:54:00,2026-06-13 13:56:00,2026-06-13 14:08:00,UPI,Delivered,15,14,False,1651.0,6
4607,14413,20,127,2026-06-22 21:06:00,2026-06-22 21:09:00,2026-06-22 21:19:00,UPI,Delivered,15,13,False,1944.0,8
4608,22362,14,131,2026-06-05 10:40:00,2026-06-05 10:44:00,2026-06-05 10:54:00,COD,Delivered,15,14,False,2347.0,9
4609,32802,11,43,2026-06-27 10:27:00,2026-06-27 10:32:00,2026-06-27 10:38:00,UPI,Cancelled,15,11,False,2844.0,10
4610,16900,3,69,2026-06-26 20:11:00,2026-06-26 20:16:00,2026-06-26 20:37:00,COD,Delivered,15,26,True,2583.0,10
4611,17364,15,180,2026-06-05 14:54:00,2026-06-05 14:58:00,2026-06-05 15:05:00,Wallet,Delivered,15,11,False,730.0,2
4612,23157,3,94,2026-06-14 18:12:00,2026-06-14 18:15:00,2026-06-14 18:25:00,UPI,Returned,15,13,False,1993.0,8
4613,41314,1,121,2026-06-23 22:35:00,2026-06-23 22:38:00,2026-06-23 22:48:00,UPI,Delivered,15,13,False,1390.0,6
4614,33741,17,2,2026-06-14 09:55:00,2026-06-14 09:59:00,2026-06-14 10:07:00,UPI,Delivered,15,12,False,758.0,7
4615,26661,19,182,2026-06-01 12:44:00,2026-06-01 12:46:00,2026-06-01 13:02:00,Card,Delivered,15,18,True,1499.0,7
4616,15301,9,198,2026-06-20 10:53:00,2026-06-20 10:58:00,2026-06-20 11:04:00,UPI,Delivered,15,11,False,396.0,3
4617,17682,10,32,2026-06-15 13:27:00,2026-06-15 13:30:00,2026-06-15 13:45:00,COD,Delivered,15,18,True,850.0,11
4618,43639,10,178,2026-06-26 18:40:00,2026-06-26 18:42:00,2026-06-26 18:54:00,Wallet,Cancelled,15,14,False,2008.0,9
4619,26845,3,186,2026-06-29 20:17:00,2026-06-29 20:20:00,2026-06-29 20:37:00,COD,Delivered,15,20,True,1656.0,11
4620,20190,15,156,2026-06-10 22:09:00,2026-06-10 22:14:00,2026-06-10 22:22:00,Card,Delivered,15,13,False,2058.0,8
4621,23378,1,114,2026-06-22 20:56:00,2026-06-22 20:58:00,2026-06-22 21:20:00,UPI,Delivered,15,24,True,1852.0,6
4622,28642,15,141,2026-06-06 12:58:00,2026-06-06 13:01:00,2026-06-06 13:07:00,UPI,Delivered,15,9,False,1228.0,4
4623,14674,17,106,2026-06-12 19:31:00,2026-06-12 19:33:00,2026-06-12 19:50:00,UPI,Returned,15,19,True,295.0,1
4624,13004,2,45,2026-06-12 20:01:00,2026-06-12 20:05:00,2026-06-12 20:26:00,UPI,Delivered,15,25,True,1266.0,3
4625,32534,16,171,2026-06-11 14:04:00,2026-06-11 14:07:00,2026-06-11 14:19:00,COD,Delivered,15,15,False,896.0,2
4626,28422,7,101,2026-06-11 20:59:00,2026-06-11 21:01:00,2026-06-11 21:19:00,UPI,Delivered,15,20,True,1391.0,6
4627,13516,17,59,2026-06-22 21:17:00,2026-06-22 21:21:00,2026-06-22 21:27:00,UPI,Delivered,15,10,False,507.0,7
4628,20568,5,76,2026-06-10 19:53:00,2026-06-10 19:57:00,2026-06-10 20:06:00,COD,Returned,15,13,False,344.0,2
4629,10376,15,163,2026-06-26 20:38:00,2026-06-26 20:42:00,2026-06-26 21:02:00,UPI,Delivered,15,24,True,1574.0,5
4630,43017,13,174,2026-06-12 18:22:00,2026-06-12 18:27:00,2026-06-12 18:35:00,UPI,Delivered,15,13,False,360.0,2
4631,44830,3,186,2026-06-26 21:27:00,2026-06-26 21:30:00,2026-06-26 21:45:00,Card,Delivered,15,18,True,1516.0,7
4632,36478,11,9,2026-06-09 18:01:00,2026-06-09 18:06:00,2026-06-09 18:11:00,UPI,Delivered,15,10,False,387.0,3
4633,19277,18,1,2026-06-23 19:07:00,2026-06-23 19:11:00,2026-06-23 19:29:00,UPI,Delivered,15,22,True,2330.0,6
4634,12774,17,134,2026-06-28 14:47:00,2026-06-28 14:49:00,2026-06-28 15:03:00,Card,Delivered,15,16,True,2000.0,6
4635,36833,18,140,2026-06-06 20:02:00,2026-06-06 20:04:00,2026-06-06 20:24:00,Card,Delivered,15,22,True,2521.0,10
4636,27633,7,53,2026-06-24 13:07:00,2026-06-24 13:12:00,2026-06-24 13:25:00,COD,Cancelled,15,18,True,1058.0,3
4637,40352,11,43,2026-06-05 14:58:00,2026-06-05 15:03:00,2026-06-05 15:11:00,UPI,Delivered,15,13,False,698.0,2
4638,30106,14,56,2026-06-07 15:49:00,2026-06-07 15:54:00,2026-06-07 16:03:00,COD,Delivered,15,14,False,759.0,5
4639,43294,9,164,2026-06-29 22:54:00,2026-06-29 22:57:00,2026-06-29 23:02:00,UPI,Delivered,15,8,False,1994.0,9
4640,13765,20,127,2026-06-23 19:34:00,2026-06-23 19:37:00,2026-06-23 19:55:00,Card,Delivered,15,21,True,1253.0,4
4641,14596,8,152,2026-06-18 21:03:00,2026-06-18 21:07:00,2026-06-18 21:16:00,UPI,Delivered,15,13,False,1374.0,4
4642,10467,14,7,2026-06-27 18:55:00,2026-06-27 18:58:00,2026-06-27 19:10:00,UPI,Delivered,15,15,False,1571.0,10
4643,43930,13,166,2026-06-11 19:22:00,2026-06-11 19:25:00,2026-06-11 19:49:00,UPI,Delivered,15,27,True,2051.0,9
4644,36292,3,87,2026-06-09 12:51:00,2026-06-09 12:56:00,2026-06-09 13:07:00,UPI,Delivered,15,16,True,1702.0,7
4645,35655,18,27,2026-06-12 21:46:00,2026-06-12 21:48:00,2026-06-12 21:56:00,COD,Delivered,15,10,False,2591.0,8
4646,10754,13,166,2026-06-27 18:35:00,2026-06-27 18:39:00,2026-06-27 18:47:00,Wallet,Delivered,15,12,False,285.0,3
4647,36525,2,54,2026-06-20 20:41:00,2026-06-20 20:44:00,2026-06-20 20:49:00,UPI,Delivered,15,8,False,331.0,7
4648,39723,19,91,2026-06-01 18:51:00,2026-06-01 18:53:00,2026-06-01 19:02:00,UPI,Delivered,15,11,False,2920.0,9
4649,12644,19,195,2026-06-17 21:54:00,2026-06-17 21:59:00,2026-06-17 22:08:00,UPI,Delivered,15,14,False,1870.0,6
4650,49868,3,186,2026-06-15 20:06:00,2026-06-15 20:08:00,2026-06-15 20:25:00,UPI,Cancelled,15,19,True,1900.0,9
4651,17960,8,29,2026-06-10 15:12:00,2026-06-10 15:17:00,2026-06-10 15:27:00,Card,Cancelled,15,15,False,507.0,3
4652,38572,13,166,2026-06-23 22:06:00,2026-06-23 22:09:00,2026-06-23 22:18:00,UPI,Delivered,15,12,False,1853.0,10
4653,18862,13,33,2026-06-01 21:43:00,2026-06-01 21:48:00,2026-06-01 22:00:00,UPI,Delivered,15,17,True,2014.0,10
4654,40313,2,28,2026-06-09 21:51:00,2026-06-09 21:55:00,2026-06-09 22:07:00,Wallet,Delivered,15,16,True,306.0,3
4655,39101,18,105,2026-06-26 18:12:00,2026-06-26 18:17:00,2026-06-26 18:28:00,UPI,Delivered,15,16,True,2031.0,6
4656,43549,1,121,2026-06-20 20:37:00,2026-06-20 20:42:00,2026-06-20 20:53:00,COD,Delivered,15,16,True,302.0,1
4657,18275,2,73,2026-06-03 20:49:00,2026-06-03 20:51:00,2026-06-03 21:07:00,UPI,Delivered,15,18,True,732.0,2
4658,43950,9,198,2026-06-18 15:41:00,2026-06-18 15:43:00,2026-06-18 15:57:00,UPI,Delivered,15,16,True,1119.0,5
4659,10419,4,77,2026-06-07 14:57:00,2026-06-07 15:01:00,2026-06-07 15:12:00,Wallet,Delivered,15,15,False,486.0,2
4660,32609,6,191,2026-06-03 20:20:00,2026-06-03 20:25:00,2026-06-03 20:34:00,COD,Delivered,15,14,False,125.0,1
4661,12015,13,174,2026-06-11 18:10:00,2026-06-11 18:13:00,2026-06-11 18:23:00,COD,Delivered,15,13,False,378.0,2
4662,11282,8,120,2026-06-20 18:29:00,2026-06-20 18:34:00,2026-06-20 18:43:00,COD,Delivered,15,14,False,993.0,6
4663,46835,13,61,2026-06-15 13:34:00,2026-06-15 13:37:00,2026-06-15 13:52:00,Card,Delivered,15,18,True,408.0,2
4664,39345,7,158,2026-06-03 18:03:00,2026-06-03 18:06:00,2026-06-03 18:17:00,COD,Delivered,15,14,False,1812.0,6
4665,40758,17,134,2026-06-03 08:17:00,2026-06-03 08:21:00,2026-06-03 08:29:00,UPI,Delivered,15,12,False,2679.0,9
4666,22265,1,121,2026-06-10 14:02:00,2026-06-10 14:05:00,2026-06-10 14:15:00,Card,Cancelled,15,13,False,2504.0,7
4667,43030,7,101,2026-06-10 21:21:00,2026-06-10 21:24:00,2026-06-10 21:34:00,UPI,Delivered,15,13,False,848.0,4
4668,34972,15,141,2026-06-29 21:00:00,2026-06-29 21:03:00,2026-06-29 21:13:00,Card,Delivered,15,13,False,1575.0,8
4669,14622,18,27,2026-06-13 20:33:00,2026-06-13 20:37:00,2026-06-13 20:44:00,UPI,Delivered,15,11,False,1591.0,7
4670,28475,3,186,2026-06-12 12:23:00,2026-06-12 12:26:00,2026-06-12 12:35:00,UPI,Delivered,15,12,False,733.0,5
4671,30686,13,174,2026-06-23 19:47:00,2026-06-23 19:50:00,2026-06-23 20:05:00,Card,Delivered,15,18,True,1079.0,5
4672,24961,5,76,2026-06-11 19:34:00,2026-06-11 19:37:00,2026-06-11 19:55:00,Card,Delivered,15,21,True,1096.0,7
4673,18504,14,169,2026-06-06 17:25:00,2026-06-06 17:28:00,2026-06-06 17:40:00,UPI,Delivered,15,15,False,673.0,4
4674,43064,12,18,2026-06-24 17:28:00,2026-06-24 17:31:00,2026-06-24 17:40:00,UPI,Delivered,15,12,False,134.0,1
4675,47953,3,186,2026-06-14 20:27:00,2026-06-14 20:29:00,2026-06-14 20:50:00,Wallet,Delivered,15,23,True,2862.0,11
4676,42458,16,171,2026-06-12 14:04:00,2026-06-12 14:06:00,2026-06-12 14:16:00,Card,Delivered,15,12,False,122.0,2
4677,26594,19,110,2026-06-22 13:05:00,2026-06-22 13:07:00,2026-06-22 13:18:00,UPI,Delivered,15,13,False,200.0,1
4678,42381,17,2,2026-06-30 20:42:00,2026-06-30 20:44:00,2026-06-30 21:06:00,Card,Delivered,15,24,True,2175.0,10
4679,42220,17,2,2026-06-21 20:28:00,2026-06-21 20:32:00,2026-06-21 20:49:00,UPI,Delivered,15,21,True,1251.0,3
4680,26088,6,90,2026-06-11 13:25:00,2026-06-11 13:29:00,2026-06-11 13:43:00,COD,Delivered,15,18,True,2178.0,6
4681,19896,2,34,2026-06-20 19:10:00,2026-06-20 19:12:00,2026-06-20 19:29:00,Card,Delivered,15,19,True,813.0,3
4682,42831,5,193,2026-06-08 11:19:00,2026-06-08 11:23:00,2026-06-08 11:30:00,UPI,Delivered,15,11,False,537.0,5
4683,44952,4,63,2026-06-07 19:00:00,2026-06-07 19:02:00,2026-06-07 19:17:00,UPI,Delivered,15,17,True,44.0,2
4684,33194,18,1,2026-06-27 19:42:00,2026-06-27 19:44:00,2026-06-27 20:03:00,Card,Delivered,15,21,True,1868.0,9
4685,25836,12,146,2026-06-30 19:45:00,2026-06-30 19:48:00,2026-06-30 20:05:00,UPI,Delivered,15,20,True,1932.0,7
4686,15531,2,112,2026-06-16 14:51:00,2026-06-16 14:56:00,2026-06-16 15:02:00,UPI,Delivered,15,11,False,2333.0,8
4687,31290,1,81,2026-06-19 22:29:00,2026-06-19 22:33:00,2026-06-19 22:41:00,UPI,Delivered,15,12,False,1575.0,6
4688,15527,1,46,2026-06-29 20:42:00,2026-06-29 20:46:00,2026-06-29 21:00:00,UPI,Delivered,15,18,True,1591.0,8
4689,13939,2,66,2026-06-09 12:43:00,2026-06-09 12:45:00,2026-06-09 13:00:00,UPI,Delivered,15,17,True,2557.0,10
4690,41941,2,14,2026-06-07 14:19:00,2026-06-07 14:22:00,2026-06-07 14:31:00,UPI,Delivered,15,12,False,2456.0,7
4691,18086,13,61,2026-06-08 20:02:00,2026-06-08 20:04:00,2026-06-08 20:22:00,UPI,Cancelled,15,20,True,2180.0,10
4692,22876,10,102,2026-06-15 20:29:00,2026-06-15 20:34:00,2026-06-15 20:47:00,UPI,Delivered,15,18,True,1608.0,7
4693,32119,20,58,2026-06-20 18:03:00,2026-06-20 18:06:00,2026-06-20 18:16:00,Wallet,Delivered,15,13,False,1564.0,5
4694,18815,20,84,2026-06-10 18:31:00,2026-06-10 18:36:00,2026-06-10 18:45:00,COD,Cancelled,15,14,False,1272.0,3
4695,31430,4,63,2026-06-19 20:31:00,2026-06-19 20:36:00,2026-06-19 20:55:00,Card,Delivered,15,24,True,1196.0,3
4696,42256,17,30,2026-06-08 12:58:00,2026-06-08 13:03:00,2026-06-08 13:13:00,UPI,Delivered,15,15,False,1489.0,5
4697,46211,15,156,2026-06-20 09:51:00,2026-06-20 09:53:00,2026-06-20 10:07:00,UPI,Cancelled,15,16,True,983.0,3
4698,41459,19,195,2026-06-21 21:14:00,2026-06-21 21:16:00,2026-06-21 21:26:00,UPI,Delivered,15,12,False,453.0,4
4699,28430,13,174,2026-06-05 19:48:00,2026-06-05 19:51:00,2026-06-05 20:09:00,COD,Delivered,15,21,True,1350.0,8
4700,35502,1,36,2026-06-14 12:50:00,2026-06-14 12:54:00,2026-06-14 13:05:00,COD,Delivered,15,15,False,1330.0,4
4701,24573,1,88,2026-06-27 19:40:00,2026-06-27 19:44:00,2026-06-27 20:06:00,UPI,Delivered,15,26,True,1473.0,4
4702,32511,4,10,2026-06-06 20:01:00,2026-06-06 20:03:00,2026-06-06 20:22:00,Card,Delivered,15,21,True,43.0,1
4703,15224,11,17,2026-06-09 18:20:00,2026-06-09 18:22:00,2026-06-09 18:35:00,Wallet,Delivered,15,15,False,2087.0,7
4704,49276,6,40,2026-06-22 21:24:00,2026-06-22 21:26:00,2026-06-22 21:38:00,Wallet,Delivered,15,14,False,244.0,2
4705,32525,20,58,2026-06-02 19:06:00,2026-06-02 19:09:00,2026-06-02 19:23:00,Card,Cancelled,15,17,True,528.0,2
4706,49376,5,35,2026-06-02 13:20:00,2026-06-02 13:23:00,2026-06-02 13:32:00,COD,Cancelled,15,12,False,1053.0,3
4707,29378,20,93,2026-06-18 13:43:00,2026-06-18 13:46:00,2026-06-18 14:00:00,UPI,Cancelled,15,17,True,1269.0,9
4708,38547,5,151,2026-06-12 14:29:00,2026-06-12 14:31:00,2026-06-12 14:43:00,UPI,Delivered,15,14,False,1319.0,8
4709,14026,4,125,2026-06-07 20:17:00,2026-06-07 20:21:00,2026-06-07 20:27:00,COD,Cancelled,15,10,False,78.0,3
4710,32163,6,191,2026-06-18 18:57:00,2026-06-18 19:02:00,2026-06-18 19:05:00,Card,Delivered,15,8,False,757.0,5
4711,34966,19,200,2026-06-02 13:41:00,2026-06-02 13:45:00,2026-06-02 13:53:00,Card,Delivered,15,12,False,1640.0,5
4712,14188,2,112,2026-06-28 13:23:00,2026-06-28 13:27:00,2026-06-28 13:41:00,COD,Delivered,15,18,True,3352.0,11
4713,24106,3,186,2026-06-14 20:07:00,2026-06-14 20:12:00,2026-06-14 20:33:00,UPI,Delivered,15,26,True,1062.0,4
4714,27093,4,77,2026-06-26 14:11:00,2026-06-26 14:16:00,2026-06-26 14:24:00,UPI,Delivered,15,13,False,582.0,6
4715,21181,11,43,2026-06-11 14:07:00,2026-06-11 14:12:00,2026-06-11 14:18:00,Card,Returned,15,11,False,2539.0,9
4716,48231,6,165,2026-06-04 20:20:00,2026-06-04 20:24:00,2026-06-04 20:36:00,Card,Delivered,15,16,True,201.0,3
4717,46514,18,140,2026-06-11 20:36:00,2026-06-11 20:38:00,2026-06-11 20:57:00,Card,Delivered,15,21,True,3046.0,10
4718,23175,10,126,2026-06-27 09:46:00,2026-06-27 09:50:00,2026-06-27 10:00:00,UPI,Delivered,15,14,False,500.0,2
4719,12038,12,4,2026-06-28 13:33:00,2026-06-28 13:37:00,2026-06-28 13:44:00,Card,Delivered,15,11,False,2113.0,8
4720,17397,9,198,2026-06-29 10:54:00,2026-06-29 10:59:00,2026-06-29 11:10:00,Card,Delivered,15,16,True,1213.0,8
4721,46987,1,57,2026-06-30 19:40:00,2026-06-30 19:45:00,2026-06-30 19:55:00,UPI,Delivered,15,15,False,1562.0,4
4722,36056,17,3,2026-06-02 09:52:00,2026-06-02 09:56:00,2026-06-02 10:04:00,Card,Delivered,15,12,False,1557.0,9
4723,46203,1,92,2026-06-19 17:15:00,2026-06-19 17:17:00,2026-06-19 17:30:00,Card,Delivered,15,15,False,842.0,2
4724,15574,14,169,2026-06-18 21:19:00,2026-06-18 21:23:00,2026-06-18 21:27:00,UPI,Delivered,15,8,False,1698.0,6
4725,25097,5,153,2026-06-04 11:04:00,2026-06-04 11:07:00,2026-06-04 11:16:00,UPI,Delivered,15,12,False,1116.0,10
4726,26257,18,172,2026-06-18 11:51:00,2026-06-18 11:54:00,2026-06-18 12:03:00,UPI,Delivered,15,12,False,1707.0,10
4727,17961,16,171,2026-06-17 10:04:00,2026-06-17 10:06:00,2026-06-17 10:20:00,UPI,Delivered,15,16,True,1263.0,5
4728,12796,7,53,2026-06-10 20:01:00,2026-06-10 20:06:00,2026-06-10 20:20:00,COD,Cancelled,15,19,True,1246.0,7
4729,36500,20,11,2026-06-21 11:10:00,2026-06-21 11:15:00,2026-06-21 11:23:00,UPI,Delivered,15,13,False,75.0,1
4730,44955,4,167,2026-06-15 20:01:00,2026-06-15 20:05:00,2026-06-15 20:18:00,UPI,Delivered,15,17,True,934.0,6
4731,11039,5,35,2026-06-18 13:30:00,2026-06-18 13:32:00,2026-06-18 13:46:00,UPI,Delivered,15,16,True,78.0,2
4732,18575,9,31,2026-06-06 13:51:00,2026-06-06 13:56:00,2026-06-06 14:01:00,UPI,Delivered,15,10,False,1462.0,5
4733,31298,15,163,2026-06-25 20:15:00,2026-06-25 20:18:00,2026-06-25 20:32:00,UPI,Cancelled,15,17,True,2637.0,12
4734,10348,9,144,2026-06-17 20:17:00,2026-06-17 20:22:00,2026-06-17 20:31:00,UPI,Delivered,15,14,False,2128.0,11
4735,35537,5,170,2026-06-19 19:53:00,2026-06-19 19:56:00,2026-06-19 20:09:00,UPI,Delivered,15,16,True,1487.0,6
4736,48759,7,74,2026-06-15 20:06:00,2026-06-15 20:09:00,2026-06-15 20:30:00,UPI,Delivered,15,24,True,192.0,1
4737,11599,4,125,2026-06-17 13:13:00,2026-06-17 13:16:00,2026-06-17 13:38:00,COD,Delivered,15,25,True,3133.0,8
4738,27502,4,8,2026-06-03 19:51:00,2026-06-03 19:55:00,2026-06-03 20:15:00,Card,Delivered,15,24,True,1868.0,8
4739,14620,10,95,2026-06-19 12:01:00,2026-06-19 12:04:00,2026-06-19 12:10:00,COD,Delivered,15,9,False,1116.0,3
4740,16087,4,63,2026-06-14 20:00:00,2026-06-14 20:04:00,2026-06-14 20:20:00,UPI,Delivered,15,20,True,901.0,4
4741,18568,17,3,2026-06-17 08:26:00,2026-06-17 08:30:00,2026-06-17 08:37:00,UPI,Delivered,15,11,False,74.0,1
4742,42991,12,148,2026-06-25 20:19:00,2026-06-25 20:24:00,2026-06-25 20:38:00,Card,Delivered,15,19,True,1295.0,7
4743,13470,14,131,2026-06-27 20:51:00,2026-06-27 20:56:00,2026-06-27 21:23:00,Card,Delivered,15,32,True,1052.0,4
4744,13862,1,81,2026-06-14 12:34:00,2026-06-14 12:36:00,2026-06-14 12:55:00,UPI,Delivered,15,21,True,2329.0,11
4745,26729,4,77,2026-06-29 14:55:00,2026-06-29 14:59:00,2026-06-29 15:10:00,UPI,Returned,15,15,False,1770.0,7
4746,36032,13,154,2026-06-10 15:49:00,2026-06-10 15:51:00,2026-06-10 15:59:00,Card,Delivered,15,10,False,364.0,2
4747,29507,20,26,2026-06-25 22:23:00,2026-06-25 22:28:00,2026-06-25 22:35:00,UPI,Delivered,15,12,False,1307.0,8
4748,32678,7,53,2026-06-26 14:08:00,2026-06-26 14:12:00,2026-06-26 14:24:00,UPI,Delivered,15,16,True,2026.0,6
4749,17943,11,64,2026-06-01 14:30:00,2026-06-01 14:34:00,2026-06-01 14:44:00,Card,Delivered,15,14,False,1451.0,6
4750,11188,2,14,2026-06-19 21:10:00,2026-06-19 21:14:00,2026-06-19 21:22:00,UPI,Delivered,15,12,False,822.0,3
4751,18411,12,135,2026-06-30 21:30:00,2026-06-30 21:35:00,2026-06-30 21:48:00,UPI,Delivered,15,18,True,351.0,3
4752,24839,10,196,2026-06-26 21:25:00,2026-06-26 21:27:00,2026-06-26 21:38:00,UPI,Cancelled,15,13,False,411.0,3
4753,22059,8,29,2026-06-04 21:32:00,2026-06-04 21:34:00,2026-06-04 21:44:00,UPI,Delivered,15,12,False,1470.0,8
4754,46249,9,31,2026-06-30 19:53:00,2026-06-30 19:58:00,2026-06-30 20:12:00,UPI,Delivered,15,19,True,1377.0,4
4755,41870,16,190,2026-06-21 12:57:00,2026-06-21 13:02:00,2026-06-21 13:12:00,UPI,Delivered,15,15,False,830.0,2
4756,33447,15,141,2026-06-15 18:33:00,2026-06-15 18:36:00,2026-06-15 18:44:00,UPI,Delivered,15,11,False,376.0,3
4757,33595,18,42,2026-06-17 19:16:00,2026-06-17 19:18:00,2026-06-17 19:34:00,COD,Delivered,15,18,True,1623.0,7
4758,45566,19,182,2026-06-18 21:11:00,2026-06-18 21:14:00,2026-06-18 21:22:00,UPI,Delivered,15,11,False,819.0,3
4759,37829,8,128,2026-06-19 12:53:00,2026-06-19 12:58:00,2026-06-19 13:09:00,COD,Cancelled,15,16,True,305.0,1
4760,19005,11,17,2026-06-30 14:20:00,2026-06-30 14:22:00,2026-06-30 14:35:00,UPI,Delivered,15,15,False,2616.0,9
4761,38476,2,54,2026-06-26 13:13:00,2026-06-26 13:16:00,2026-06-26 13:29:00,UPI,Delivered,15,16,True,1617.0,6
4762,48917,9,133,2026-06-19 21:47:00,2026-06-19 21:52:00,2026-06-19 21:59:00,COD,Delivered,15,12,False,24.0,1
4763,41048,16,179,2026-06-03 20:43:00,2026-06-03 20:45:00,2026-06-03 21:05:00,COD,Delivered,15,22,True,2896.0,10
4764,46562,20,119,2026-06-13 21:02:00,2026-06-13 21:06:00,2026-06-13 21:13:00,UPI,Returned,15,11,False,1318.0,6
4765,38434,18,1,2026-06-09 21:14:00,2026-06-09 21:17:00,2026-06-09 21:31:00,UPI,Delivered,15,17,True,2631.0,11
4766,23160,5,151,2026-06-08 13:37:00,2026-06-08 13:39:00,2026-06-08 13:55:00,Card,Returned,15,18,True,1246.0,8
4767,48705,7,83,2026-06-16 18:28:00,2026-06-16 18:32:00,2026-06-16 18:44:00,UPI,Delivered,15,16,True,2092.0,8
4768,36987,18,105,2026-06-01 20:23:00,2026-06-01 20:27:00,2026-06-01 20:43:00,COD,Delivered,15,20,True,288.0,2
4769,21146,4,63,2026-06-22 19:24:00,2026-06-22 19:29:00,2026-06-22 19:43:00,COD,Delivered,15,19,True,3490.0,12
4770,20134,19,149,2026-06-03 13:56:00,2026-06-03 14:01:00,2026-06-03 14:12:00,COD,Delivered,15,16,True,165.0,3
4771,47983,18,172,2026-06-30 19:58:00,2026-06-30 20:00:00,2026-06-30 20:18:00,COD,Delivered,15,20,True,2462.0,7
4772,25552,16,179,2026-06-24 22:16:00,2026-06-24 22:20:00,2026-06-24 22:29:00,UPI,Delivered,15,13,False,1025.0,7
4773,14878,18,42,2026-06-28 11:43:00,2026-06-28 11:45:00,2026-06-28 11:59:00,UPI,Delivered,15,16,True,2081.0,8
4774,19989,9,96,2026-06-15 18:46:00,2026-06-15 18:50:00,2026-06-15 18:58:00,Card,Delivered,15,12,False,2044.0,11
4775,48843,13,13,2026-06-09 21:27:00,2026-06-09 21:31:00,2026-06-09 21:42:00,COD,Cancelled,15,15,False,4158.0,13
4776,25001,12,86,2026-06-08 21:24:00,2026-06-08 21:28:00,2026-06-08 21:36:00,UPI,Delivered,15,12,False,438.0,4
4777,42550,11,103,2026-06-05 21:22:00,2026-06-05 21:25:00,2026-06-05 21:33:00,Card,Delivered,15,11,False,1981.0,9
4778,30538,18,117,2026-06-13 21:59:00,2026-06-13 22:01:00,2026-06-13 22:17:00,UPI,Delivered,15,18,True,1479.0,5
4779,12926,5,170,2026-06-24 20:16:00,2026-06-24 20:20:00,2026-06-24 20:29:00,COD,Delivered,15,13,False,264.0,2
4780,33720,14,7,2026-06-03 13:09:00,2026-06-03 13:11:00,2026-06-03 13:23:00,UPI,Delivered,15,14,False,1194.0,7
4781,17856,10,178,2026-06-30 12:03:00,2026-06-30 12:06:00,2026-06-30 12:21:00,Card,Delivered,15,18,True,3026.0,8
4782,35306,16,155,2026-06-28 11:03:00,2026-06-28 11:07:00,2026-06-28 11:15:00,UPI,Cancelled,15,12,False,1285.0,7
4783,29122,13,61,2026-06-15 22:31:00,2026-06-15 22:33:00,2026-06-15 22:45:00,UPI,Delivered,15,14,False,1779.0,8
4784,29581,6,90,2026-06-08 12:22:00,2026-06-08 12:26:00,2026-06-08 12:34:00,UPI,Delivered,15,12,False,549.0,3
4785,23593,12,39,2026-06-24 20:32:00,2026-06-24 20:36:00,2026-06-24 20:49:00,UPI,Delivered,15,17,True,1171.0,5
4786,20839,19,48,2026-06-14 21:14:00,2026-06-14 21:17:00,2026-06-14 21:25:00,Wallet,Delivered,15,11,False,2910.0,9
4787,48755,9,133,2026-06-25 21:12:00,2026-06-25 21:14:00,2026-06-25 21:26:00,UPI,Returned,15,14,False,652.0,4
4788,12594,3,159,2026-06-22 20:56:00,2026-06-22 20:58:00,2026-06-22 21:14:00,UPI,Delivered,15,18,True,162.0,3
4789,20292,19,107,2026-06-18 21:34:00,2026-06-18 21:39:00,2026-06-18 21:49:00,COD,Delivered,15,15,False,1243.0,6
4790,38631,15,21,2026-06-15 21:15:00,2026-06-15 21:17:00,2026-06-15 21:29:00,UPI,Delivered,15,14,False,1514.0,9
4791,40557,7,53,2026-06-17 20:44:00,2026-06-17 20:48:00,2026-06-17 21:02:00,Card,Delivered,15,18,True,28.0,1
4792,31512,11,9,2026-06-30 14:41:00,2026-06-30 14:45:00,2026-06-30 14:56:00,UPI,Delivered,15,15,False,602.0,2
4793,24701,13,65,2026-06-19 18:36:00,2026-06-19 18:39:00,2026-06-19 18:48:00,UPI,Delivered,15,12,False,372.0,2
4794,41533,11,64,2026-06-19 20:31:00,2026-06-19 20:36:00,2026-06-19 20:55:00,UPI,Delivered,15,24,True,456.0,7
4795,38912,8,29,2026-06-19 12:29:00,2026-06-19 12:31:00,2026-06-19 12:44:00,UPI,Delivered,15,15,False,2549.0,9
4796,25674,4,175,2026-06-07 14:47:00,2026-06-07 14:50:00,2026-06-07 15:01:00,Card,Delivered,15,14,False,2005.0,5
4797,19208,5,123,2026-06-06 20:15:00,2026-06-06 20:20:00,2026-06-06 20:30:00,COD,Delivered,15,15,False,1367.0,4
4798,26296,14,130,2026-06-14 13:39:00,2026-06-14 13:43:00,2026-06-14 13:57:00,UPI,Delivered,15,18,True,52.0,2
4799,20802,10,145,2026-06-04 17:15:00,2026-06-04 17:19:00,2026-06-04 17:28:00,UPI,Delivered,15,13,False,1045.0,5
4800,47762,8,128,2026-06-07 22:51:00,2026-06-07 22:55:00,2026-06-07 23:07:00,Card,Delivered,15,16,True,231.0,1
4801,42160,3,87,2026-06-07 18:23:00,2026-06-07 18:28:00,2026-06-07 18:38:00,COD,Delivered,15,15,False,1702.0,6
4802,39691,11,9,2026-06-04 20:39:00,2026-06-04 20:42:00,2026-06-04 21:00:00,Wallet,Cancelled,15,21,True,832.0,2
4803,19113,17,30,2026-06-07 20:10:00,2026-06-07 20:13:00,2026-06-07 20:27:00,Card,Delivered,15,17,True,1592.0,7
4804,30743,9,198,2026-06-10 21:43:00,2026-06-10 21:45:00,2026-06-10 21:59:00,Wallet,Delivered,15,16,True,1258.0,9
4805,41193,1,36,2026-06-12 18:22:00,2026-06-12 18:24:00,2026-06-12 18:36:00,UPI,Delivered,15,14,False,1055.0,7
4806,42643,4,10,2026-06-11 14:23:00,2026-06-11 14:25:00,2026-06-11 14:36:00,Card,Delivered,15,13,False,2529.0,10
4807,47555,7,101,2026-06-06 18:02:00,2026-06-06 18:06:00,2026-06-06 18:15:00,UPI,Delivered,15,13,False,592.0,2
4808,40635,20,139,2026-06-26 09:13:00,2026-06-26 09:17:00,2026-06-26 09:25:00,UPI,Delivered,15,12,False,1163.0,8
4809,37894,12,85,2026-06-08 21:36:00,2026-06-08 21:41:00,2026-06-08 21:52:00,UPI,Delivered,15,16,True,2753.0,10
4810,46758,14,56,2026-06-08 21:34:00,2026-06-08 21:38:00,2026-06-08 21:47:00,Card,Delivered,15,13,False,917.0,8
4811,14336,8,152,2026-06-17 21:50:00,2026-06-17 21:55:00,2026-06-17 22:05:00,COD,Delivered,15,15,False,1990.0,9
4812,25831,13,174,2026-06-14 18:37:00,2026-06-14 18:42:00,2026-06-14 18:50:00,UPI,Delivered,15,13,False,555.0,3
4813,32194,9,31,2026-06-10 12:47:00,2026-06-10 12:51:00,2026-06-10 13:09:00,UPI,Delivered,15,22,True,3630.0,12
4814,21843,18,42,2026-06-28 13:47:00,2026-06-28 13:49:00,2026-06-28 14:07:00,UPI,Delivered,15,20,True,207.0,1
4815,23727,10,145,2026-06-10 11:26:00,2026-06-10 11:30:00,2026-06-10 11:41:00,UPI,Delivered,15,15,False,1122.0,4
4816,12939,10,78,2026-06-10 11:28:00,2026-06-10 11:32:00,2026-06-10 11:41:00,UPI,Delivered,15,13,False,2156.0,9
4817,25763,18,27,2026-06-30 10:17:00,2026-06-30 10:19:00,2026-06-30 10:32:00,UPI,Delivered,15,15,False,1718.0,8
4818,21228,19,118,2026-06-10 13:56:00,2026-06-10 13:58:00,2026-06-10 14:11:00,Wallet,Delivered,15,15,False,700.0,7
4819,14782,12,18,2026-06-02 19:27:00,2026-06-02 19:31:00,2026-06-02 19:48:00,UPI,Delivered,15,21,True,2928.0,8
4820,25876,3,94,2026-06-23 18:23:00,2026-06-23 18:26:00,2026-06-23 18:36:00,Card,Delivered,15,13,False,197.0,2
4821,25299,10,102,2026-06-17 19:59:00,2026-06-17 20:03:00,2026-06-17 20:23:00,UPI,Delivered,15,24,True,3766.0,12
4822,10202,18,42,2026-06-24 22:49:00,2026-06-24 22:54:00,2026-06-24 23:01:00,UPI,Delivered,15,12,False,512.0,2
4823,34076,14,131,2026-06-30 19:12:00,2026-06-30 19:17:00,2026-06-30 19:32:00,COD,Delivered,15,20,True,2928.0,9
4824,21238,19,160,2026-06-21 12:54:00,2026-06-21 12:58:00,2026-06-21 13:08:00,Wallet,Delivered,15,14,False,2187.0,8
4825,48701,20,176,2026-06-07 20:45:00,2026-06-07 20:47:00,2026-06-07 21:02:00,Card,Delivered,15,17,True,2006.0,9
4826,16886,5,76,2026-06-27 12:51:00,2026-06-27 12:53:00,2026-06-27 13:09:00,UPI,Delivered,15,18,True,485.0,3
4827,39916,20,15,2026-06-16 12:46:00,2026-06-16 12:50:00,2026-06-16 13:01:00,UPI,Delivered,15,15,False,846.0,6
4828,29267,12,19,2026-06-15 11:28:00,2026-06-15 11:32:00,2026-06-15 11:41:00,UPI,Delivered,15,13,False,792.0,3
4829,13234,4,70,2026-06-06 21:13:00,2026-06-06 21:18:00,2026-06-06 21:22:00,UPI,Delivered,15,9,False,1966.0,9
4830,16952,6,71,2026-06-18 19:04:00,2026-06-18 19:09:00,2026-06-18 19:23:00,UPI,Delivered,15,19,True,387.0,3
4831,36993,9,198,2026-06-01 10:25:00,2026-06-01 10:29:00,2026-06-01 10:37:00,UPI,Delivered,15,12,False,1395.0,6
4832,21259,11,43,2026-06-03 15:43:00,2026-06-03 15:48:00,2026-06-03 16:01:00,Card,Cancelled,15,18,True,780.0,2
4833,44831,3,69,2026-06-09 12:06:00,2026-06-09 12:11:00,2026-06-09 12:22:00,Wallet,Delivered,15,16,True,1134.0,5
4834,12344,8,128,2026-06-24 20:37:00,2026-06-24 20:39:00,2026-06-24 20:55:00,UPI,Delivered,15,18,True,228.0,4
4835,42037,13,61,2026-06-21 13:08:00,2026-06-21 13:11:00,2026-06-21 13:29:00,UPI,Delivered,15,21,True,1452.0,6
4836,23115,11,9,2026-06-19 11:12:00,2026-06-19 11:16:00,2026-06-19 11:25:00,Card,Cancelled,15,13,False,272.0,3
4837,16304,16,155,2026-06-23 11:44:00,2026-06-23 11:47:00,2026-06-23 11:57:00,COD,Delivered,15,13,False,1365.0,6
4838,47627,18,42,2026-06-29 15:47:00,2026-06-29 15:50:00,2026-06-29 16:01:00,Card,Delivered,15,14,False,201.0,2
4839,47662,8,29,2026-06-22 20:24:00,2026-06-22 20:26:00,2026-06-22 20:42:00,COD,Delivered,15,18,True,2681.0,9
4840,30239,15,156,2026-06-23 11:24:00,2026-06-23 11:29:00,2026-06-23 11:38:00,Card,Delivered,15,14,False,221.0,4
4841,48139,14,56,2026-06-15 18:59:00,2026-06-15 19:01:00,2026-06-15 19:12:00,UPI,Delivered,15,13,False,2276.0,11
4842,43486,6,40,2026-06-29 18:06:00,2026-06-29 18:09:00,2026-06-29 18:23:00,UPI,Delivered,15,17,True,316.0,3
4843,23456,2,14,2026-06-22 22:39:00,2026-06-22 22:41:00,2026-06-22 22:51:00,UPI,Delivered,15,12,False,2448.0,9
4844,18834,12,86,2026-06-15 12:38:00,2026-06-15 12:42:00,2026-06-15 12:56:00,Card,Delivered,15,18,True,1985.0,9
4845,31388,1,57,2026-06-30 11:42:00,2026-06-30 11:47:00,2026-06-30 11:58:00,Card,Delivered,15,16,True,2603.0,9
4846,48460,16,179,2026-06-09 17:37:00,2026-06-09 17:39:00,2026-06-09 17:50:00,Wallet,Delivered,15,13,False,2971.0,12
4847,19691,15,180,2026-06-04 15:40:00,2026-06-04 15:44:00,2026-06-04 15:53:00,UPI,Cancelled,15,13,False,105.0,1
4848,27277,3,69,2026-06-17 12:03:00,2026-06-17 12:07:00,2026-06-17 12:16:00,UPI,Cancelled,15,13,False,3266.0,10
4849,27044,15,180,2026-06-23 19:54:00,2026-06-23 19:58:00,2026-06-23 20:07:00,COD,Delivered,15,13,False,1838.0,8
4850,31875,6,52,2026-06-21 08:15:00,2026-06-21 08:20:00,2026-06-21 08:27:00,Card,Delivered,15,12,False,2486.0,10
4851,46744,16,190,2026-06-14 14:41:00,2026-06-14 14:43:00,2026-06-14 14:58:00,UPI,Delivered,15,17,True,1372.0,4
4852,10140,12,18,2026-06-17 14:00:00,2026-06-17 14:05:00,2026-06-17 14:15:00,UPI,Cancelled,15,15,False,1632.0,6
4853,31983,2,98,2026-06-30 18:40:00,2026-06-30 18:42:00,2026-06-30 18:54:00,Wallet,Delivered,15,14,False,2932.0,9
4854,31265,11,25,2026-06-09 20:26:00,2026-06-09 20:30:00,2026-06-09 20:50:00,UPI,Delivered,15,24,True,276.0,2
4855,39899,9,164,2026-06-19 11:39:00,2026-06-19 11:43:00,2026-06-19 11:52:00,UPI,Cancelled,15,13,False,1774.0,7
4856,41861,10,102,2026-06-13 14:30:00,2026-06-13 14:33:00,2026-06-13 14:43:00,Card,Returned,15,13,False,1610.0,4
4857,26082,12,41,2026-06-18 21:07:00,2026-06-18 21:12:00,2026-06-18 21:22:00,UPI,Delivered,15,15,False,1626.0,9
4858,32776,17,30,2026-06-27 19:59:00,2026-06-27 20:01:00,2026-06-27 20:15:00,UPI,Delivered,15,16,True,1101.0,3
4859,22294,19,185,2026-06-30 21:12:00,2026-06-30 21:15:00,2026-06-30 21:26:00,UPI,Delivered,15,14,False,388.0,1
4860,43661,16,171,2026-06-24 19:31:00,2026-06-24 19:35:00,2026-06-24 19:49:00,Wallet,Delivered,15,18,True,183.0,3
4861,26483,17,2,2026-06-11 18:52:00,2026-06-11 18:56:00,2026-06-11 19:02:00,COD,Delivered,15,10,False,796.0,4
4862,22975,4,70,2026-06-04 12:21:00,2026-06-04 12:23:00,2026-06-04 12:36:00,Card,Delivered,15,15,False,2453.0,9
4863,34368,12,115,2026-06-22 13:08:00,2026-06-22 13:10:00,2026-06-22 13:29:00,UPI,Delivered,15,21,True,768.0,2
4864,30383,20,58,2026-06-25 18:45:00,2026-06-25 18:49:00,2026-06-25 18:55:00,UPI,Returned,15,10,False,3727.0,13
4865,36148,15,180,2026-06-23 19:41:00,2026-06-23 19:44:00,2026-06-23 19:56:00,Wallet,Delivered,15,15,False,716.0,4
4866,12619,9,198,2026-06-20 17:16:00,2026-06-20 17:19:00,2026-06-20 17:31:00,UPI,Delivered,15,15,False,382.0,2
4867,22637,2,112,2026-06-16 19:23:00,2026-06-16 19:26:00,2026-06-16 19:39:00,UPI,Delivered,15,16,True,2798.0,13
4868,46494,3,94,2026-06-23 19:39:00,2026-06-23 19:43:00,2026-06-23 20:02:00,UPI,Delivered,15,23,True,1515.0,4
4869,19330,6,60,2026-06-05 19:17:00,2026-06-05 19:21:00,2026-06-05 19:35:00,UPI,Delivered,15,18,True,2147.0,11
4870,36089,9,133,2026-06-13 12:43:00,2026-06-13 12:46:00,2026-06-13 13:00:00,UPI,Delivered,15,17,True,2675.0,9
4871,15551,10,78,2026-06-23 13:55:00,2026-06-23 13:57:00,2026-06-23 14:11:00,Wallet,Delivered,15,16,True,1333.0,10
4872,16764,2,50,2026-06-20 18:30:00,2026-06-20 18:32:00,2026-06-20 18:40:00,UPI,Delivered,15,10,False,2203.0,6
4873,35073,7,158,2026-06-20 20:46:00,2026-06-20 20:48:00,2026-06-20 21:02:00,UPI,Returned,15,16,True,2960.0,9
4874,11385,14,130,2026-06-21 14:18:00,2026-06-21 14:20:00,2026-06-21 14:33:00,Card,Delivered,15,15,False,2026.0,10
4875,49826,14,197,2026-06-25 12:11:00,2026-06-25 12:15:00,2026-06-25 12:22:00,UPI,Delivered,15,11,False,1719.0,5
4876,42155,13,154,2026-06-25 20:19:00,2026-06-25 20:23:00,2026-06-25 20:38:00,COD,Cancelled,15,19,True,821.0,5
4877,42230,4,157,2026-06-28 13:58:00,2026-06-28 14:02:00,2026-06-28 14:11:00,UPI,Delivered,15,13,False,1578.0,6
4878,45800,9,96,2026-06-21 20:55:00,2026-06-21 20:59:00,2026-06-21 21:09:00,Wallet,Delivered,15,14,False,256.0,1
4879,31658,16,179,2026-06-12 21:07:00,2026-06-12 21:10:00,2026-06-12 21:23:00,UPI,Delivered,15,16,True,2156.0,8
4880,31095,8,152,2026-06-27 21:09:00,2026-06-27 21:13:00,2026-06-27 21:23:00,UPI,Delivered,15,14,False,3034.0,11
4881,36397,9,144,2026-06-07 19:52:00,2026-06-07 19:57:00,2026-06-07 20:12:00,UPI,Delivered,15,20,True,690.0,2
4882,47133,7,38,2026-06-26 12:55:00,2026-06-26 12:57:00,2026-06-26 13:18:00,UPI,Delivered,15,23,True,1188.0,3
4883,17172,9,96,2026-06-03 21:34:00,2026-06-03 21:36:00,2026-06-03 21:48:00,COD,Delivered,15,14,False,260.0,1
4884,35314,7,74,2026-06-26 20:37:00,2026-06-26 20:42:00,2026-06-26 20:54:00,UPI,Delivered,15,17,True,704.0,7
4885,17464,7,162,2026-06-15 21:34:00,2026-06-15 21:37:00,2026-06-15 21:45:00,UPI,Delivered,15,11,False,31.0,1
4886,14828,14,197,2026-06-26 19:58:00,2026-06-26 20:02:00,2026-06-26 20:11:00,COD,Delivered,15,13,False,1851.0,8
4887,22025,17,3,2026-06-16 13:26:00,2026-06-16 13:29:00,2026-06-16 13:39:00,UPI,Delivered,15,13,False,176.0,1
4888,38439,3,142,2026-06-20 14:36:00,2026-06-20 14:39:00,2026-06-20 14:48:00,Card,Delivered,15,12,False,1230.0,6
4889,11498,13,61,2026-06-01 19:03:00,2026-06-01 19:06:00,2026-06-01 19:23:00,UPI,Delivered,15,20,True,1519.0,5
4890,18406,16,179,2026-06-10 20:57:00,2026-06-10 21:00:00,2026-06-10 21:16:00,Card,Delivered,15,19,True,1174.0,5
4891,18660,14,68,2026-06-19 20:49:00,2026-06-19 20:54:00,2026-06-19 21:03:00,Card,Delivered,15,14,False,896.0,2
4892,27377,10,173,2026-06-18 19:07:00,2026-06-18 19:12:00,2026-06-18 19:21:00,UPI,Delivered,15,14,False,1414.0,4
4893,29549,2,20,2026-06-03 19:54:00,2026-06-03 19:56:00,2026-06-03 20:14:00,COD,Delivered,15,20,True,1205.0,5
4894,28860,6,60,2026-06-13 19:00:00,2026-06-13 19:04:00,2026-06-13 19:21:00,UPI,Delivered,15,21,True,2869.0,9
4895,21253,19,97,2026-06-25 10:05:00,2026-06-25 10:07:00,2026-06-25 10:20:00,UPI,Delivered,15,15,False,3250.0,11
4896,33368,6,40,2026-06-13 19:52:00,2026-06-13 19:55:00,2026-06-13 20:10:00,UPI,Delivered,15,18,True,190.0,1
4897,15408,7,38,2026-06-17 22:51:00,2026-06-17 22:53:00,2026-06-17 23:04:00,COD,Delivered,15,13,False,705.0,3
4898,42879,20,11,2026-06-27 12:46:00,2026-06-27 12:50:00,2026-06-27 13:01:00,UPI,Delivered,15,15,False,981.0,8
4899,39659,1,81,2026-06-29 12:52:00,2026-06-29 12:57:00,2026-06-29 13:04:00,UPI,Delivered,15,12,False,1140.0,6
4900,36700,4,70,2026-06-13 11:44:00,2026-06-13 11:46:00,2026-06-13 12:01:00,UPI,Delivered,15,17,True,2145.0,6
4901,49494,11,103,2026-06-10 19:29:00,2026-06-10 19:34:00,2026-06-10 19:56:00,UPI,Delivered,15,27,True,2859.0,11
4902,23197,10,32,2026-06-28 20:01:00,2026-06-28 20:06:00,2026-06-28 20:24:00,COD,Delivered,15,23,True,2328.0,8
4903,25199,20,119,2026-06-30 18:14:00,2026-06-30 18:16:00,2026-06-30 18:28:00,UPI,Delivered,15,14,False,810.0,2
4904,14627,7,74,2026-06-26 18:53:00,2026-06-26 18:58:00,2026-06-26 19:05:00,COD,Delivered,15,12,False,362.0,1
4905,48949,7,101,2026-06-19 20:20:00,2026-06-19 20:24:00,2026-06-19 20:36:00,Card,Delivered,15,16,True,832.0,2
4906,17427,13,166,2026-06-29 19:05:00,2026-06-29 19:08:00,2026-06-29 19:28:00,UPI,Delivered,15,23,True,936.0,7
4907,25474,20,55,2026-06-14 12:47:00,2026-06-14 12:49:00,2026-06-14 12:56:00,UPI,Delivered,15,9,False,3267.0,10
4908,34950,10,145,2026-06-14 09:38:00,2026-06-14 09:41:00,2026-06-14 09:51:00,UPI,Delivered,15,13,False,503.0,2
4909,35434,1,81,2026-06-18 21:04:00,2026-06-18 21:08:00,2026-06-18 21:18:00,Card,Delivered,15,14,False,534.0,2
4910,48576,11,43,2026-06-23 15:06:00,2026-06-23 15:10:00,2026-06-23 15:23:00,UPI,Delivered,15,17,True,600.0,5
4911,14099,2,189,2026-06-19 17:07:00,2026-06-19 17:11:00,2026-06-19 17:21:00,UPI,Delivered,15,14,False,1546.0,7
4912,22261,11,25,2026-06-16 14:46:00,2026-06-16 14:49:00,2026-06-16 14:55:00,Card,Delivered,15,9,False,1344.0,3
4913,34792,6,71,2026-06-28 21:03:00,2026-06-28 21:06:00,2026-06-28 21:15:00,COD,Delivered,15,12,False,830.0,2
4914,22379,17,106,2026-06-06 20:21:00,2026-06-06 20:24:00,2026-06-06 20:41:00,Card,Delivered,15,20,True,84.0,2
4915,46713,9,96,2026-06-27 19:41:00,2026-06-27 19:45:00,2026-06-27 20:05:00,UPI,Delivered,15,24,True,406.0,3
4916,40673,3,142,2026-06-13 20:34:00,2026-06-13 20:39:00,2026-06-13 20:54:00,Card,Delivered,15,20,True,892.0,2
4917,21174,18,168,2026-06-16 18:49:00,2026-06-16 18:52:00,2026-06-16 19:04:00,UPI,Delivered,15,15,False,1560.0,8
4918,23861,7,75,2026-06-10 18:10:00,2026-06-10 18:14:00,2026-06-10 18:22:00,UPI,Cancelled,15,12,False,1573.0,7
4919,46383,17,134,2026-06-09 12:14:00,2026-06-09 12:16:00,2026-06-09 12:31:00,UPI,Delivered,15,17,True,731.0,5
4920,15248,4,167,2026-06-22 13:25:00,2026-06-22 13:29:00,2026-06-22 13:37:00,UPI,Delivered,15,12,False,1320.0,8
4921,24375,11,25,2026-06-14 19:34:00,2026-06-14 19:37:00,2026-06-14 19:51:00,UPI,Delivered,15,17,True,2368.0,10
4922,23364,4,63,2026-06-20 20:39:00,2026-06-20 20:42:00,2026-06-20 20:58:00,UPI,Delivered,15,19,True,2383.0,8
4923,16749,9,144,2026-06-30 13:19:00,2026-06-30 13:22:00,2026-06-30 13:39:00,UPI,Delivered,15,20,True,1047.0,5
4924,25745,7,162,2026-06-11 21:35:00,2026-06-11 21:39:00,2026-06-11 21:49:00,COD,Delivered,15,14,False,1657.0,9
4925,16409,18,172,2026-06-01 20:38:00,2026-06-01 20:42:00,2026-06-01 20:59:00,UPI,Cancelled,15,21,True,3213.0,10
4926,32938,20,5,2026-06-11 10:49:00,2026-06-11 10:54:00,2026-06-11 11:04:00,UPI,Delivered,15,15,False,2932.0,8
4927,30754,5,193,2026-06-09 13:48:00,2026-06-09 13:53:00,2026-06-09 14:02:00,UPI,Delivered,15,14,False,1035.0,4
4928,43169,16,171,2026-06-04 12:55:00,2026-06-04 12:59:00,2026-06-04 13:08:00,UPI,Delivered,15,13,False,2931.0,13
4929,28357,15,21,2026-06-10 09:24:00,2026-06-10 09:27:00,2026-06-10 09:37:00,Wallet,Delivered,15,13,False,1859.0,10
4930,41488,14,68,2026-06-20 12:33:00,2026-06-20 12:35:00,2026-06-20 12:53:00,UPI,Cancelled,15,20,True,199.0,1
4931,26797,13,161,2026-06-01 20:15:00,2026-06-01 20:19:00,2026-06-01 20:37:00,UPI,Delivered,15,22,True,2201.0,8
4932,10872,2,99,2026-06-08 13:06:00,2026-06-08 13:10:00,2026-06-08 13:26:00,Wallet,Cancelled,15,20,True,1983.0,7
4933,36312,7,38,2026-06-06 21:17:00,2026-06-06 21:22:00,2026-06-06 21:31:00,UPI,Delivered,15,14,False,1805.0,8
4934,48409,5,153,2026-06-15 22:04:00,2026-06-15 22:06:00,2026-06-15 22:20:00,Card,Delivered,15,16,True,1981.0,9
4935,13070,7,74,2026-06-13 19:08:00,2026-06-13 19:13:00,2026-06-13 19:33:00,COD,Cancelled,15,25,True,1439.0,6
4936,27478,6,44,2026-06-30 13:16:00,2026-06-30 13:19:00,2026-06-30 13:31:00,UPI,Delivered,15,15,False,499.0,4
4937,45568,14,68,2026-06-09 19:36:00,2026-06-09 19:39:00,2026-06-09 19:56:00,UPI,Delivered,15,20,True,1669.0,4
4938,39233,15,187,2026-06-21 14:02:00,2026-06-21 14:07:00,2026-06-21 14:15:00,Card,Delivered,15,13,False,295.0,2
4939,32358,12,194,2026-06-12 11:36:00,2026-06-12 11:39:00,2026-06-12 11:49:00,Card,Delivered,15,13,False,1133.0,8
4940,36993,1,121,2026-06-24 12:12:00,2026-06-24 12:16:00,2026-06-24 12:25:00,UPI,Delivered,15,13,False,380.0,1
4941,36099,19,48,2026-06-27 21:39:00,2026-06-27 21:44:00,2026-06-27 21:54:00,Wallet,Delivered,15,15,False,870.0,4
4942,43367,19,185,2026-06-14 20:02:00,2026-06-14 20:05:00,2026-06-14 20:23:00,Card,Delivered,15,21,True,256.0,2
4943,48876,14,132,2026-06-30 18:16:00,2026-06-30 18:18:00,2026-06-30 18:27:00,UPI,Delivered,15,11,False,902.0,6
4944,49055,13,154,2026-06-12 20:39:00,2026-06-12 20:44:00,2026-06-12 21:01:00,Wallet,Delivered,15,22,True,1335.0,3
4945,31558,2,66,2026-06-27 19:48:00,2026-06-27 19:52:00,2026-06-27 20:06:00,Card,Delivered,15,18,True,2417.0,11
4946,19794,9,198,2026-06-02 20:58:00,2026-06-02 21:01:00,2026-06-02 21:14:00,Card,Delivered,15,16,True,1311.0,4
4947,22848,8,29,2026-06-23 13:54:00,2026-06-23 13:56:00,2026-06-23 14:09:00,COD,Delivered,15,15,False,615.0,3
4948,47657,3,159,2026-06-23 21:16:00,2026-06-23 21:18:00,2026-06-23 21:27:00,UPI,Delivered,15,11,False,838.0,8
4949,22836,10,122,2026-06-20 18:47:00,2026-06-20 18:49:00,2026-06-20 19:00:00,UPI,Delivered,15,13,False,1734.0,6
4950,43985,9,198,2026-06-16 18:19:00,2026-06-16 18:24:00,2026-06-16 18:31:00,Wallet,Delivered,15,12,False,615.0,2
4951,17864,11,184,2026-06-16 12:41:00,2026-06-16 12:44:00,2026-06-16 12:57:00,Wallet,Delivered,15,16,True,1089.0,5
4952,13900,13,174,2026-06-23 18:42:00,2026-06-23 18:46:00,2026-06-23 18:59:00,Wallet,Cancelled,15,17,True,107.0,1
4953,38857,3,159,2026-06-27 13:44:00,2026-06-27 13:46:00,2026-06-27 14:06:00,UPI,Delivered,15,22,True,1277.0,5
4954,45892,10,102,2026-06-26 19:50:00,2026-06-26 19:54:00,2026-06-26 20:06:00,Card,Delivered,15,16,True,1246.0,7
4955,27482,5,193,2026-06-11 15:11:00,2026-06-11 15:16:00,2026-06-11 15:27:00,COD,Delivered,15,16,True,2060.0,9
4956,14809,4,157,2026-06-13 09:50:00,2026-06-13 09:52:00,2026-06-13 10:02:00,Card,Delivered,15,12,False,2107.0,12
4957,46482,4,175,2026-06-16 19:28:00,2026-06-16 19:32:00,2026-06-16 19:42:00,Card,Delivered,15,14,False,280.0,3
4958,23557,14,131,2026-06-16 20:27:00,2026-06-16 20:29:00,2026-06-16 20:46:00,UPI,Delivered,15,19,True,2329.0,9
4959,48718,3,142,2026-06-09 11:15:00,2026-06-09 11:18:00,2026-06-09 11:30:00,UPI,Delivered,15,15,False,778.0,2
4960,34192,5,76,2026-06-04 12:08:00,2026-06-04 12:12:00,2026-06-04 12:24:00,UPI,Cancelled,15,16,True,497.0,3
4961,38554,11,64,2026-06-04 11:39:00,2026-06-04 11:41:00,2026-06-04 11:54:00,Wallet,Delivered,15,15,False,2893.0,10
4962,15792,9,198,2026-06-27 11:04:00,2026-06-27 11:07:00,2026-06-27 11:18:00,UPI,Delivered,15,14,False,252.0,1
4963,23810,7,101,2026-06-07 19:32:00,2026-06-07 19:37:00,2026-06-07 19:53:00,UPI,Delivered,15,21,True,350.0,2
4964,40898,20,55,2026-06-15 14:14:00,2026-06-15 14:17:00,2026-06-15 14:25:00,COD,Delivered,15,11,False,1638.0,5
4965,41456,4,63,2026-06-07 20:01:00,2026-06-07 20:03:00,2026-06-07 20:24:00,UPI,Delivered,15,23,True,2197.0,7
4966,22035,3,186,2026-06-24 20:58:00,2026-06-24 21:00:00,2026-06-24 21:24:00,Card,Delivered,15,26,True,2623.0,8
4967,49059,18,192,2026-06-19 20:41:00,2026-06-19 20:43:00,2026-06-19 21:02:00,Wallet,Delivered,15,21,True,1204.0,4
4968,32790,4,10,2026-06-04 09:45:00,2026-06-04 09:49:00,2026-06-04 10:00:00,UPI,Delivered,15,15,False,1652.0,8
4969,25980,17,106,2026-06-23 11:09:00,2026-06-23 11:12:00,2026-06-23 11:23:00,Card,Delivered,15,14,False,513.0,4
4970,46329,5,76,2026-06-10 18:33:00,2026-06-10 18:36:00,2026-06-10 18:46:00,Card,Delivered,15,13,False,2194.0,6
4971,43149,19,160,2026-06-07 20:16:00,2026-06-07 20:21:00,2026-06-07 20:35:00,Wallet,Delivered,15,19,True,1913.0,9
4972,46830,7,83,2026-06-18 08:02:00,2026-06-18 08:06:00,2026-06-18 08:16:00,Wallet,Delivered,15,14,False,2295.0,10
4973,43359,14,131,2026-06-10 14:04:00,2026-06-10 14:09:00,2026-06-10 14:15:00,COD,Returned,15,11,False,1890.0,8
4974,44113,19,113,2026-06-25 18:35:00,2026-06-25 18:39:00,2026-06-25 18:49:00,Wallet,Delivered,15,14,False,3290.0,11
4975,43281,15,156,2026-06-01 19:46:00,2026-06-01 19:49:00,2026-06-01 20:08:00,Wallet,Delivered,15,22,True,2340.0,8
4976,40762,12,39,2026-06-21 13:53:00,2026-06-21 13:56:00,2026-06-21 14:10:00,UPI,Delivered,15,17,True,1376.0,10
4977,29583,10,145,2026-06-20 20:40:00,2026-06-20 20:43:00,2026-06-20 21:03:00,Card,Delivered,15,23,True,1658.0,6
4978,46177,12,18,2026-06-02 14:49:00,2026-06-02 14:53:00,2026-06-02 15:04:00,COD,Delivered,15,15,False,1019.0,5
4979,16892,2,188,2026-06-18 20:10:00,2026-06-18 20:13:00,2026-06-18 20:26:00,UPI,Returned,15,16,True,1395.0,7
4980,21134,19,185,2026-06-28 18:21:00,2026-06-28 18:25:00,2026-06-28 18:33:00,UPI,Delivered,15,12,False,633.0,5
4981,27106,8,29,2026-06-29 20:22:00,2026-06-29 20:25:00,2026-06-29 20:37:00,Wallet,Delivered,15,15,False,992.0,8
4982,15313,9,164,2026-06-18 15:20:00,2026-06-18 15:25:00,2026-06-18 15:32:00,UPI,Delivered,15,12,False,1129.0,4
4983,31036,17,147,2026-06-03 10:30:00,2026-06-03 10:32:00,2026-06-03 10:43:00,UPI,Delivered,15,13,False,1348.0,8
4984,12546,15,187,2026-06-17 13:48:00,2026-06-17 13:53:00,2026-06-17 14:09:00,COD,Delivered,15,21,True,2942.0,10
4985,31398,9,96,2026-06-27 14:41:00,2026-06-27 14:43:00,2026-06-27 14:51:00,Wallet,Delivered,15,10,False,1740.0,10
4986,48919,8,152,2026-06-23 18:32:00,2026-06-23 18:37:00,2026-06-23 18:42:00,Card,Delivered,15,10,False,3377.0,11
4987,11892,5,76,2026-06-17 21:30:00,2026-06-17 21:33:00,2026-06-17 21:45:00,UPI,Delivered,15,15,False,3128.0,12
4988,27063,17,59,2026-06-04 13:11:00,2026-06-04 13:15:00,2026-06-04 13:27:00,UPI,Returned,15,16,True,392.0,2
4989,33311,20,5,2026-06-15 13:31:00,2026-06-15 13:33:00,2026-06-15 13:48:00,Wallet,Delivered,15,17,True,1842.0,5
4990,41351,3,87,2026-06-18 14:12:00,2026-06-18 14:15:00,2026-06-18 14:24:00,UPI,Cancelled,15,12,False,771.0,3
4991,16113,20,58,2026-06-20 14:50:00,2026-06-20 14:54:00,2026-06-20 15:05:00,COD,Delivered,15,15,False,230.0,1
4992,30417,4,125,2026-06-10 19:40:00,2026-06-10 19:45:00,2026-06-10 20:04:00,UPI,Delivered,15,24,True,1068.0,9
4993,29920,4,70,2026-06-30 21:41:00,2026-06-30 21:43:00,2026-06-30 21:53:00,UPI,Delivered,15,12,False,699.0,4
4994,42621,3,186,2026-06-08 14:38:00,2026-06-08 14:43:00,2026-06-08 14:51:00,UPI,Delivered,15,13,False,85.0,1
4995,19331,13,166,2026-06-17 12:55:00,2026-06-17 12:58:00,2026-06-17 13:17:00,Wallet,Delivered,15,22,True,1040.0,5
4996,48196,4,125,2026-06-24 21:49:00,2026-06-24 21:51:00,2026-06-24 22:01:00,Card,Delivered,15,12,False,936.0,4
4997,13944,15,156,2026-06-18 21:53:00,2026-06-18 21:58:00,2026-06-18 22:07:00,UPI,Delivered,15,14,False,542.0,5
4998,49014,11,9,2026-06-01 11:44:00,2026-06-01 11:47:00,2026-06-01 11:53:00,UPI,Delivered,15,9,False,3030.0,11
4999,31225,16,199,2026-06-28 22:31:00,2026-06-28 22:33:00,2026-06-28 22:42:00,UPI,Delivered,15,11,False,1178.0,6
5000,21266,15,21,2026-06-08 13:53:00,2026-06-08 13:56:00,2026-06-08 14:07:00,Card,Delivered,15,14,False,1845.0,10
